Feature,Importance
num__DEP_DELAY,0.30629802
cat__OP_UNIQUE_CARRIER_WN,0.016469484
cat__ROUTE_11298_10372,0.007252463
cat__ROUTE_12478_14771,0.0052064075
cat__OP_UNIQUE_CARRIER_ZW,0.004836302
cat__OP_UNIQUE_CARRIER_B6,0.0044470537
cat__ROUTE_10257_13930,0.0042453394
cat__ROUTE_12478_12892,0.0042334995
cat__ROUTE_11292_14107,0.0038138053
cat__ROUTE_11986_13930,0.003806419
cat__ROUTE_12892_11697,0.0036136655
cat__OP_UNIQUE_CARRIER_YX,0.0035769932
cat__OP_UNIQUE_CARRIER_HA,0.0035729872
cat__OP_UNIQUE_CARRIER_PT,0.0035649533
cat__ROUTE_13930_12266,0.0035463972
cat__ROUTE_14107_11618,0.003522085
cat__ROUTE_14122_13204,0.0035162696
cat__ROUTE_11618_13930,0.0034528407
cat__ROUTE_13930_10372,0.0032139658
cat__ROUTE_11433_13303,0.0032016446
cat__ROUTE_11066_13930,0.0031641345
cat__ROUTE_10713_14747,0.003101868
cat__ROUTE_12953_14635,0.0030819785
cat__OP_UNIQUE_CARRIER_F9,0.0030738034
cat__ROUTE_11193_13930,0.0030498784
num__MONTH,0.0030371128
cat__ROUTE_12892_10372,0.003003636
cat__ROUTE_12953_12266,0.0029896507
cat__ROUTE_15096_13930,0.0029893024
cat__ROUTE_12889_14679,0.0029166671
cat__ROUTE_13303_11503,0.0028883906
cat__ROUTE_11618_14843,0.0028882476
cat__ROUTE_14869_14747,0.0028806461
cat__ROUTE_13930_11278,0.0028636232
cat__ROUTE_11278_10693,0.0028568194
cat__ROUTE_14492_11278,0.0028446768
cat__ROUTE_10423_14679,0.0028059944
cat__ROUTE_10620_11292,0.0028025939
num__DAY_OF_MONTH,0.002792461
cat__ROUTE_14122_11057,0.0027684413
cat__ROUTE_14570_12892,0.0027613568
cat__OP_UNIQUE_CARRIER_OH,0.0026718187
cat__ROUTE_11697_12478,0.0026483461
cat__ROUTE_12478_14843,0.0026020035
cat__ROUTE_14303_14747,0.0025961802
cat__ROUTE_14100_15304,0.0025860944
cat__ROUTE_14576_13930,0.0025846378
cat__ROUTE_14843_14100,0.0025834155
cat__ROUTE_14747_12173,0.0025591266
cat__ROUTE_14122_11298,0.0025524984
cat__ROUTE_10397_13204,0.0025270516
cat__OP_UNIQUE_CARRIER_DL,0.0024861952
cat__ROUTE_11057_11618,0.002484141
cat__ROUTE_13930_10408,0.0024835006
cat__ROUTE_11638_14679,0.0024615736
cat__ROUTE_14492_11618,0.0024540506
cat__ROUTE_11618_11057,0.002448504
cat__ROUTE_14730_11057,0.0024459593
cat__ROUTE_14100_11298,0.0024389806
cat__ROUTE_12953_14027,0.0024300297
cat__ROUTE_14100_10693,0.0024261298
cat__ROUTE_12953_11996,0.0024099723
cat__ROUTE_14679_12478,0.0023864212
cat__ROUTE_10257_13204,0.002366664
cat__ROUTE_10397_11278,0.002348501
cat__ROUTE_12953_11697,0.002338719
cat__ROUTE_14986_13930,0.0023280259
cat__ROUTE_11618_12264,0.0023088772
cat__ROUTE_10693_11057,0.0022916931
cat__ROUTE_13303_12339,0.0022907204
cat__ROUTE_11618_13303,0.0022896347
cat__ROUTE_14679_10397,0.0022792218
cat__ROUTE_12217_13930,0.0022791976
num__ORIGIN_AIRPORT_ID,0.0022767475
cat__ROUTE_13930_15096,0.0022746713
cat__ROUTE_11042_14100,0.0022600542
cat__ROUTE_12892_12889,0.0022486912
cat__ROUTE_11057_11278,0.002246889
cat__ROUTE_11433_12264,0.002243118
cat__ROUTE_10721_14843,0.0022364263
cat__ROUTE_14100_14635,0.0022325173
cat__ROUTE_14524_12953,0.0022306705
cat__ROUTE_14730_12953,0.00222555
cat__ROUTE_14100_14843,0.0022117803
num__DISTANCE,0.0022115756
cat__ROUTE_14679_12889,0.002201374
cat__ROUTE_12266_13204,0.0021910407
cat__ROUTE_10397_11298,0.0021862737
cat__ROUTE_13485_13930,0.0021622712
cat__ROUTE_12892_14893,0.00216169
cat__ROUTE_14747_14679,0.0021595526
cat__ROUTE_12173_14679,0.0021585058
cat__ROUTE_11057_12266,0.0021561221
cat__ROUTE_13871_11292,0.0021482452
cat__ROUTE_12094_11292,0.0021375704
cat__ROUTE_11066_14100,0.0021343348
cat__ROUTE_11503_11298,0.0021342617
cat__ROUTE_13303_12266,0.0021329215
cat__ROUTE_12478_12173,0.0021303254
cat__ROUTE_15016_12266,0.0021302816
cat__ROUTE_10721_13303,0.0021302628
cat__OP_UNIQUE_CARRIER_MQ,0.0021220688
cat__ROUTE_14107_14747,0.0021206215
cat__ROUTE_11057_11298,0.002115278
cat__ROUTE_10397_14027,0.0021125537
cat__ROUTE_12339_11298,0.002111075
num__DAY_OF_WEEK,0.0021082673
cat__ROUTE_13198_11292,0.0021026132
cat__ROUTE_13204_11433,0.0020964444
cat__ROUTE_14570_14771,0.002091728
cat__ROUTE_12278_11292,0.002085622
cat__ROUTE_11298_14314,0.0020742905
cat__ROUTE_11823_13930,0.0020727697
cat__ROUTE_15380_11433,0.0020700546
cat__ROUTE_12892_14771,0.0020593486
cat__OP_UNIQUE_CARRIER_AA,0.0020583272
cat__ROUTE_11433_11298,0.002055663
cat__ROUTE_12953_10721,0.00204469
cat__ROUTE_10397_11618,0.0020315237
cat__ROUTE_11618_10397,0.0020303712
cat__ROUTE_14869_11292,0.0020233472
cat__ROUTE_12953_12323,0.00201753
cat__ROUTE_13930_14576,0.0020017303
cat__OP_UNIQUE_CARRIER_QX,0.001999099
cat__ROUTE_14679_10423,0.001987757
cat__ROUTE_12953_13930,0.0019783028
cat__ROUTE_13487_14679,0.0019776293
cat__ROUTE_11433_13930,0.0019634939
cat__ROUTE_12953_14986,0.0019589704
cat__ROUTE_10721_13204,0.0019583085
num__DEST_AIRPORT_ID,0.001952188
cat__ROUTE_14843_13204,0.0019380698
cat__ROUTE_14869_11298,0.001938059
cat__ROUTE_10721_11697,0.0019343945
cat__ROUTE_10721_12889,0.0019212335
cat__ROUTE_11298_11503,0.0019208671
cat__ROUTE_10257_11278,0.0019125731
cat__ROUTE_12953_11298,0.001912399
cat__ROUTE_11433_13232,0.001900999
cat__OP_UNIQUE_CARRIER_C5,0.0018997224
cat__ROUTE_13931_11278,0.0018996161
cat__ROUTE_11624_10397,0.0018950284
cat__ROUTE_11433_10821,0.0018829653
cat__ROUTE_12953_10693,0.0018806085
cat__ROUTE_11298_14100,0.0018774779
cat__ROUTE_11292_13930,0.0018707105
cat__ROUTE_11986_11298,0.0018571748
cat__ROUTE_14122_11278,0.0018493691
cat__ROUTE_14747_10299,0.0018469592
cat__ROUTE_10140_14107,0.0018415436
cat__ROUTE_13487_13303,0.0018348711
cat__ROUTE_12892_12478,0.0018301584
cat__OP_UNIQUE_CARRIER_AS,0.0018249147
cat__ROUTE_11433_14771,0.0018239956
cat__ROUTE_10721_12266,0.001822263
cat__ROUTE_12266_12892,0.0018218431
cat__ROUTE_14843_11618,0.0018202718
cat__ROUTE_10397_13303,0.001818412
cat__ROUTE_14107_14057,0.0018157874
cat__ROUTE_11618_10423,0.001811427
cat__ROUTE_11433_14576,0.001804309
cat__ROUTE_12339_12266,0.0017989911
cat__ROUTE_11823_11298,0.0017981504
cat__ROUTE_13930_13487,0.0017931676
cat__ROUTE_14100_14679,0.001790508
cat__OP_UNIQUE_CARRIER_NK,0.0017895814
cat__ROUTE_12266_10372,0.0017887458
cat__ROUTE_14747_14771,0.0017829635
cat__ROUTE_12339_13303,0.0017789048
cat__ROUTE_10721_14027,0.0017779458
cat__ROUTE_11057_12451,0.0017723421
cat__ROUTE_10721_11278,0.0017651615
cat__ROUTE_14869_12889,0.001762917
cat__ROUTE_11298_10397,0.0017600433
cat__ROUTE_11292_14057,0.0017585828
cat__ROUTE_11278_15304,0.0017585028
cat__ROUTE_12892_13796,0.00175047
cat__ROUTE_12889_11638,0.0017471907
cat__ROUTE_12892_11292,0.0017462816
cat__ROUTE_11042_15304,0.0017449907
cat__ROUTE_13232_13198,0.0017434891
cat__ROUTE_11057_10693,0.0017429795
cat__ROUTE_12173_12758,0.0017330521
cat__ROUTE_11193_15304,0.0017328667
cat__ROUTE_10408_13930,0.0017322948
cat__ROUTE_14771_13487,0.0017282333
cat__ROUTE_11433_14747,0.0017279622
cat__ROUTE_10980_13930,0.0017217242
cat__ROUTE_10721_15304,0.0017196464
cat__ROUTE_10693_11278,0.001719296
cat__ROUTE_14307_13204,0.0017182606
cat__ROUTE_10397_11433,0.0017172009
cat__ROUTE_11433_11193,0.0017047165
cat__ROUTE_11433_10792,0.0016953842
cat__ROUTE_11057_12953,0.0016918614
cat__ROUTE_12892_12173,0.0016911726
cat__ROUTE_11292_10849,0.0016881529
cat__ROUTE_13931_11057,0.001674962
cat__ROUTE_12478_13487,0.0016743564
cat__ROUTE_11977_13930,0.0016741416
cat__ROUTE_12953_13495,0.0016668433
cat__ROUTE_15016_11259,0.0016656484
cat__ROUTE_11298_13198,0.0016638949
cat__ROUTE_13930_14783,0.0016523317
num__CRS_DEP_TIME,0.0016502327
cat__ROUTE_14831_14747,0.001645683
cat__ROUTE_11278_13198,0.0016452719
cat__ROUTE_14685_11057,0.0016424477
cat__ROUTE_11278_13342,0.0016396374
cat__ROUTE_12339_10397,0.0016391182
cat__ROUTE_15096_13204,0.0016363683
cat__ROUTE_12892_14570,0.001635226
cat__ROUTE_11298_11540,0.0016325155
cat__ROUTE_10397_14057,0.0016316241
cat__OP_UNIQUE_CARRIER_9E,0.0016312654
cat__ROUTE_14679_14107,0.0016305796
cat__ROUTE_14869_12892,0.0016282846
cat__ROUTE_14747_13486,0.0016248644
cat__OP_UNIQUE_CARRIER_UA,0.0016240221
cat__ROUTE_13204_12892,0.0016185632
cat__ROUTE_12892_12758,0.0016174356
cat__ROUTE_13486_14747,0.0016149132
cat__ROUTE_10397_14869,0.0016067083
cat__ROUTE_12264_11618,0.0016059818
cat__ROUTE_11697_11618,0.0016051005
cat__ROUTE_12953_10397,0.0016012988
cat__ROUTE_14747_12889,0.001600544
cat__ROUTE_10529_11278,0.0015978332
cat__ROUTE_10599_11057,0.00159745
cat__ROUTE_11278_14321,0.0015965166
cat__ROUTE_14107_12892,0.0015948432
cat__ROUTE_11298_14492,0.0015931566
cat__ROUTE_14771_14869,0.0015930451
cat__ROUTE_14771_12173,0.0015909172
cat__ROUTE_13303_10693,0.0015893135
num__CRS_ARR_TIME,0.0015888215
cat__ROUTE_11697_14747,0.0015812797
cat__ROUTE_13487_11042,0.0015786862
cat__OP_UNIQUE_CARRIER_G4,0.0015761072
cat__ROUTE_13851_11292,0.0015758201
cat__ROUTE_14193_11057,0.0015756896
cat__ROUTE_13487_11057,0.0015745999
cat__ROUTE_11433_11292,0.0015731475
cat__ROUTE_12892_14831,0.0015718078
cat__ROUTE_12264_13204,0.0015701567
cat__ROUTE_14831_14679,0.001570124
cat__ROUTE_14747_13487,0.001565337
cat__ROUTE_11057_13487,0.0015628347
cat__ROUTE_13930_10849,0.0015510841
cat__ROUTE_10397_13232,0.0015507541
cat__ROUTE_12892_14869,0.0015456395
cat__ROUTE_12892_13830,0.0015452105
cat__ROUTE_13931_14100,0.0015433247
cat__ROUTE_12953_12191,0.0015395472
cat__ROUTE_14893_14679,0.0015353588
cat__ROUTE_13204_10397,0.0015323891
cat__ROUTE_12266_15370,0.0015233699
cat__ROUTE_13931_12953,0.0015211154
cat__ROUTE_14771_12892,0.001520592
cat__ROUTE_14747_13830,0.0015205002
cat__ROUTE_15016_13930,0.001519205
cat__ROUTE_10693_12266,0.0015122395
cat__ROUTE_11140_11298,0.0015060803
cat__ROUTE_13487_14747,0.0014995795
cat__ROUTE_13871_11298,0.001495138
cat__OP_UNIQUE_CARRIER_G7,0.001489201
cat__OP_UNIQUE_CARRIER_YV,0.0014861462
cat__ROUTE_12217_12266,0.0014860461
cat__ROUTE_10529_13204,0.0014818469
cat__ROUTE_10208_10397,0.0014811666
cat__ROUTE_11641_11057,0.001477533
cat__ROUTE_10397_10721,0.0014696786
cat__ROUTE_11193_11697,0.0014662311
cat__ROUTE_13487_13232,0.0014620287
cat__ROUTE_11259_12191,0.0014610983
cat__ROUTE_15376_12892,0.0014602387
cat__ROUTE_11057_11252,0.0014584948
cat__ROUTE_10849_11292,0.0014578002
cat__ROUTE_11278_13487,0.0014534119
cat__ROUTE_11292_10713,0.001448256
cat__ROUTE_13495_13204,0.0014374885
cat__ROUTE_11292_15370,0.001433647
cat__ROUTE_13303_14100,0.0014324458
cat__ROUTE_14679_10721,0.0014309584
cat__ROUTE_14869_10397,0.0014291492
cat__ROUTE_10994_12478,0.001425165
cat__ROUTE_11298_13930,0.0014233043
cat__ROUTE_14107_13487,0.0014224784
cat__ROUTE_11823_11057,0.0014221421
cat__ROUTE_11433_10397,0.0014169061
cat__ROUTE_10397_12266,0.0014137961
cat__ROUTE_11298_11278,0.0014127764
cat__ROUTE_14107_13891,0.0014089496
cat__ROUTE_14685_12478,0.0014086528
cat__ROUTE_13204_11298,0.0014054335
cat__ROUTE_12173_14747,0.0014043881
cat__ROUTE_13930_11337,0.0014043052
cat__ROUTE_14893_12892,0.0014037383
cat__OP_UNIQUE_CARRIER_OO,0.0014033391
cat__DISTANCE_BUCKET_very_long,0.0014030951
cat__ROUTE_14893_14057,0.0013955123
cat__ROUTE_13930_15016,0.0013914513
cat__ROUTE_10721_13930,0.0013910538
cat__ROUTE_13204_10821,0.0013892378
cat__ROUTE_14747_14057,0.0013870392
cat__ROUTE_14100_11193,0.0013849249
cat__ROUTE_12892_13303,0.0013778578
cat__ROUTE_11433_12266,0.0013769595
cat__ROUTE_13930_15380,0.0013693266
cat__ROUTE_12173_12402,0.0013641287
cat__ROUTE_12892_14057,0.0013587708
cat__ROUTE_12266_15412,0.0013541954
cat__ROUTE_10372_11292,0.0013458731
cat__ROUTE_14869_11618,0.001344736
cat__ROUTE_11292_14457,0.0013429164
cat__ROUTE_12892_12441,0.0013410787
cat__ROUTE_12478_10423,0.001336371
cat__ROUTE_13930_14027,0.0013296378
cat__ROUTE_14771_12266,0.0013265811
cat__ROUTE_11278_10721,0.0013235431
cat__ROUTE_11697_12953,0.0013220529
cat__ROUTE_11042_12264,0.0013138767
cat__DISTANCE_BUCKET_short,0.0013025054
cat__ROUTE_12889_13796,0.0012824434
cat__ROUTE_13930_11003,0.0012780585
cat__ROUTE_11057_11996,0.0012751997
cat__ROUTE_13303_12889,0.0012740621
cat__ROUTE_12402_12173,0.0012541795
cat__ROUTE_14679_11618,0.0012503816
num__CRS_DEP_COS,0.0012202178
cat__ROUTE_14771_12264,0.0012194098
cat__ROUTE_14492_12478,0.0011929016
cat__DISTANCE_BUCKET_long,0.001192823
cat__ROUTE_14574_11057,0.0011848845
num__CRS_ARR_SIN,0.0011732975
cat__ROUTE_11433_11042,0.0011428384
cat__ROUTE_11292_11122,0.0011174744
cat__ROUTE_13232_12953,0.0011106998
cat__ROUTE_12173_12892,0.0010491511
num__CRS_ARR_COS,0.0010408665
cat__ROUTE_14747_12892,0.0010051624
cat__ROUTE_11433_15304,0.00097606535
cat__ROUTE_13204_14843,0.00096189004
cat__DISTANCE_BUCKET_medium,0.0009042107
cat__ROUTE_11292_10397,0.000851682
cat__ROUTE_11259_13495,0.00083374005
cat__ROUTE_10397_15304,0.0008276509
cat__ROUTE_12892_10397,0.0008025974
cat__ROUTE_11618_11278,0.00067134347
cat__ROUTE_12173_13830,0.0006613958
cat__ROUTE_11292_10140,0.0006375808
cat__ROUTE_14683_11298,0.0006212641
cat__ROUTE_10299_14747,0.00060269143
cat__ROUTE_13204_11259,0.00056658726
cat__ROUTE_14122_13232,0.00046938512
num__IS_WEEKEND,0.00035706337
cat__ROUTE_14683_12191,0.00035033733
cat__ROUTE_12982_12173,0.00024134402
cat__ROUTE_10821_11697,0.00023117418
cat__ROUTE_14321_10821,0.0001574182
cat__ROUTE_12953_13232,0.00011860078
cat__ROUTE_14679_14893,6.6070366e-05
cat__ROUTE_14107_11292,5.9495054e-05
cat__ROUTE_13930_12953,0.0
cat__ROUTE_13930_12945,0.0
cat__ROUTE_13930_12892,0.0
cat__ROUTE_13930_12889,0.0
cat__ROUTE_13930_11076,0.0
cat__ROUTE_13930_11109,0.0
cat__ROUTE_13930_12884,0.0
cat__ROUTE_13930_11111,0.0
cat__ROUTE_13930_12758,0.0
cat__ROUTE_13930_11193,0.0
cat__ROUTE_13930_12559,0.0
cat__ROUTE_13930_11203,0.0
cat__ROUTE_13930_11259,0.0
cat__ROUTE_13930_12511,0.0
cat__ROUTE_13930_12478,0.0
cat__ROUTE_13930_12451,0.0
cat__ROUTE_13930_12441,0.0
cat__ROUTE_13930_11146,0.0
cat__ROUTE_13930_13342,0.0
cat__ROUTE_13930_13303,0.0
cat__ROUTE_13930_10980,0.0
cat__ROUTE_13930_10994,0.0
cat__ROUTE_13930_13290,0.0
cat__ROUTE_13930_13282,0.0
cat__ROUTE_13930_13244,0.0
cat__ROUTE_13930_13230,0.0
cat__ROUTE_13930_11067,0.0
cat__ROUTE_13930_13211,0.0
cat__ROUTE_13930_13204,0.0
cat__ROUTE_13930_13198,0.0
cat__ROUTE_13930_13184,0.0
cat__ROUTE_13930_13076,0.0
cat__ROUTE_13930_11057,0.0
cat__ROUTE_13930_13029,0.0
cat__ROUTE_13930_12992,0.0
cat__ROUTE_13930_11066,0.0
cat__ROUTE_13930_11042,0.0
cat__ROUTE_13930_11977,0.0
cat__ROUTE_13930_11433,0.0
cat__ROUTE_13930_11471,0.0
cat__ROUTE_13930_11884,0.0
cat__ROUTE_13930_11823,0.0
cat__ROUTE_13930_11481,0.0
cat__ROUTE_13930_11503,0.0
cat__ROUTE_13930_11775,0.0
cat__ROUTE_13930_11267,0.0
cat__ROUTE_13930_11721,0.0
cat__ROUTE_13930_11697,0.0
cat__ROUTE_13930_11648,0.0
cat__ROUTE_13930_11540,0.0
cat__ROUTE_13930_11638,0.0
cat__ROUTE_13930_11637,0.0
cat__ROUTE_13930_11624,0.0
cat__ROUTE_13930_11618,0.0
cat__ROUTE_13930_11612,0.0
cat__ROUTE_13930_11725,0.0
cat__ROUTE_10279_11298,0.0
cat__ROUTE_13930_12339,0.0
cat__ROUTE_13930_12278,0.0
cat__ROUTE_10279_11259,0.0
cat__ROUTE_13930_11288,0.0
cat__ROUTE_13930_12264,0.0
cat__ROUTE_13930_11292,0.0
cat__ROUTE_13930_12217,0.0
cat__ROUTE_13930_11986,0.0
cat__ROUTE_13930_11298,0.0
cat__ROUTE_13930_12197,0.0
cat__ROUTE_13930_12173,0.0
cat__ROUTE_10279_11292,0.0
cat__ROUTE_13930_12094,0.0
cat__ROUTE_13930_12012,0.0
cat__ROUTE_13930_11996,0.0
cat__ROUTE_13930_11995,0.0
cat__ROUTE_13930_11423,0.0
cat__ROUTE_13930_12206,0.0
cat__ROUTE_13931_11433,0.0
cat__ROUTE_13931_11298,0.0
cat__ROUTE_13931_11292,0.0
cat__ROUTE_10257_14100,0.0
cat__ROUTE_13931_11259,0.0
cat__ROUTE_10257_14112,0.0
cat__ROUTE_13931_10821,0.0
cat__ROUTE_13931_10693,0.0
cat__ROUTE_13931_10397,0.0
cat__ROUTE_13930_15919,0.0
cat__ROUTE_13930_10990,0.0
cat__ROUTE_13930_15412,0.0
cat__ROUTE_10257_14635,0.0
cat__ROUTE_13930_15376,0.0
cat__ROUTE_13930_15370,0.0
cat__ROUTE_13930_15304,0.0
cat__ROUTE_10257_14761,0.0
cat__ROUTE_13930_15048,0.0
cat__ROUTE_13930_15041,0.0
cat__ROUTE_13930_15024,0.0
cat__ROUTE_10257_14986,0.0
cat__ROUTE_13930_15624,0.0
cat__ROUTE_14004_12892,0.0
cat__ROUTE_14004_12173,0.0
cat__ROUTE_13970_10299,0.0
cat__ROUTE_13964_14771,0.0
cat__ROUTE_13933_14635,0.0
cat__ROUTE_13933_13204,0.0
cat__ROUTE_13933_12953,0.0
cat__ROUTE_13933_12478,0.0
cat__ROUTE_13933_11697,0.0
cat__ROUTE_13931_14761,0.0
cat__ROUTE_13931_11618,0.0
cat__ROUTE_13931_13930,0.0
cat__ROUTE_13931_13487,0.0
cat__ROUTE_13931_13303,0.0
cat__ROUTE_13931_13232,0.0
cat__ROUTE_13931_13204,0.0
cat__ROUTE_10257_14082,0.0
cat__ROUTE_13931_12478,0.0
cat__ROUTE_13931_12451,0.0
cat__ROUTE_13931_12266,0.0
cat__ROUTE_13931_12264,0.0
cat__ROUTE_13931_11697,0.0
cat__ROUTE_10257_13577,0.0
cat__ROUTE_13930_14457,0.0
cat__ROUTE_13930_14321,0.0
cat__ROUTE_13930_14307,0.0
cat__ROUTE_13930_14262,0.0
cat__ROUTE_13930_14193,0.0
cat__ROUTE_13930_14122,0.0
cat__ROUTE_13930_14108,0.0
cat__ROUTE_13930_14107,0.0
cat__ROUTE_13930_14100,0.0
cat__ROUTE_13930_14057,0.0
cat__ROUTE_13930_14986,0.0
cat__ROUTE_13930_13931,0.0
cat__ROUTE_13930_13871,0.0
cat__ROUTE_13930_13851,0.0
cat__ROUTE_13930_13830,0.0
cat__ROUTE_13930_13502,0.0
cat__ROUTE_13930_13495,0.0
cat__ROUTE_10279_10423,0.0
cat__ROUTE_13930_13485,0.0
cat__ROUTE_13930_13459,0.0
cat__ROUTE_13930_13367,0.0
cat__ROUTE_10275_14747,0.0
cat__ROUTE_13930_14952,0.0
cat__ROUTE_13930_14908,0.0
cat__ROUTE_13930_14893,0.0
cat__ROUTE_13930_14877,0.0
cat__ROUTE_13930_14869,0.0
cat__ROUTE_13930_14843,0.0
cat__ROUTE_13930_14831,0.0
cat__ROUTE_10257_15304,0.0
cat__ROUTE_13930_14771,0.0
cat__ROUTE_13930_14747,0.0
cat__ROUTE_13930_14492,0.0
cat__ROUTE_13930_14711,0.0
cat__ROUTE_13930_14696,0.0
cat__ROUTE_13930_14685,0.0
cat__ROUTE_13930_14683,0.0
cat__ROUTE_13930_14679,0.0
cat__ROUTE_13930_14635,0.0
cat__ROUTE_13930_14633,0.0
cat__ROUTE_10268_13930,0.0
cat__ROUTE_13930_14574,0.0
cat__ROUTE_13930_14570,0.0
cat__ROUTE_13930_14524,0.0
cat__ROUTE_13930_14730,0.0
cat__ROUTE_13830_11618,0.0
cat__ROUTE_13830_11298,0.0
cat__ROUTE_13830_11292,0.0
cat__ROUTE_13830_10397,0.0
cat__ROUTE_13830_10299,0.0
cat__ROUTE_13796_15016,0.0
cat__ROUTE_13796_14908,0.0
cat__ROUTE_13796_14869,0.0
cat__ROUTE_13796_14747,0.0
cat__ROUTE_13796_14689,0.0
cat__ROUTE_14004_12889,0.0
cat__ROUTE_13796_14570,0.0
cat__ROUTE_13796_14262,0.0
cat__ROUTE_13796_14107,0.0
cat__ROUTE_13796_14057,0.0
cat__ROUTE_13796_13891,0.0
cat__ROUTE_13796_13830,0.0
cat__ROUTE_13796_13232,0.0
cat__ROUTE_13796_13198,0.0
cat__ROUTE_13796_12982,0.0
cat__ROUTE_13796_12954,0.0
cat__ROUTE_13796_12892,0.0
cat__ROUTE_13796_14679,0.0
cat__ROUTE_10299_10245,0.0
cat__ROUTE_13851_11278,0.0
cat__ROUTE_13851_11057,0.0
cat__ROUTE_13851_10693,0.0
cat__ROUTE_13851_10423,0.0
cat__ROUTE_13851_10397,0.0
cat__ROUTE_13830_14893,0.0
cat__ROUTE_13830_14869,0.0
cat__ROUTE_13830_14831,0.0
cat__ROUTE_13830_14771,0.0
cat__ROUTE_13830_12173,0.0
cat__ROUTE_13830_14679,0.0
cat__ROUTE_13830_14107,0.0
cat__ROUTE_13830_14057,0.0
cat__ROUTE_13830_13930,0.0
cat__ROUTE_13830_13796,0.0
cat__ROUTE_13830_12982,0.0
cat__ROUTE_13830_12954,0.0
cat__ROUTE_13830_12892,0.0
cat__ROUTE_13830_12889,0.0
cat__ROUTE_13830_12758,0.0
cat__ROUTE_13830_12402,0.0
cat__ROUTE_13830_14747,0.0
cat__ROUTE_13577_11697,0.0
cat__ROUTE_13577_11618,0.0
cat__ROUTE_13577_11433,0.0
cat__ROUTE_13577_11298,0.0
cat__ROUTE_13577_11278,0.0
cat__ROUTE_13577_11057,0.0
cat__ROUTE_13577_11042,0.0
cat__ROUTE_13577_10821,0.0
cat__ROUTE_13577_10721,0.0
cat__ROUTE_13577_10693,0.0
cat__ROUTE_13796_12889,0.0
cat__ROUTE_13577_10397,0.0
cat__ROUTE_13577_10257,0.0
cat__ROUTE_13577_10158,0.0
cat__ROUTE_13577_10135,0.0
cat__ROUTE_13502_14771,0.0
cat__ROUTE_13502_13930,0.0
cat__ROUTE_13502_12892,0.0
cat__ROUTE_13502_12266,0.0
cat__ROUTE_13502_11618,0.0
cat__ROUTE_13502_11298,0.0
cat__ROUTE_13502_11259,0.0
cat__ROUTE_13577_10529,0.0
cat__ROUTE_13796_12758,0.0
cat__ROUTE_13796_12191,0.0
cat__ROUTE_13796_12173,0.0
cat__ROUTE_13796_11884,0.0
cat__ROUTE_13796_11603,0.0
cat__ROUTE_13796_11292,0.0
cat__ROUTE_13796_11259,0.0
cat__ROUTE_13796_10821,0.0
cat__ROUTE_13796_10800,0.0
cat__ROUTE_13796_10713,0.0
cat__ROUTE_13577_12953,0.0
cat__ROUTE_13796_10423,0.0
cat__ROUTE_13796_10140,0.0
cat__ROUTE_13795_11057,0.0
cat__ROUTE_13795_10397,0.0
cat__ROUTE_13577_15096,0.0
cat__ROUTE_13577_15070,0.0
cat__ROUTE_13577_15016,0.0
cat__ROUTE_13577_14730,0.0
cat__ROUTE_13577_14100,0.0
cat__ROUTE_13577_13232,0.0
cat__ROUTE_13577_13204,0.0
cat__ROUTE_13796_10666,0.0
cat__ROUTE_13930_10135,0.0
cat__ROUTE_13891_14893,0.0
cat__ROUTE_13891_14869,0.0
cat__ROUTE_13891_14831,0.0
cat__ROUTE_13891_14771,0.0
cat__ROUTE_13891_14747,0.0
cat__ROUTE_13891_14107,0.0
cat__ROUTE_13891_14057,0.0
cat__ROUTE_13891_13796,0.0
cat__ROUTE_13891_13232,0.0
cat__ROUTE_13851_11298,0.0
cat__ROUTE_13891_12266,0.0
cat__ROUTE_13891_12191,0.0
cat__ROUTE_13891_12173,0.0
cat__ROUTE_13891_11298,0.0
cat__ROUTE_13891_11292,0.0
cat__ROUTE_13891_11259,0.0
cat__ROUTE_13891_11057,0.0
cat__ROUTE_13891_10693,0.0
cat__ROUTE_13891_10423,0.0
cat__ROUTE_13891_10397,0.0
cat__ROUTE_13873_10299,0.0
cat__ROUTE_13891_12889,0.0
cat__ROUTE_13930_10874,0.0
cat__ROUTE_13930_10868,0.0
cat__ROUTE_10279_12191,0.0
cat__ROUTE_13930_10821,0.0
cat__ROUTE_13930_10792,0.0
cat__ROUTE_13930_10785,0.0
cat__ROUTE_13930_10721,0.0
cat__ROUTE_13930_10713,0.0
cat__ROUTE_13930_10693,0.0
cat__ROUTE_13930_10685,0.0
cat__ROUTE_13930_10140,0.0
cat__ROUTE_13930_10529,0.0
cat__ROUTE_13930_10469,0.0
cat__ROUTE_13930_10434,0.0
cat__ROUTE_13930_10431,0.0
cat__ROUTE_13930_10423,0.0
cat__ROUTE_10279_12266,0.0
cat__ROUTE_13930_10397,0.0
cat__ROUTE_10279_12889,0.0
cat__ROUTE_13930_10299,0.0
cat__ROUTE_13930_10268,0.0
cat__ROUTE_13930_10257,0.0
cat__ROUTE_13930_10599,0.0
cat__ROUTE_13871_11278,0.0
cat__ROUTE_13871_11259,0.0
cat__ROUTE_13871_11057,0.0
cat__ROUTE_13871_10693,0.0
cat__ROUTE_13871_10466,0.0
cat__ROUTE_13871_10423,0.0
cat__ROUTE_13871_10397,0.0
cat__ROUTE_13851_15016,0.0
cat__ROUTE_13851_14869,0.0
cat__ROUTE_13851_14747,0.0
cat__ROUTE_13871_15304,0.0
cat__ROUTE_13851_14107,0.0
cat__ROUTE_13851_13930,0.0
cat__ROUTE_13851_13487,0.0
cat__ROUTE_13851_13303,0.0
cat__ROUTE_13851_13232,0.0
cat__ROUTE_13851_13204,0.0
cat__ROUTE_13851_12953,0.0
cat__ROUTE_13851_12892,0.0
cat__ROUTE_13851_12889,0.0
cat__ROUTE_13851_12266,0.0
cat__ROUTE_13851_12191,0.0
cat__ROUTE_13851_14683,0.0
cat__ROUTE_13871_15016,0.0
cat__ROUTE_13871_14986,0.0
cat__ROUTE_13871_14869,0.0
cat__ROUTE_13871_14771,0.0
cat__ROUTE_13871_14761,0.0
cat__ROUTE_13871_14747,0.0
cat__ROUTE_13871_14112,0.0
cat__ROUTE_13871_14107,0.0
cat__ROUTE_13871_14082,0.0
cat__ROUTE_13871_13930,0.0
cat__ROUTE_10299_10170,0.0
cat__ROUTE_13871_13303,0.0
cat__ROUTE_13871_13232,0.0
cat__ROUTE_13871_13204,0.0
cat__ROUTE_13871_12953,0.0
cat__ROUTE_13871_12892,0.0
cat__ROUTE_13871_12889,0.0
cat__ROUTE_13871_12266,0.0
cat__ROUTE_13871_12191,0.0
cat__ROUTE_13871_11697,0.0
cat__ROUTE_13871_11433,0.0
cat__ROUTE_10299_10165,0.0
cat__ROUTE_13871_13487,0.0
cat__ROUTE_14107_11041,0.0
cat__ROUTE_14107_11003,0.0
cat__ROUTE_14107_10821,0.0
cat__ROUTE_14107_10800,0.0
cat__ROUTE_14107_10792,0.0
cat__ROUTE_14107_10721,0.0
cat__ROUTE_14107_10713,0.0
cat__ROUTE_14107_10693,0.0
cat__ROUTE_14107_10620,0.0
cat__ROUTE_14107_10599,0.0
cat__ROUTE_13502_11292,0.0
cat__ROUTE_14107_10431,0.0
cat__ROUTE_14107_10423,0.0
cat__ROUTE_14107_10408,0.0
cat__ROUTE_14107_10397,0.0
cat__ROUTE_14107_10372,0.0
cat__ROUTE_14107_10299,0.0
cat__ROUTE_14107_10140,0.0
cat__ROUTE_14100_15919,0.0
cat__ROUTE_14100_15412,0.0
cat__ROUTE_10257_11618,0.0
cat__ROUTE_14107_10561,0.0
cat__ROUTE_14107_11986,0.0
cat__ROUTE_14107_11921,0.0
cat__ROUTE_14107_11884,0.0
cat__ROUTE_14107_11775,0.0
cat__ROUTE_14107_11697,0.0
cat__ROUTE_14107_11695,0.0
cat__ROUTE_14107_11638,0.0
cat__ROUTE_14107_11637,0.0
cat__ROUTE_10257_11433,0.0
cat__ROUTE_14107_11603,0.0
cat__ROUTE_14107_11042,0.0
cat__ROUTE_14107_11503,0.0
cat__ROUTE_14107_11433,0.0
cat__ROUTE_14107_11423,0.0
cat__ROUTE_14107_11413,0.0
cat__ROUTE_14107_11298,0.0
cat__ROUTE_14107_11278,0.0
cat__ROUTE_14107_11259,0.0
cat__ROUTE_14107_11193,0.0
cat__ROUTE_14107_11109,0.0
cat__ROUTE_14107_11066,0.0
cat__ROUTE_14107_11057,0.0
cat__ROUTE_14107_11540,0.0
cat__ROUTE_14100_13930,0.0
cat__ROUTE_14100_13577,0.0
cat__ROUTE_14100_13495,0.0
cat__ROUTE_14100_13487,0.0
cat__ROUTE_14100_13485,0.0
cat__ROUTE_14100_13342,0.0
cat__ROUTE_14100_13303,0.0
cat__ROUTE_14100_13296,0.0
cat__ROUTE_14100_13244,0.0
cat__ROUTE_14100_13232,0.0
cat__ROUTE_14100_15096,0.0
cat__ROUTE_14100_13204,0.0
cat__ROUTE_14100_13198,0.0
cat__ROUTE_14100_12953,0.0
cat__ROUTE_14100_12945,0.0
cat__ROUTE_14100_12892,0.0
cat__ROUTE_14100_12889,0.0
cat__ROUTE_14100_12451,0.0
cat__ROUTE_14100_12339,0.0
cat__ROUTE_14100_12323,0.0
cat__ROUTE_14100_12266,0.0
cat__ROUTE_14100_12264,0.0
cat__ROUTE_14100_13230,0.0
cat__ROUTE_14100_15024,0.0
cat__ROUTE_14100_15016,0.0
cat__ROUTE_14100_14986,0.0
cat__ROUTE_14100_14869,0.0
cat__ROUTE_10257_11697,0.0
cat__ROUTE_14100_14771,0.0
cat__ROUTE_14100_14747,0.0
cat__ROUTE_14100_14730,0.0
cat__ROUTE_14100_14711,0.0
cat__ROUTE_14100_14704,0.0
cat__ROUTE_14100_13931,0.0
cat__ROUTE_10257_12264,0.0
cat__ROUTE_10257_12889,0.0
cat__ROUTE_14100_14576,0.0
cat__ROUTE_14100_14574,0.0
cat__ROUTE_14100_14524,0.0
cat__ROUTE_14100_14492,0.0
cat__ROUTE_14100_14321,0.0
cat__ROUTE_14100_14307,0.0
cat__ROUTE_14100_14122,0.0
cat__ROUTE_14100_14107,0.0
cat__ROUTE_14100_14027,0.0
cat__ROUTE_14100_14685,0.0
cat__ROUTE_14108_10466,0.0
cat__ROUTE_14107_16218,0.0
cat__ROUTE_14107_15919,0.0
cat__ROUTE_14107_15412,0.0
cat__ROUTE_14107_15376,0.0
cat__ROUTE_14107_15370,0.0
cat__ROUTE_14107_15304,0.0
cat__ROUTE_14107_15023,0.0
cat__ROUTE_14107_15016,0.0
cat__ROUTE_14107_14908,0.0
cat__ROUTE_14107_12173,0.0
cat__ROUTE_14107_14869,0.0
cat__ROUTE_14107_14831,0.0
cat__ROUTE_14107_14794,0.0
cat__ROUTE_14107_14771,0.0
cat__ROUTE_10257_10693,0.0
cat__ROUTE_14107_14730,0.0
cat__ROUTE_14107_14716,0.0
cat__ROUTE_14107_14698,0.0
cat__ROUTE_14107_14689,0.0
cat__ROUTE_14107_14683,0.0
cat__ROUTE_14107_14893,0.0
cat__ROUTE_14112_11003,0.0
cat__ROUTE_14112_10874,0.0
cat__ROUTE_14112_10693,0.0
cat__ROUTE_14112_10685,0.0
cat__ROUTE_14112_10676,0.0
cat__ROUTE_14112_10627,0.0
cat__ROUTE_14112_10581,0.0
cat__ROUTE_14112_10431,0.0
cat__ROUTE_14112_10408,0.0
cat__ROUTE_14112_10257,0.0
cat__ROUTE_14108_10693,0.0
cat__ROUTE_14109_12266,0.0
cat__ROUTE_14108_14986,0.0
cat__ROUTE_14108_14761,0.0
cat__ROUTE_14108_14112,0.0
cat__ROUTE_14108_14082,0.0
cat__ROUTE_14108_13930,0.0
cat__ROUTE_14108_12889,0.0
cat__ROUTE_14108_11697,0.0
cat__ROUTE_14108_11298,0.0
cat__ROUTE_14108_11292,0.0
cat__ROUTE_14108_11057,0.0
cat__ROUTE_14112_10135,0.0
cat__ROUTE_14107_13264,0.0
cat__ROUTE_14107_13244,0.0
cat__ROUTE_14107_13232,0.0
cat__ROUTE_14107_13230,0.0
cat__ROUTE_14107_13204,0.0
cat__ROUTE_14107_13198,0.0
cat__ROUTE_14107_13158,0.0
cat__ROUTE_14107_12992,0.0
cat__ROUTE_14107_12982,0.0
cat__ROUTE_14107_12954,0.0
cat__ROUTE_14107_14679,0.0
cat__ROUTE_10257_11298,0.0
cat__ROUTE_14107_12889,0.0
cat__ROUTE_14107_12758,0.0
cat__ROUTE_14107_12478,0.0
cat__ROUTE_14107_12451,0.0
cat__ROUTE_14107_12339,0.0
cat__ROUTE_14107_12280,0.0
cat__ROUTE_14107_12278,0.0
cat__ROUTE_14107_12266,0.0
cat__ROUTE_14107_12264,0.0
cat__ROUTE_14107_12191,0.0
cat__ROUTE_14107_12896,0.0
cat__ROUTE_14107_14674,0.0
cat__ROUTE_14107_14570,0.0
cat__ROUTE_14107_14492,0.0
cat__ROUTE_14107_14489,0.0
cat__ROUTE_14107_14314,0.0
cat__ROUTE_14107_14262,0.0
cat__ROUTE_14107_14252,0.0
cat__ROUTE_14107_14122,0.0
cat__ROUTE_14107_14100,0.0
cat__ROUTE_10257_10821,0.0
cat__ROUTE_14107_13303,0.0
cat__ROUTE_14107_13930,0.0
cat__ROUTE_10257_11057,0.0
cat__ROUTE_14107_13871,0.0
cat__ROUTE_14107_13851,0.0
cat__ROUTE_14107_13830,0.0
cat__ROUTE_14107_13796,0.0
cat__ROUTE_14107_13495,0.0
cat__ROUTE_10257_11292,0.0
cat__ROUTE_14107_13485,0.0
cat__ROUTE_14107_13476,0.0
cat__ROUTE_14107_13342,0.0
cat__ROUTE_14107_14004,0.0
cat__ROUTE_14057_12266,0.0
cat__ROUTE_14057_12264,0.0
cat__ROUTE_14057_12173,0.0
cat__ROUTE_14057_11884,0.0
cat__ROUTE_14057_11697,0.0
cat__ROUTE_14057_11648,0.0
cat__ROUTE_14057_11638,0.0
cat__ROUTE_14057_11618,0.0
cat__ROUTE_14057_11433,0.0
cat__ROUTE_14057_11298,0.0
cat__ROUTE_14100_11996,0.0
cat__ROUTE_14057_11278,0.0
cat__ROUTE_14057_11259,0.0
cat__ROUTE_14057_11057,0.0
cat__ROUTE_14057_10849,0.0
cat__ROUTE_14057_10800,0.0
cat__ROUTE_14057_10721,0.0
cat__ROUTE_14057_10713,0.0
cat__ROUTE_14057_10693,0.0
cat__ROUTE_14057_10620,0.0
cat__ROUTE_14057_10466,0.0
cat__ROUTE_14057_11292,0.0
cat__ROUTE_14057_14570,0.0
cat__ROUTE_14057_14489,0.0
cat__ROUTE_14057_14314,0.0
cat__ROUTE_14057_14262,0.0
cat__ROUTE_14057_14107,0.0
cat__ROUTE_14057_13930,0.0
cat__ROUTE_14057_13891,0.0
cat__ROUTE_14057_13830,0.0
cat__ROUTE_14057_13796,0.0
cat__ROUTE_14057_13495,0.0
cat__ROUTE_14057_12280,0.0
cat__ROUTE_14057_13486,0.0
cat__ROUTE_14057_13303,0.0
cat__ROUTE_14057_13264,0.0
cat__ROUTE_14057_13232,0.0
cat__ROUTE_14057_13204,0.0
cat__ROUTE_14057_13198,0.0
cat__ROUTE_14057_12982,0.0
cat__ROUTE_14057_12892,0.0
cat__ROUTE_14057_12889,0.0
cat__ROUTE_14057_12758,0.0
cat__ROUTE_14057_12478,0.0
cat__ROUTE_14057_13487,0.0
cat__ROUTE_14027_11278,0.0
cat__ROUTE_14027_11193,0.0
cat__ROUTE_14027_11057,0.0
cat__ROUTE_14027_11042,0.0
cat__ROUTE_14027_10821,0.0
cat__ROUTE_14027_10792,0.0
cat__ROUTE_14027_10721,0.0
cat__ROUTE_14027_10693,0.0
cat__ROUTE_14027_10529,0.0
cat__ROUTE_14027_10431,0.0
cat__ROUTE_14057_10423,0.0
cat__ROUTE_14027_10158,0.0
cat__ROUTE_14025_14986,0.0
cat__ROUTE_14025_14761,0.0
cat__ROUTE_14025_14112,0.0
cat__ROUTE_14025_14082,0.0
cat__ROUTE_14025_11697,0.0
cat__ROUTE_14004_14908,0.0
cat__ROUTE_14004_14771,0.0
cat__ROUTE_14004_14679,0.0
cat__ROUTE_14004_14262,0.0
cat__ROUTE_14004_14107,0.0
cat__ROUTE_14027_10397,0.0
cat__ROUTE_14057_10397,0.0
cat__ROUTE_14057_10299,0.0
cat__ROUTE_14057_10140,0.0
cat__ROUTE_14027_15356,0.0
cat__ROUTE_14027_15016,0.0
cat__ROUTE_14027_14307,0.0
cat__ROUTE_14027_14122,0.0
cat__ROUTE_14027_14100,0.0
cat__ROUTE_14027_13930,0.0
cat__ROUTE_14027_13487,0.0
cat__ROUTE_14027_11292,0.0
cat__ROUTE_14027_12892,0.0
cat__ROUTE_14027_12478,0.0
cat__ROUTE_14027_12391,0.0
cat__ROUTE_14027_12339,0.0
cat__ROUTE_14027_12266,0.0
cat__ROUTE_14027_12264,0.0
cat__ROUTE_14027_12197,0.0
cat__ROUTE_14027_11986,0.0
cat__ROUTE_14027_11618,0.0
cat__ROUTE_14027_11433,0.0
cat__ROUTE_14027_11298,0.0
cat__ROUTE_14027_12953,0.0
cat__ROUTE_14100_10431,0.0
cat__ROUTE_14100_10423,0.0
cat__ROUTE_14100_10397,0.0
cat__ROUTE_14100_10361,0.0
cat__ROUTE_14100_10257,0.0
cat__ROUTE_14098_11057,0.0
cat__ROUTE_14092_11057,0.0
cat__ROUTE_14082_15412,0.0
cat__ROUTE_14082_15380,0.0
cat__ROUTE_14082_15295,0.0
cat__ROUTE_14057_14679,0.0
cat__ROUTE_14082_15070,0.0
cat__ROUTE_14082_15008,0.0
cat__ROUTE_14082_14952,0.0
cat__ROUTE_14082_14783,0.0
cat__ROUTE_14082_14730,0.0
cat__ROUTE_14082_14696,0.0
cat__ROUTE_14082_14685,0.0
cat__ROUTE_14082_14576,0.0
cat__ROUTE_14082_14524,0.0
cat__ROUTE_14082_14512,0.0
cat__ROUTE_14082_15096,0.0
cat__ROUTE_14100_11995,0.0
cat__ROUTE_14100_11986,0.0
cat__ROUTE_14100_11697,0.0
cat__ROUTE_14100_11624,0.0
cat__ROUTE_14100_11433,0.0
cat__ROUTE_10257_12953,0.0
cat__ROUTE_14100_11292,0.0
cat__ROUTE_14100_11278,0.0
cat__ROUTE_14100_11267,0.0
cat__ROUTE_14100_11259,0.0
cat__ROUTE_14100_10529,0.0
cat__ROUTE_14100_11066,0.0
cat__ROUTE_14100_11057,0.0
cat__ROUTE_14100_11042,0.0
cat__ROUTE_14100_10994,0.0
cat__ROUTE_14100_10868,0.0
cat__ROUTE_14100_10792,0.0
cat__ROUTE_14100_10785,0.0
cat__ROUTE_14100_10721,0.0
cat__ROUTE_10257_13303,0.0
cat__ROUTE_14100_10599,0.0
cat__ROUTE_14100_10581,0.0
cat__ROUTE_10257_13232,0.0
cat__ROUTE_14082_11193,0.0
cat__ROUTE_14082_11003,0.0
cat__ROUTE_14082_10980,0.0
cat__ROUTE_14082_10874,0.0
cat__ROUTE_14082_10693,0.0
cat__ROUTE_14082_10676,0.0
cat__ROUTE_14082_10581,0.0
cat__ROUTE_14082_10431,0.0
cat__ROUTE_14082_10408,0.0
cat__ROUTE_14082_10257,0.0
cat__ROUTE_14082_14307,0.0
cat__ROUTE_14057_15376,0.0
cat__ROUTE_14057_15304,0.0
cat__ROUTE_14057_15023,0.0
cat__ROUTE_14057_14908,0.0
cat__ROUTE_14057_14893,0.0
cat__ROUTE_14057_14869,0.0
cat__ROUTE_14057_14831,0.0
cat__ROUTE_14057_14771,0.0
cat__ROUTE_14057_14747,0.0
cat__ROUTE_14057_14698,0.0
cat__ROUTE_14057_14689,0.0
cat__ROUTE_14082_10135,0.0
cat__ROUTE_14082_14259,0.0
cat__ROUTE_14082_14122,0.0
cat__ROUTE_14082_14108,0.0
cat__ROUTE_14082_14025,0.0
cat__ROUTE_14082_13871,0.0
cat__ROUTE_14082_13487,0.0
cat__ROUTE_14082_13367,0.0
cat__ROUTE_14082_13232,0.0
cat__ROUTE_14082_13230,0.0
cat__ROUTE_14082_13198,0.0
cat__ROUTE_14082_11267,0.0
cat__ROUTE_14082_12917,0.0
cat__ROUTE_14082_12544,0.0
cat__ROUTE_14082_12339,0.0
cat__ROUTE_14082_12265,0.0
cat__ROUTE_14082_12264,0.0
cat__ROUTE_14082_11986,0.0
cat__ROUTE_14082_11823,0.0
cat__ROUTE_14082_11775,0.0
cat__ROUTE_14082_11721,0.0
cat__ROUTE_14082_11537,0.0
cat__ROUTE_14082_11423,0.0
cat__ROUTE_14082_12945,0.0
cat__ROUTE_13230_10397,0.0
cat__ROUTE_13211_13930,0.0
cat__ROUTE_13204_15412,0.0
cat__ROUTE_13204_15370,0.0
cat__ROUTE_13204_15356,0.0
cat__ROUTE_13204_15096,0.0
cat__ROUTE_13204_15024,0.0
cat__ROUTE_13204_15016,0.0
cat__ROUTE_13204_14893,0.0
cat__ROUTE_13204_14869,0.0
cat__ROUTE_14112_10980,0.0
cat__ROUTE_13204_14747,0.0
cat__ROUTE_13204_14730,0.0
cat__ROUTE_13204_14683,0.0
cat__ROUTE_13204_14679,0.0
cat__ROUTE_13204_14576,0.0
cat__ROUTE_13204_14524,0.0
cat__ROUTE_13204_14492,0.0
cat__ROUTE_13204_14321,0.0
cat__ROUTE_13204_14307,0.0
cat__ROUTE_13204_14254,0.0
cat__ROUTE_13204_14771,0.0
cat__ROUTE_13232_10693,0.0
cat__ROUTE_13232_10599,0.0
cat__ROUTE_13232_10529,0.0
cat__ROUTE_13232_10423,0.0
cat__ROUTE_13232_10397,0.0
cat__ROUTE_13232_10257,0.0
cat__ROUTE_13232_10140,0.0
cat__ROUTE_13230_14986,0.0
cat__ROUTE_13230_14761,0.0
cat__ROUTE_13230_14112,0.0
cat__ROUTE_13230_10693,0.0
cat__ROUTE_13230_14082,0.0
cat__ROUTE_13230_13930,0.0
cat__ROUTE_13230_13303,0.0
cat__ROUTE_13230_13204,0.0
cat__ROUTE_13230_12451,0.0
cat__ROUTE_13230_12264,0.0
cat__ROUTE_13230_11697,0.0
cat__ROUTE_13230_11433,0.0
cat__ROUTE_13230_11298,0.0
cat__ROUTE_13230_11057,0.0
cat__ROUTE_13230_10721,0.0
cat__ROUTE_13230_14100,0.0
cat__ROUTE_10299_13930,0.0
cat__ROUTE_13204_12889,0.0
cat__ROUTE_13204_12478,0.0
cat__ROUTE_13204_12448,0.0
cat__ROUTE_13204_12391,0.0
cat__ROUTE_13204_12339,0.0
cat__ROUTE_13204_12266,0.0
cat__ROUTE_13204_12264,0.0
cat__ROUTE_13204_12197,0.0
cat__ROUTE_13204_12191,0.0
cat__ROUTE_13204_14193,0.0
cat__ROUTE_13204_11697,0.0
cat__ROUTE_13204_11637,0.0
cat__ROUTE_13204_11618,0.0
cat__ROUTE_13204_11540,0.0
cat__ROUTE_10299_13970,0.0
cat__ROUTE_13204_11423,0.0
cat__ROUTE_10299_14057,0.0
cat__ROUTE_13204_11292,0.0
cat__ROUTE_13204_11278,0.0
cat__ROUTE_13204_11193,0.0
cat__ROUTE_13204_11066,0.0
cat__ROUTE_13204_11986,0.0
cat__ROUTE_13204_14122,0.0
cat__ROUTE_13204_14107,0.0
cat__ROUTE_13204_14100,0.0
cat__ROUTE_13204_14057,0.0
cat__ROUTE_13204_13933,0.0
cat__ROUTE_13204_13931,0.0
cat__ROUTE_13204_13930,0.0
cat__ROUTE_13204_13871,0.0
cat__ROUTE_13204_13851,0.0
cat__ROUTE_13204_13577,0.0
cat__ROUTE_13204_12898,0.0
cat__ROUTE_13204_13487,0.0
cat__ROUTE_13204_13485,0.0
cat__ROUTE_13204_13342,0.0
cat__ROUTE_13204_13303,0.0
cat__ROUTE_13204_13296,0.0
cat__ROUTE_13204_13244,0.0
cat__ROUTE_13204_13232,0.0
cat__ROUTE_13204_13230,0.0
cat__ROUTE_13204_13198,0.0
cat__ROUTE_13204_12954,0.0
cat__ROUTE_13204_12953,0.0
cat__ROUTE_13204_13495,0.0
cat__ROUTE_13244_10721,0.0
cat__ROUTE_13244_10397,0.0
cat__ROUTE_13241_12266,0.0
cat__ROUTE_13232_15624,0.0
cat__ROUTE_13232_15376,0.0
cat__ROUTE_13232_15370,0.0
cat__ROUTE_13232_15304,0.0
cat__ROUTE_13232_15016,0.0
cat__ROUTE_13232_14986,0.0
cat__ROUTE_13232_14893,0.0
cat__ROUTE_13232_10721,0.0
cat__ROUTE_13232_14843,0.0
cat__ROUTE_13232_14831,0.0
cat__ROUTE_13232_14771,0.0
cat__ROUTE_13232_14747,0.0
cat__ROUTE_13232_14730,0.0
cat__ROUTE_13232_14685,0.0
cat__ROUTE_13232_14683,0.0
cat__ROUTE_13232_14679,0.0
cat__ROUTE_13232_14635,0.0
cat__ROUTE_13232_14524,0.0
cat__ROUTE_13232_14492,0.0
cat__ROUTE_13232_14869,0.0
cat__ROUTE_13244_14761,0.0
cat__ROUTE_13244_14112,0.0
cat__ROUTE_13244_14107,0.0
cat__ROUTE_13244_14100,0.0
cat__ROUTE_13244_13930,0.0
cat__ROUTE_13244_13495,0.0
cat__ROUTE_13244_13487,0.0
cat__ROUTE_13244_13303,0.0
cat__ROUTE_13244_13232,0.0
cat__ROUTE_13244_13204,0.0
cat__ROUTE_13244_10821,0.0
cat__ROUTE_13244_12892,0.0
cat__ROUTE_13244_12889,0.0
cat__ROUTE_13244_12266,0.0
cat__ROUTE_13244_12191,0.0
cat__ROUTE_13244_11697,0.0
cat__ROUTE_13244_11433,0.0
cat__ROUTE_13244_11298,0.0
cat__ROUTE_13244_11292,0.0
cat__ROUTE_13244_11278,0.0
cat__ROUTE_13244_11259,0.0
cat__ROUTE_13244_11057,0.0
cat__ROUTE_13244_12953,0.0
cat__ROUTE_13232_12889,0.0
cat__ROUTE_13232_12451,0.0
cat__ROUTE_13232_12266,0.0
cat__ROUTE_13232_12191,0.0
cat__ROUTE_13232_11986,0.0
cat__ROUTE_13232_11697,0.0
cat__ROUTE_13232_11540,0.0
cat__ROUTE_13232_11481,0.0
cat__ROUTE_13232_11433,0.0
cat__ROUTE_13232_11298,0.0
cat__ROUTE_13232_14314,0.0
cat__ROUTE_13232_11278,0.0
cat__ROUTE_13232_11259,0.0
cat__ROUTE_13232_11193,0.0
cat__ROUTE_13232_11109,0.0
cat__ROUTE_13232_11066,0.0
cat__ROUTE_13232_11057,0.0
cat__ROUTE_13232_11042,0.0
cat__ROUTE_13232_10994,0.0
cat__ROUTE_13232_10821,0.0
cat__ROUTE_13232_10800,0.0
cat__ROUTE_13232_10792,0.0
cat__ROUTE_13232_11292,0.0
cat__ROUTE_13232_14307,0.0
cat__ROUTE_13232_14262,0.0
cat__ROUTE_13232_14193,0.0
cat__ROUTE_13232_14122,0.0
cat__ROUTE_13232_14107,0.0
cat__ROUTE_13232_14100,0.0
cat__ROUTE_13232_14082,0.0
cat__ROUTE_13232_14057,0.0
cat__ROUTE_13232_13931,0.0
cat__ROUTE_13232_13891,0.0
cat__ROUTE_13232_12892,0.0
cat__ROUTE_13232_13851,0.0
cat__ROUTE_13232_13796,0.0
cat__ROUTE_13232_13577,0.0
cat__ROUTE_13232_13495,0.0
cat__ROUTE_13232_13487,0.0
cat__ROUTE_13232_13303,0.0
cat__ROUTE_13232_13296,0.0
cat__ROUTE_13232_13244,0.0
cat__ROUTE_13232_13204,0.0
cat__ROUTE_10299_13873,0.0
cat__ROUTE_13232_12954,0.0
cat__ROUTE_13232_13871,0.0
cat__ROUTE_12954_14869,0.0
cat__ROUTE_12954_14831,0.0
cat__ROUTE_12954_14570,0.0
cat__ROUTE_12954_14107,0.0
cat__ROUTE_12954_13830,0.0
cat__ROUTE_12954_13796,0.0
cat__ROUTE_12954_13495,0.0
cat__ROUTE_12954_13232,0.0
cat__ROUTE_12954_13204,0.0
cat__ROUTE_12954_13198,0.0
cat__ROUTE_13204_11057,0.0
cat__ROUTE_12954_12191,0.0
cat__ROUTE_12954_12173,0.0
cat__ROUTE_12954_11540,0.0
cat__ROUTE_12954_11292,0.0
cat__ROUTE_12954_11259,0.0
cat__ROUTE_12954_10693,0.0
cat__ROUTE_12954_10423,0.0
cat__ROUTE_12954_10140,0.0
cat__ROUTE_12953_15919,0.0
cat__ROUTE_12953_15412,0.0
cat__ROUTE_12953_15370,0.0
cat__ROUTE_12954_12889,0.0
cat__ROUTE_12992_12889,0.0
cat__ROUTE_12992_12266,0.0
cat__ROUTE_12992_11298,0.0
cat__ROUTE_12992_11292,0.0
cat__ROUTE_12992_11278,0.0
cat__ROUTE_12992_11259,0.0
cat__ROUTE_12992_11057,0.0
cat__ROUTE_12992_10397,0.0
cat__ROUTE_12982_14893,0.0
cat__ROUTE_12982_14831,0.0
cat__ROUTE_12954_14893,0.0
cat__ROUTE_12982_14747,0.0
cat__ROUTE_12982_14679,0.0
cat__ROUTE_12982_14107,0.0
cat__ROUTE_12982_14057,0.0
cat__ROUTE_12982_13830,0.0
cat__ROUTE_12982_13796,0.0
cat__ROUTE_12982_12892,0.0
cat__ROUTE_12982_12889,0.0
cat__ROUTE_12982_12758,0.0
cat__ROUTE_12982_11292,0.0
cat__ROUTE_12954_15016,0.0
cat__ROUTE_12982_14771,0.0
cat__ROUTE_12953_13487,0.0
cat__ROUTE_12953_13485,0.0
cat__ROUTE_12953_13342,0.0
cat__ROUTE_12953_13303,0.0
cat__ROUTE_12953_13244,0.0
cat__ROUTE_12953_13204,0.0
cat__ROUTE_12953_13198,0.0
cat__ROUTE_12953_12992,0.0
cat__ROUTE_12953_12451,0.0
cat__ROUTE_12953_12339,0.0
cat__ROUTE_12953_15304,0.0
cat__ROUTE_10372_12892,0.0
cat__ROUTE_12953_12264,0.0
cat__ROUTE_10372_13930,0.0
cat__ROUTE_10372_14107,0.0
cat__ROUTE_12953_11995,0.0
cat__ROUTE_12953_11986,0.0
cat__ROUTE_10372_14771,0.0
cat__ROUTE_12953_11624,0.0
cat__ROUTE_12953_11433,0.0
cat__ROUTE_12953_11423,0.0
cat__ROUTE_12953_11292,0.0
cat__ROUTE_10372_12266,0.0
cat__ROUTE_12953_15096,0.0
cat__ROUTE_12953_15016,0.0
cat__ROUTE_10333_11433,0.0
cat__ROUTE_12953_14869,0.0
cat__ROUTE_12953_14730,0.0
cat__ROUTE_12953_14685,0.0
cat__ROUTE_10361_14100,0.0
cat__ROUTE_12953_14576,0.0
cat__ROUTE_12953_14574,0.0
cat__ROUTE_12953_14524,0.0
cat__ROUTE_10372_11298,0.0
cat__ROUTE_12953_14321,0.0
cat__ROUTE_12953_14193,0.0
cat__ROUTE_12953_14122,0.0
cat__ROUTE_12953_14100,0.0
cat__ROUTE_10372_10397,0.0
cat__ROUTE_12953_13933,0.0
cat__ROUTE_12953_13931,0.0
cat__ROUTE_10372_10423,0.0
cat__ROUTE_12953_13871,0.0
cat__ROUTE_12953_13851,0.0
cat__ROUTE_12953_13577,0.0
cat__ROUTE_12953_14492,0.0
cat__ROUTE_13198_14771,0.0
cat__ROUTE_13198_14747,0.0
cat__ROUTE_13198_14683,0.0
cat__ROUTE_13198_14679,0.0
cat__ROUTE_13198_14635,0.0
cat__ROUTE_13198_14492,0.0
cat__ROUTE_13198_14193,0.0
cat__ROUTE_13198_14112,0.0
cat__ROUTE_13198_14107,0.0
cat__ROUTE_13198_14100,0.0
cat__ROUTE_12992_12953,0.0
cat__ROUTE_13198_14057,0.0
cat__ROUTE_13198_13930,0.0
cat__ROUTE_13198_13796,0.0
cat__ROUTE_13198_13495,0.0
cat__ROUTE_13198_13487,0.0
cat__ROUTE_13198_13342,0.0
cat__ROUTE_13198_13303,0.0
cat__ROUTE_13198_13232,0.0
cat__ROUTE_13198_13204,0.0
cat__ROUTE_13198_12954,0.0
cat__ROUTE_13198_12953,0.0
cat__ROUTE_13198_14082,0.0
cat__ROUTE_13204_11042,0.0
cat__ROUTE_10299_14107,0.0
cat__ROUTE_13204_10792,0.0
cat__ROUTE_13204_10785,0.0
cat__ROUTE_13204_10732,0.0
cat__ROUTE_13204_10721,0.0
cat__ROUTE_13204_10713,0.0
cat__ROUTE_13204_10693,0.0
cat__ROUTE_13204_10599,0.0
cat__ROUTE_13204_10529,0.0
cat__ROUTE_13198_14869,0.0
cat__ROUTE_13204_10423,0.0
cat__ROUTE_10299_14709,0.0
cat__ROUTE_13204_10257,0.0
cat__ROUTE_13204_10158,0.0
cat__ROUTE_13204_10140,0.0
cat__ROUTE_13204_10135,0.0
cat__ROUTE_13198_15624,0.0
cat__ROUTE_13198_15304,0.0
cat__ROUTE_13198_15016,0.0
cat__ROUTE_13198_14986,0.0
cat__ROUTE_13198_14893,0.0
cat__ROUTE_13204_10431,0.0
cat__ROUTE_13158_12889,0.0
cat__ROUTE_13158_12266,0.0
cat__ROUTE_13158_12191,0.0
cat__ROUTE_13158_11298,0.0
cat__ROUTE_13158_11292,0.0
cat__ROUTE_13158_11259,0.0
cat__ROUTE_13158_10423,0.0
cat__ROUTE_13139_11057,0.0
cat__ROUTE_13127_14869,0.0
cat__ROUTE_13127_14747,0.0
cat__ROUTE_13198_12892,0.0
cat__ROUTE_13076_13930,0.0
cat__ROUTE_13061_12889,0.0
cat__ROUTE_13061_12266,0.0
cat__ROUTE_13061_11298,0.0
cat__ROUTE_13029_13930,0.0
cat__ROUTE_13029_11292,0.0
cat__ROUTE_12992_15016,0.0
cat__ROUTE_12992_14761,0.0
cat__ROUTE_12992_14107,0.0
cat__ROUTE_12992_13930,0.0
cat__ROUTE_12992_13303,0.0
cat__ROUTE_13127_11292,0.0
cat__ROUTE_13198_12889,0.0
cat__ROUTE_13198_12478,0.0
cat__ROUTE_13198_12339,0.0
cat__ROUTE_13198_12266,0.0
cat__ROUTE_13198_12264,0.0
cat__ROUTE_13198_12191,0.0
cat__ROUTE_13198_11697,0.0
cat__ROUTE_13198_11481,0.0
cat__ROUTE_13198_11433,0.0
cat__ROUTE_13198_11298,0.0
cat__ROUTE_13158_14107,0.0
cat__ROUTE_13198_11259,0.0
cat__ROUTE_13198_11057,0.0
cat__ROUTE_13198_10821,0.0
cat__ROUTE_13198_10800,0.0
cat__ROUTE_13198_10721,0.0
cat__ROUTE_13198_10693,0.0
cat__ROUTE_13198_10423,0.0
cat__ROUTE_13198_10397,0.0
cat__ROUTE_13198_10140,0.0
cat__ROUTE_13184_13930,0.0
cat__ROUTE_13184_11433,0.0
cat__ROUTE_13198_11278,0.0
cat__ROUTE_13487_11977,0.0
cat__ROUTE_13487_11898,0.0
cat__ROUTE_13487_11884,0.0
cat__ROUTE_13487_11823,0.0
cat__ROUTE_13487_11775,0.0
cat__ROUTE_13487_11697,0.0
cat__ROUTE_13487_11648,0.0
cat__ROUTE_13487_11637,0.0
cat__ROUTE_13487_11618,0.0
cat__ROUTE_13487_11587,0.0
cat__ROUTE_13244_14869,0.0
cat__ROUTE_13487_11423,0.0
cat__ROUTE_13487_11337,0.0
cat__ROUTE_13487_11298,0.0
cat__ROUTE_13487_11292,0.0
cat__ROUTE_13487_11278,0.0
cat__ROUTE_13487_11259,0.0
cat__ROUTE_13487_11203,0.0
cat__ROUTE_13487_11193,0.0
cat__ROUTE_13487_11066,0.0
cat__ROUTE_10299_11336,0.0
cat__ROUTE_13487_11433,0.0
cat__ROUTE_10299_11292,0.0
cat__ROUTE_13487_13244,0.0
cat__ROUTE_10299_11298,0.0
cat__ROUTE_13487_13204,0.0
cat__ROUTE_13487_13198,0.0
cat__ROUTE_13487_12953,0.0
cat__ROUTE_13487_12892,0.0
cat__ROUTE_13487_12889,0.0
cat__ROUTE_13487_12478,0.0
cat__ROUTE_13487_12451,0.0
cat__ROUTE_13487_11986,0.0
cat__ROUTE_13487_12343,0.0
cat__ROUTE_13487_12339,0.0
cat__ROUTE_13487_12335,0.0
cat__ROUTE_13487_12278,0.0
cat__ROUTE_13487_12266,0.0
cat__ROUTE_13487_12264,0.0
cat__ROUTE_13487_12206,0.0
cat__ROUTE_13487_12173,0.0
cat__ROUTE_13487_12129,0.0
cat__ROUTE_13487_12094,0.0
cat__ROUTE_13487_12003,0.0
cat__ROUTE_13487_12441,0.0
cat__ROUTE_13486_13487,0.0
cat__ROUTE_13486_12889,0.0
cat__ROUTE_13486_11298,0.0
cat__ROUTE_13486_11292,0.0
cat__ROUTE_13486_10466,0.0
cat__ROUTE_13485_14107,0.0
cat__ROUTE_13485_14100,0.0
cat__ROUTE_10299_12523,0.0
cat__ROUTE_13485_13487,0.0
cat__ROUTE_13485_13303,0.0
cat__ROUTE_10299_11630,0.0
cat__ROUTE_13485_12953,0.0
cat__ROUTE_13485_11618,0.0
cat__ROUTE_13485_11433,0.0
cat__ROUTE_13485_11298,0.0
cat__ROUTE_13485_11292,0.0
cat__ROUTE_13485_11278,0.0
cat__ROUTE_13485_11057,0.0
cat__ROUTE_13485_10397,0.0
cat__ROUTE_13476_14771,0.0
cat__ROUTE_13476_14747,0.0
cat__ROUTE_13476_14679,0.0
cat__ROUTE_13485_13204,0.0
cat__ROUTE_13487_11013,0.0
cat__ROUTE_13487_11003,0.0
cat__ROUTE_13487_10994,0.0
cat__ROUTE_13487_10849,0.0
cat__ROUTE_13487_10821,0.0
cat__ROUTE_13487_10739,0.0
cat__ROUTE_13487_10721,0.0
cat__ROUTE_13487_10713,0.0
cat__ROUTE_13487_10693,0.0
cat__ROUTE_13487_10631,0.0
cat__ROUTE_13486_14057,0.0
cat__ROUTE_13487_10620,0.0
cat__ROUTE_13487_10529,0.0
cat__ROUTE_13487_10466,0.0
cat__ROUTE_13487_10423,0.0
cat__ROUTE_13487_10408,0.0
cat__ROUTE_13487_10397,0.0
cat__ROUTE_13487_10299,0.0
cat__ROUTE_13487_10141,0.0
cat__ROUTE_13487_10140,0.0
cat__ROUTE_13486_14869,0.0
cat__ROUTE_10299_12173,0.0
cat__ROUTE_13487_10627,0.0
cat__ROUTE_13495_12953,0.0
cat__ROUTE_13495_12892,0.0
cat__ROUTE_13495_12889,0.0
cat__ROUTE_13495_12478,0.0
cat__ROUTE_13495_12339,0.0
cat__ROUTE_13495_12266,0.0
cat__ROUTE_13495_12264,0.0
cat__ROUTE_13495_12191,0.0
cat__ROUTE_13495_11697,0.0
cat__ROUTE_13495_11618,0.0
cat__ROUTE_13487_13342,0.0
cat__ROUTE_13495_11298,0.0
cat__ROUTE_13495_11292,0.0
cat__ROUTE_13495_11278,0.0
cat__ROUTE_13495_11259,0.0
cat__ROUTE_13495_11193,0.0
cat__ROUTE_13495_11066,0.0
cat__ROUTE_13495_11057,0.0
cat__ROUTE_13495_10821,0.0
cat__ROUTE_13495_10800,0.0
cat__ROUTE_13495_10721,0.0
cat__ROUTE_13495_10693,0.0
cat__ROUTE_13495_11433,0.0
cat__ROUTE_13502_10423,0.0
cat__ROUTE_13502_10397,0.0
cat__ROUTE_13495_15304,0.0
cat__ROUTE_13495_15016,0.0
cat__ROUTE_13495_14869,0.0
cat__ROUTE_13495_14843,0.0
cat__ROUTE_13495_14771,0.0
cat__ROUTE_13495_14747,0.0
cat__ROUTE_13495_14683,0.0
cat__ROUTE_13495_14679,0.0
cat__ROUTE_13495_12954,0.0
cat__ROUTE_13495_14107,0.0
cat__ROUTE_13495_14100,0.0
cat__ROUTE_13495_14057,0.0
cat__ROUTE_13495_13930,0.0
cat__ROUTE_13495_13796,0.0
cat__ROUTE_13495_13487,0.0
cat__ROUTE_13495_13303,0.0
cat__ROUTE_13495_13244,0.0
cat__ROUTE_13495_13232,0.0
cat__ROUTE_10299_10551,0.0
cat__ROUTE_13495_13198,0.0
cat__ROUTE_13495_14492,0.0
cat__ROUTE_13487_14633,0.0
cat__ROUTE_13487_14524,0.0
cat__ROUTE_13487_14520,0.0
cat__ROUTE_13487_14492,0.0
cat__ROUTE_13487_14457,0.0
cat__ROUTE_13487_14262,0.0
cat__ROUTE_13487_14252,0.0
cat__ROUTE_13487_14122,0.0
cat__ROUTE_13487_14107,0.0
cat__ROUTE_13487_14100,0.0
cat__ROUTE_13495_10423,0.0
cat__ROUTE_13487_14057,0.0
cat__ROUTE_13487_14027,0.0
cat__ROUTE_13487_13931,0.0
cat__ROUTE_13487_13930,0.0
cat__ROUTE_13487_13871,0.0
cat__ROUTE_13487_13851,0.0
cat__ROUTE_13487_13495,0.0
cat__ROUTE_13487_13486,0.0
cat__ROUTE_13487_13485,0.0
cat__ROUTE_13487_13459,0.0
cat__ROUTE_13487_13433,0.0
cat__ROUTE_13487_14082,0.0
cat__ROUTE_13495_10397,0.0
cat__ROUTE_13487_16869,0.0
cat__ROUTE_13487_15919,0.0
cat__ROUTE_13487_15624,0.0
cat__ROUTE_13487_15412,0.0
cat__ROUTE_13487_15376,0.0
cat__ROUTE_13487_15304,0.0
cat__ROUTE_13487_15096,0.0
cat__ROUTE_13487_15016,0.0
cat__ROUTE_13487_14986,0.0
cat__ROUTE_13487_14635,0.0
cat__ROUTE_13487_14893,0.0
cat__ROUTE_13487_14869,0.0
cat__ROUTE_13487_14843,0.0
cat__ROUTE_13487_14831,0.0
cat__ROUTE_13487_14771,0.0
cat__ROUTE_10299_10754,0.0
cat__ROUTE_13487_14730,0.0
cat__ROUTE_13487_14696,0.0
cat__ROUTE_13487_14685,0.0
cat__ROUTE_13487_14683,0.0
cat__ROUTE_10299_10926,0.0
cat__ROUTE_13487_14908,0.0
cat__ROUTE_10299_12892,0.0
cat__ROUTE_13303_12264,0.0
cat__ROUTE_13303_12217,0.0
cat__ROUTE_13303_12197,0.0
cat__ROUTE_13303_12191,0.0
cat__ROUTE_13303_11996,0.0
cat__ROUTE_13303_11995,0.0
cat__ROUTE_13303_11986,0.0
cat__ROUTE_13303_11953,0.0
cat__ROUTE_13303_11624,0.0
cat__ROUTE_13476_14107,0.0
cat__ROUTE_10299_13487,0.0
cat__ROUTE_13303_11433,0.0
cat__ROUTE_13303_11423,0.0
cat__ROUTE_13303_11298,0.0
cat__ROUTE_13303_11292,0.0
cat__ROUTE_13303_11278,0.0
cat__ROUTE_13303_11259,0.0
cat__ROUTE_13303_11193,0.0
cat__ROUTE_13303_11066,0.0
cat__ROUTE_13303_11057,0.0
cat__ROUTE_13303_11042,0.0
cat__ROUTE_13303_11618,0.0
cat__ROUTE_13303_13931,0.0
cat__ROUTE_13303_13930,0.0
cat__ROUTE_13303_13871,0.0
cat__ROUTE_13303_13851,0.0
cat__ROUTE_13303_13495,0.0
cat__ROUTE_13303_13487,0.0
cat__ROUTE_13303_13485,0.0
cat__ROUTE_13303_13342,0.0
cat__ROUTE_13303_13244,0.0
cat__ROUTE_13303_13232,0.0
cat__ROUTE_13303_12278,0.0
cat__ROUTE_13303_13204,0.0
cat__ROUTE_13303_13198,0.0
cat__ROUTE_13303_12992,0.0
cat__ROUTE_13303_12953,0.0
cat__ROUTE_13303_12945,0.0
cat__ROUTE_13303_12892,0.0
cat__ROUTE_13303_12478,0.0
cat__ROUTE_13303_12451,0.0
cat__ROUTE_13303_12391,0.0
cat__ROUTE_10299_12889,0.0
cat__ROUTE_13303_12323,0.0
cat__ROUTE_13303_13230,0.0
cat__ROUTE_13282_13930,0.0
cat__ROUTE_13282_12264,0.0
cat__ROUTE_13277_11298,0.0
cat__ROUTE_13277_11278,0.0
cat__ROUTE_13277_11057,0.0
cat__ROUTE_13277_10397,0.0
cat__ROUTE_13264_14908,0.0
cat__ROUTE_13264_14869,0.0
cat__ROUTE_13264_14771,0.0
cat__ROUTE_13264_14747,0.0
cat__ROUTE_13303_11003,0.0
cat__ROUTE_13264_14057,0.0
cat__ROUTE_13264_12892,0.0
cat__ROUTE_13264_12889,0.0
cat__ROUTE_13264_11292,0.0
cat__ROUTE_13256_14761,0.0
cat__ROUTE_13256_14112,0.0
cat__ROUTE_13256_12889,0.0
cat__ROUTE_13256_12266,0.0
cat__ROUTE_13256_11298,0.0
cat__ROUTE_13256_10423,0.0
cat__ROUTE_13244_15304,0.0
cat__ROUTE_13264_14107,0.0
cat__ROUTE_13303_10994,0.0
cat__ROUTE_13303_10821,0.0
cat__ROUTE_13303_10792,0.0
cat__ROUTE_13303_10721,0.0
cat__ROUTE_10299_13830,0.0
cat__ROUTE_13303_10599,0.0
cat__ROUTE_13303_10529,0.0
cat__ROUTE_13303_10423,0.0
cat__ROUTE_13303_10397,0.0
cat__ROUTE_13303_10257,0.0
cat__ROUTE_13290_11298,0.0
cat__ROUTE_13296_14635,0.0
cat__ROUTE_13296_14100,0.0
cat__ROUTE_13296_13232,0.0
cat__ROUTE_13296_13204,0.0
cat__ROUTE_13296_12264,0.0
cat__ROUTE_13296_11697,0.0
cat__ROUTE_13296_11618,0.0
cat__ROUTE_13296_11278,0.0
cat__ROUTE_13296_11057,0.0
cat__ROUTE_13296_10821,0.0
cat__ROUTE_13290_13930,0.0
cat__ROUTE_13296_15304,0.0
cat__ROUTE_13367_13930,0.0
cat__ROUTE_13367_12889,0.0
cat__ROUTE_13367_11298,0.0
cat__ROUTE_13367_11292,0.0
cat__ROUTE_13367_11057,0.0
cat__ROUTE_13367_10466,0.0
cat__ROUTE_13367_10397,0.0
cat__ROUTE_13360_14122,0.0
cat__ROUTE_13360_11193,0.0
cat__ROUTE_13360_11057,0.0
cat__ROUTE_13303_14057,0.0
cat__ROUTE_13360_10135,0.0
cat__ROUTE_13342_15304,0.0
cat__ROUTE_13342_15016,0.0
cat__ROUTE_13342_14986,0.0
cat__ROUTE_13342_14869,0.0
cat__ROUTE_13342_14747,0.0
cat__ROUTE_13342_14635,0.0
cat__ROUTE_13342_14107,0.0
cat__ROUTE_13342_14100,0.0
cat__ROUTE_13342_13930,0.0
cat__ROUTE_13342_13487,0.0
cat__ROUTE_13360_10397,0.0
cat__ROUTE_13476_12892,0.0
cat__ROUTE_13476_12889,0.0
cat__ROUTE_13476_11298,0.0
cat__ROUTE_13476_11292,0.0
cat__ROUTE_13459_13930,0.0
cat__ROUTE_13459_13487,0.0
cat__ROUTE_13459_11433,0.0
cat__ROUTE_13433_14761,0.0
cat__ROUTE_13433_13487,0.0
cat__ROUTE_13433_12889,0.0
cat__ROUTE_13367_14082,0.0
cat__ROUTE_13433_10466,0.0
cat__ROUTE_13422_12266,0.0
cat__ROUTE_13422_12264,0.0
cat__ROUTE_13422_11298,0.0
cat__ROUTE_13422_11057,0.0
cat__ROUTE_13422_10397,0.0
cat__ROUTE_13377_11298,0.0
cat__ROUTE_13377_10397,0.0
cat__ROUTE_13367_14986,0.0
cat__ROUTE_13367_14761,0.0
cat__ROUTE_13367_14112,0.0
cat__ROUTE_13433_11292,0.0
cat__ROUTE_13303_15249,0.0
cat__ROUTE_13303_15096,0.0
cat__ROUTE_13303_15027,0.0
cat__ROUTE_13303_15024,0.0
cat__ROUTE_13303_15016,0.0
cat__ROUTE_13303_14893,0.0
cat__ROUTE_13303_14869,0.0
cat__ROUTE_13303_14843,0.0
cat__ROUTE_13303_14783,0.0
cat__ROUTE_13303_14771,0.0
cat__ROUTE_13342_13303,0.0
cat__ROUTE_13303_14730,0.0
cat__ROUTE_13303_14685,0.0
cat__ROUTE_13303_14683,0.0
cat__ROUTE_13303_14679,0.0
cat__ROUTE_13303_14576,0.0
cat__ROUTE_13303_14524,0.0
cat__ROUTE_13303_14492,0.0
cat__ROUTE_13303_14193,0.0
cat__ROUTE_13303_14122,0.0
cat__ROUTE_13303_14107,0.0
cat__ROUTE_10299_12758,0.0
cat__ROUTE_13303_14747,0.0
cat__ROUTE_13342_13204,0.0
cat__ROUTE_13342_13198,0.0
cat__ROUTE_13342_12953,0.0
cat__ROUTE_13342_12889,0.0
cat__ROUTE_13342_12478,0.0
cat__ROUTE_13342_12266,0.0
cat__ROUTE_13342_11697,0.0
cat__ROUTE_13342_11618,0.0
cat__ROUTE_13342_11433,0.0
cat__ROUTE_13342_11298,0.0
cat__ROUTE_13303_15304,0.0
cat__ROUTE_13342_11278,0.0
cat__ROUTE_13342_11259,0.0
cat__ROUTE_13342_11057,0.0
cat__ROUTE_13342_10821,0.0
cat__ROUTE_13342_10721,0.0
cat__ROUTE_13342_10693,0.0
cat__ROUTE_13342_10423,0.0
cat__ROUTE_13342_10397,0.0
cat__ROUTE_13303_15919,0.0
cat__ROUTE_13303_15412,0.0
cat__ROUTE_13303_15370,0.0
cat__ROUTE_13342_11292,0.0
cat__ROUTE_14869_14771,0.0
cat__ROUTE_10135_14082,0.0
cat__ROUTE_14869_14689,0.0
cat__ROUTE_14869_14683,0.0
cat__ROUTE_14869_14679,0.0
cat__ROUTE_14869_14570,0.0
cat__ROUTE_14869_14492,0.0
cat__ROUTE_14869_14489,0.0
cat__ROUTE_14869_14262,0.0
cat__ROUTE_14869_14252,0.0
cat__ROUTE_10397_10135,0.0
cat__ROUTE_14869_14113,0.0
cat__ROUTE_14869_14107,0.0
cat__ROUTE_14869_14100,0.0
cat__ROUTE_14869_14057,0.0
cat__ROUTE_14869_13930,0.0
cat__ROUTE_14869_13891,0.0
cat__ROUTE_14869_13871,0.0
cat__ROUTE_14869_13851,0.0
cat__ROUTE_14869_13830,0.0
cat__ROUTE_14869_13796,0.0
cat__ROUTE_14869_14122,0.0
cat__ROUTE_14893_11298,0.0
cat__ROUTE_14893_11292,0.0
cat__ROUTE_14893_11259,0.0
cat__ROUTE_14893_11057,0.0
cat__ROUTE_14893_10821,0.0
cat__ROUTE_14893_10800,0.0
cat__ROUTE_14893_10713,0.0
cat__ROUTE_14893_10693,0.0
cat__ROUTE_14893_10423,0.0
cat__ROUTE_14893_10397,0.0
cat__ROUTE_14869_14794,0.0
cat__ROUTE_14877_11292,0.0
cat__ROUTE_14869_15919,0.0
cat__ROUTE_14869_15389,0.0
cat__ROUTE_14869_15376,0.0
cat__ROUTE_14869_15370,0.0
cat__ROUTE_14869_15304,0.0
cat__ROUTE_14869_15041,0.0
cat__ROUTE_14869_15016,0.0
cat__ROUTE_14869_14908,0.0
cat__ROUTE_14869_14893,0.0
cat__ROUTE_14869_14831,0.0
cat__ROUTE_14877_13930,0.0
cat__ROUTE_14869_12003,0.0
cat__ROUTE_14869_11921,0.0
cat__ROUTE_14869_11884,0.0
cat__ROUTE_14869_11697,0.0
cat__ROUTE_14869_11648,0.0
cat__ROUTE_14869_11638,0.0
cat__ROUTE_10135_14986,0.0
cat__ROUTE_14869_11603,0.0
cat__ROUTE_14869_11525,0.0
cat__ROUTE_14869_11433,0.0
cat__ROUTE_14869_13495,0.0
cat__ROUTE_10140_10397,0.0
cat__ROUTE_14869_11278,0.0
cat__ROUTE_14869_11259,0.0
cat__ROUTE_14869_11193,0.0
cat__ROUTE_14869_11109,0.0
cat__ROUTE_14869_11066,0.0
cat__ROUTE_14869_11057,0.0
cat__ROUTE_14869_11042,0.0
cat__ROUTE_14869_10918,0.0
cat__ROUTE_14869_10849,0.0
cat__ROUTE_14869_10821,0.0
cat__ROUTE_10136_11298,0.0
cat__ROUTE_14869_13487,0.0
cat__ROUTE_14869_13486,0.0
cat__ROUTE_14869_13342,0.0
cat__ROUTE_14869_13303,0.0
cat__ROUTE_14869_13264,0.0
cat__ROUTE_14869_13244,0.0
cat__ROUTE_14869_13232,0.0
cat__ROUTE_14869_13204,0.0
cat__ROUTE_14869_13198,0.0
cat__ROUTE_14869_13127,0.0
cat__ROUTE_14869_12156,0.0
cat__ROUTE_14869_12953,0.0
cat__ROUTE_10135_14112,0.0
cat__ROUTE_10135_14761,0.0
cat__ROUTE_14869_12478,0.0
cat__ROUTE_14869_12441,0.0
cat__ROUTE_14869_12339,0.0
cat__ROUTE_14869_12280,0.0
cat__ROUTE_14869_12266,0.0
cat__ROUTE_14869_12264,0.0
cat__ROUTE_14869_12191,0.0
cat__ROUTE_14869_12173,0.0
cat__ROUTE_14869_12954,0.0
cat__ROUTE_14986_10257,0.0
cat__ROUTE_14986_10135,0.0
cat__ROUTE_14960_11298,0.0
cat__ROUTE_14955_12016,0.0
cat__ROUTE_14952_14082,0.0
cat__ROUTE_14952_13930,0.0
cat__ROUTE_14908_15376,0.0
cat__ROUTE_14908_15023,0.0
cat__ROUTE_14908_14893,0.0
cat__ROUTE_14908_14869,0.0
cat__ROUTE_14893_11603,0.0
cat__ROUTE_14908_14771,0.0
cat__ROUTE_14908_14747,0.0
cat__ROUTE_14908_14314,0.0
cat__ROUTE_14908_14107,0.0
cat__ROUTE_14908_14057,0.0
cat__ROUTE_14908_14004,0.0
cat__ROUTE_14908_13930,0.0
cat__ROUTE_14908_13796,0.0
cat__ROUTE_14908_13487,0.0
cat__ROUTE_14908_13264,0.0
cat__ROUTE_14908_12889,0.0
cat__ROUTE_14908_14831,0.0
cat__ROUTE_14986_11618,0.0
cat__ROUTE_14986_11537,0.0
cat__ROUTE_14986_11433,0.0
cat__ROUTE_14986_11423,0.0
cat__ROUTE_14986_11298,0.0
cat__ROUTE_14986_11292,0.0
cat__ROUTE_14986_11278,0.0
cat__ROUTE_14986_11259,0.0
cat__ROUTE_14986_11193,0.0
cat__ROUTE_14986_11066,0.0
cat__ROUTE_14986_10397,0.0
cat__ROUTE_14986_11042,0.0
cat__ROUTE_14986_11003,0.0
cat__ROUTE_14986_10874,0.0
cat__ROUTE_14986_10821,0.0
cat__ROUTE_14986_10792,0.0
cat__ROUTE_14986_10721,0.0
cat__ROUTE_14986_10693,0.0
cat__ROUTE_14986_10676,0.0
cat__ROUTE_14986_10431,0.0
cat__ROUTE_14986_10423,0.0
cat__ROUTE_14986_10408,0.0
cat__ROUTE_14986_11057,0.0
cat__ROUTE_14893_14262,0.0
cat__ROUTE_14893_14107,0.0
cat__ROUTE_10135_13577,0.0
cat__ROUTE_14893_13930,0.0
cat__ROUTE_14893_13891,0.0
cat__ROUTE_14893_13830,0.0
cat__ROUTE_14893_13487,0.0
cat__ROUTE_14893_13303,0.0
cat__ROUTE_14893_13232,0.0
cat__ROUTE_14893_13204,0.0
cat__ROUTE_14908_12478,0.0
cat__ROUTE_14893_12982,0.0
cat__ROUTE_14893_12954,0.0
cat__ROUTE_10135_13930,0.0
cat__ROUTE_14893_12889,0.0
cat__ROUTE_14893_12758,0.0
cat__ROUTE_14893_12266,0.0
cat__ROUTE_14893_12264,0.0
cat__ROUTE_14893_12191,0.0
cat__ROUTE_14893_12173,0.0
cat__ROUTE_14893_11884,0.0
cat__ROUTE_14893_11618,0.0
cat__ROUTE_14893_13198,0.0
cat__ROUTE_14908_12280,0.0
cat__ROUTE_14908_12266,0.0
cat__ROUTE_14908_11618,0.0
cat__ROUTE_14908_11603,0.0
cat__ROUTE_14908_11433,0.0
cat__ROUTE_14908_11423,0.0
cat__ROUTE_14908_11298,0.0
cat__ROUTE_14908_11292,0.0
cat__ROUTE_14908_11259,0.0
cat__ROUTE_14908_11109,0.0
cat__ROUTE_10135_13360,0.0
cat__ROUTE_14908_10713,0.0
cat__ROUTE_14908_10423,0.0
cat__ROUTE_14908_10397,0.0
cat__ROUTE_14905_12889,0.0
cat__ROUTE_14893_15376,0.0
cat__ROUTE_14893_15016,0.0
cat__ROUTE_14893_14908,0.0
cat__ROUTE_14893_14869,0.0
cat__ROUTE_14893_14771,0.0
cat__ROUTE_14893_14747,0.0
cat__ROUTE_14893_14689,0.0
cat__ROUTE_14908_11057,0.0
cat__ROUTE_14771_14570,0.0
cat__ROUTE_14771_14492,0.0
cat__ROUTE_14771_14489,0.0
cat__ROUTE_14771_14487,0.0
cat__ROUTE_14771_14262,0.0
cat__ROUTE_14771_14252,0.0
cat__ROUTE_14771_14122,0.0
cat__ROUTE_14771_14107,0.0
cat__ROUTE_14771_14100,0.0
cat__ROUTE_14771_14057,0.0
cat__ROUTE_14869_10800,0.0
cat__ROUTE_14771_13964,0.0
cat__ROUTE_14771_13930,0.0
cat__ROUTE_14771_13891,0.0
cat__ROUTE_14771_13871,0.0
cat__ROUTE_14771_13830,0.0
cat__ROUTE_14771_13502,0.0
cat__ROUTE_14771_13495,0.0
cat__ROUTE_10140_12266,0.0
cat__ROUTE_14771_13476,0.0
cat__ROUTE_14771_13303,0.0
cat__ROUTE_14771_14004,0.0
cat__ROUTE_14783_13930,0.0
cat__ROUTE_14783_13303,0.0
cat__ROUTE_14783_12892,0.0
cat__ROUTE_14783_12889,0.0
cat__ROUTE_14783_12266,0.0
cat__ROUTE_14783_11298,0.0
cat__ROUTE_14783_11292,0.0
cat__ROUTE_14783_11057,0.0
cat__ROUTE_14783_10466,0.0
cat__ROUTE_14783_10397,0.0
cat__ROUTE_14771_14635,0.0
cat__ROUTE_14771_15304,0.0
cat__ROUTE_14771_15041,0.0
cat__ROUTE_14771_15016,0.0
cat__ROUTE_14771_14908,0.0
cat__ROUTE_14771_14893,0.0
cat__ROUTE_10140_12191,0.0
cat__ROUTE_14771_14747,0.0
cat__ROUTE_14771_14698,0.0
cat__ROUTE_14771_14689,0.0
cat__ROUTE_14771_14683,0.0
cat__ROUTE_14771_14679,0.0
cat__ROUTE_14771_15376,0.0
cat__ROUTE_14771_11278,0.0
cat__ROUTE_14771_11066,0.0
cat__ROUTE_14771_11057,0.0
cat__ROUTE_14771_11042,0.0
cat__ROUTE_14771_10849,0.0
cat__ROUTE_14771_10821,0.0
cat__ROUTE_14771_10800,0.0
cat__ROUTE_14771_10721,0.0
cat__ROUTE_14771_10713,0.0
cat__ROUTE_14771_10693,0.0
cat__ROUTE_14771_13264,0.0
cat__ROUTE_14771_10561,0.0
cat__ROUTE_14771_10423,0.0
cat__ROUTE_14771_10397,0.0
cat__ROUTE_14771_10372,0.0
cat__ROUTE_14771_10157,0.0
cat__ROUTE_14771_10140,0.0
cat__ROUTE_14761_15919,0.0
cat__ROUTE_14761_15412,0.0
cat__ROUTE_14761_15380,0.0
cat__ROUTE_14761_15370,0.0
cat__ROUTE_14761_15323,0.0
cat__ROUTE_14771_10617,0.0
cat__ROUTE_14771_13232,0.0
cat__ROUTE_14771_13204,0.0
cat__ROUTE_14771_13198,0.0
cat__ROUTE_14771_12982,0.0
cat__ROUTE_10140_12889,0.0
cat__ROUTE_14771_12889,0.0
cat__ROUTE_14771_12758,0.0
cat__ROUTE_14771_12478,0.0
cat__ROUTE_14771_12441,0.0
cat__ROUTE_14771_12339,0.0
cat__ROUTE_14771_11292,0.0
cat__ROUTE_10140_12954,0.0
cat__ROUTE_14771_12094,0.0
cat__ROUTE_14771_11884,0.0
cat__ROUTE_14771_11697,0.0
cat__ROUTE_14771_11648,0.0
cat__ROUTE_14771_11638,0.0
cat__ROUTE_14771_11618,0.0
cat__ROUTE_14771_11603,0.0
cat__ROUTE_14771_11503,0.0
cat__ROUTE_14771_11433,0.0
cat__ROUTE_14771_11298,0.0
cat__ROUTE_10140_12892,0.0
cat__ROUTE_14843_12451,0.0
cat__ROUTE_14843_12266,0.0
cat__ROUTE_14843_12264,0.0
cat__ROUTE_14843_12197,0.0
cat__ROUTE_14843_12191,0.0
cat__ROUTE_14843_11697,0.0
cat__ROUTE_10140_11259,0.0
cat__ROUTE_14843_11433,0.0
cat__ROUTE_14843_11298,0.0
cat__ROUTE_14843_11292,0.0
cat__ROUTE_14783_14082,0.0
cat__ROUTE_14843_11057,0.0
cat__ROUTE_14843_11042,0.0
cat__ROUTE_14843_10821,0.0
cat__ROUTE_14843_10721,0.0
cat__ROUTE_14843_10693,0.0
cat__ROUTE_14843_10529,0.0
cat__ROUTE_14843_10423,0.0
cat__ROUTE_14843_10397,0.0
cat__ROUTE_14842_11298,0.0
cat__ROUTE_14831_15016,0.0
cat__ROUTE_14831_14908,0.0
cat__ROUTE_14843_11278,0.0
cat__ROUTE_14869_10779,0.0
cat__ROUTE_14869_10721,0.0
cat__ROUTE_14869_10713,0.0
cat__ROUTE_14869_10693,0.0
cat__ROUTE_14869_10620,0.0
cat__ROUTE_14869_10423,0.0
cat__ROUTE_10140_10423,0.0
cat__ROUTE_14869_10140,0.0
cat__ROUTE_14843_15304,0.0
cat__ROUTE_14843_15027,0.0
cat__ROUTE_14843_12478,0.0
cat__ROUTE_14843_15016,0.0
cat__ROUTE_14843_14683,0.0
cat__ROUTE_14843_14492,0.0
cat__ROUTE_14843_14307,0.0
cat__ROUTE_10140_10800,0.0
cat__ROUTE_14843_13930,0.0
cat__ROUTE_14843_13495,0.0
cat__ROUTE_14843_13487,0.0
cat__ROUTE_14843_13303,0.0
cat__ROUTE_14843_13232,0.0
cat__ROUTE_10140_10821,0.0
cat__ROUTE_14843_15024,0.0
cat__ROUTE_14831_11259,0.0
cat__ROUTE_14831_10800,0.0
cat__ROUTE_14831_10713,0.0
cat__ROUTE_14831_10693,0.0
cat__ROUTE_14831_10423,0.0
cat__ROUTE_14831_10397,0.0
cat__ROUTE_14828_12819,0.0
cat__ROUTE_14828_12523,0.0
cat__ROUTE_14814_12889,0.0
cat__ROUTE_14814_12266,0.0
cat__ROUTE_14831_14869,0.0
cat__ROUTE_14814_11292,0.0
cat__ROUTE_14814_11057,0.0
cat__ROUTE_14814_10397,0.0
cat__ROUTE_14812_11292,0.0
cat__ROUTE_14794_14869,0.0
cat__ROUTE_14794_14107,0.0
cat__ROUTE_14794_12892,0.0
cat__ROUTE_14794_11298,0.0
cat__ROUTE_14794_11292,0.0
cat__ROUTE_14783_14761,0.0
cat__ROUTE_14783_14112,0.0
cat__ROUTE_14814_11298,0.0
cat__ROUTE_10140_11292,0.0
cat__ROUTE_10140_11298,0.0
cat__ROUTE_14831_14570,0.0
cat__ROUTE_14831_14262,0.0
cat__ROUTE_14831_14107,0.0
cat__ROUTE_14831_14057,0.0
cat__ROUTE_14831_13930,0.0
cat__ROUTE_14831_13891,0.0
cat__ROUTE_14831_13830,0.0
cat__ROUTE_14831_13487,0.0
cat__ROUTE_14831_11292,0.0
cat__ROUTE_14831_12982,0.0
cat__ROUTE_14831_12954,0.0
cat__ROUTE_14831_12892,0.0
cat__ROUTE_14831_12889,0.0
cat__ROUTE_14831_12758,0.0
cat__ROUTE_14831_12266,0.0
cat__ROUTE_14831_12191,0.0
cat__ROUTE_14831_12173,0.0
cat__ROUTE_14831_11884,0.0
cat__ROUTE_14831_11603,0.0
cat__ROUTE_14831_11298,0.0
cat__ROUTE_14831_13232,0.0
cat__ROUTE_15370_14869,0.0
cat__ROUTE_15370_14761,0.0
cat__ROUTE_15370_14107,0.0
cat__ROUTE_15370_13930,0.0
cat__ROUTE_15370_13303,0.0
cat__ROUTE_15370_13232,0.0
cat__ROUTE_15370_13204,0.0
cat__ROUTE_15370_12953,0.0
cat__ROUTE_15370_12892,0.0
cat__ROUTE_15370_12889,0.0
cat__ROUTE_14986_11721,0.0
cat__ROUTE_15370_12191,0.0
cat__ROUTE_15370_11298,0.0
cat__ROUTE_15370_11292,0.0
cat__ROUTE_15370_11278,0.0
cat__ROUTE_15370_11259,0.0
cat__ROUTE_15370_11057,0.0
cat__ROUTE_15370_10423,0.0
cat__ROUTE_15370_10397,0.0
cat__ROUTE_15356_15304,0.0
cat__ROUTE_15356_14635,0.0
cat__ROUTE_15370_12266,0.0
cat__ROUTE_15380_13930,0.0
cat__ROUTE_15380_11697,0.0
cat__ROUTE_15380_11057,0.0
cat__ROUTE_15380_10466,0.0
cat__ROUTE_15376_14908,0.0
cat__ROUTE_15376_14893,0.0
cat__ROUTE_15376_14869,0.0
cat__ROUTE_15376_14771,0.0
cat__ROUTE_15376_14747,0.0
cat__ROUTE_15376_14679,0.0
cat__ROUTE_15370_15016,0.0
cat__ROUTE_15376_14057,0.0
cat__ROUTE_15376_13930,0.0
cat__ROUTE_15376_13487,0.0
cat__ROUTE_15376_13232,0.0
cat__ROUTE_15376_12889,0.0
cat__ROUTE_15376_12266,0.0
cat__ROUTE_15376_12191,0.0
cat__ROUTE_15376_11298,0.0
cat__ROUTE_15376_11292,0.0
cat__ROUTE_15376_11259,0.0
cat__ROUTE_15376_10397,0.0
cat__ROUTE_15376_14107,0.0
cat__ROUTE_15304_14057,0.0
cat__ROUTE_15304_13930,0.0
cat__ROUTE_15304_13871,0.0
cat__ROUTE_15304_13495,0.0
cat__ROUTE_15304_13487,0.0
cat__ROUTE_15304_13342,0.0
cat__ROUTE_15304_13303,0.0
cat__ROUTE_15304_13296,0.0
cat__ROUTE_15304_13244,0.0
cat__ROUTE_15304_13232,0.0
cat__ROUTE_15356_14027,0.0
cat__ROUTE_15304_12953,0.0
cat__ROUTE_15304_12892,0.0
cat__ROUTE_15304_12889,0.0
cat__ROUTE_15304_12478,0.0
cat__ROUTE_15304_12391,0.0
cat__ROUTE_15304_12339,0.0
cat__ROUTE_15304_12266,0.0
cat__ROUTE_15304_12264,0.0
cat__ROUTE_15304_12197,0.0
cat__ROUTE_15304_12191,0.0
cat__ROUTE_15304_11986,0.0
cat__ROUTE_15304_13198,0.0
cat__ROUTE_15356_13204,0.0
cat__ROUTE_15356_10397,0.0
cat__ROUTE_15323_14761,0.0
cat__ROUTE_15323_14112,0.0
cat__ROUTE_15323_11298,0.0
cat__ROUTE_15323_11057,0.0
cat__ROUTE_15323_10397,0.0
cat__ROUTE_15304_15356,0.0
cat__ROUTE_15304_15016,0.0
cat__ROUTE_15304_14869,0.0
cat__ROUTE_15304_14100,0.0
cat__ROUTE_15304_14771,0.0
cat__ROUTE_15304_14747,0.0
cat__ROUTE_15304_14730,0.0
cat__ROUTE_15304_14683,0.0
cat__ROUTE_15304_14679,0.0
cat__ROUTE_15304_14576,0.0
cat__ROUTE_15304_14492,0.0
cat__ROUTE_15304_14321,0.0
cat__ROUTE_15304_14307,0.0
cat__ROUTE_15304_14122,0.0
cat__ROUTE_15304_14107,0.0
cat__ROUTE_15304_14843,0.0
cat__ROUTE_15919_11292,0.0
cat__ROUTE_15919_11278,0.0
cat__ROUTE_15919_11057,0.0
cat__ROUTE_15919_10693,0.0
cat__ROUTE_15919_10466,0.0
cat__ROUTE_15919_10397,0.0
cat__ROUTE_15841_14256,0.0
cat__ROUTE_15841_12819,0.0
cat__ROUTE_15624_15919,0.0
cat__ROUTE_15624_15412,0.0
cat__ROUTE_15380_14082,0.0
cat__ROUTE_15624_14730,0.0
cat__ROUTE_15624_13930,0.0
cat__ROUTE_15624_13487,0.0
cat__ROUTE_15624_13232,0.0
cat__ROUTE_15624_13198,0.0
cat__ROUTE_15624_12917,0.0
cat__ROUTE_15624_12889,0.0
cat__ROUTE_15624_12339,0.0
cat__ROUTE_15624_12278,0.0
cat__ROUTE_15624_12191,0.0
cat__ROUTE_15624_11986,0.0
cat__ROUTE_15624_15016,0.0
cat__ROUTE_16869_13487,0.0
cat__ROUTE_16869_11292,0.0
cat__ROUTE_16218_14107,0.0
cat__ROUTE_16218_11298,0.0
cat__ROUTE_16101_14747,0.0
cat__ROUTE_15991_12523,0.0
cat__ROUTE_15991_10926,0.0
cat__ROUTE_15919_15624,0.0
cat__ROUTE_15919_14869,0.0
cat__ROUTE_15919_14761,0.0
cat__ROUTE_15919_11298,0.0
cat__ROUTE_15919_14107,0.0
cat__ROUTE_15919_14100,0.0
cat__ROUTE_15919_13930,0.0
cat__ROUTE_15919_13487,0.0
cat__ROUTE_15919_13303,0.0
cat__ROUTE_15919_12953,0.0
cat__ROUTE_15919_12892,0.0
cat__ROUTE_15919_12889,0.0
cat__ROUTE_15919_12266,0.0
cat__ROUTE_15919_11697,0.0
cat__ROUTE_15919_11433,0.0
cat__ROUTE_15919_14112,0.0
cat__ROUTE_15412_13204,0.0
cat__ROUTE_15412_12953,0.0
cat__ROUTE_15412_12889,0.0
cat__ROUTE_15412_12451,0.0
cat__ROUTE_15412_12266,0.0
cat__ROUTE_15412_12264,0.0
cat__ROUTE_15412_12191,0.0
cat__ROUTE_15412_11697,0.0
cat__ROUTE_15412_11618,0.0
cat__ROUTE_15412_11433,0.0
cat__ROUTE_15624_11721,0.0
cat__ROUTE_15412_11292,0.0
cat__ROUTE_15412_11278,0.0
cat__ROUTE_15412_11057,0.0
cat__ROUTE_15412_10721,0.0
cat__ROUTE_15412_10423,0.0
cat__ROUTE_15412_10397,0.0
cat__ROUTE_15411_11298,0.0
cat__ROUTE_15401_11298,0.0
cat__ROUTE_15389_14869,0.0
cat__ROUTE_15380_14761,0.0
cat__ROUTE_15380_14112,0.0
cat__ROUTE_15412_11298,0.0
cat__ROUTE_15624_11618,0.0
cat__ROUTE_15624_11298,0.0
cat__ROUTE_15624_11278,0.0
cat__ROUTE_15624_11259,0.0
cat__ROUTE_15624_11193,0.0
cat__ROUTE_15624_11057,0.0
cat__ROUTE_15624_10721,0.0
cat__ROUTE_15624_10693,0.0
cat__ROUTE_15624_10676,0.0
cat__ROUTE_15624_10397,0.0
cat__ROUTE_15412_13303,0.0
cat__ROUTE_15569_12266,0.0
cat__ROUTE_15412_15624,0.0
cat__ROUTE_15412_14986,0.0
cat__ROUTE_15412_14761,0.0
cat__ROUTE_15412_14696,0.0
cat__ROUTE_15412_14112,0.0
cat__ROUTE_15412_14107,0.0
cat__ROUTE_15412_14100,0.0
cat__ROUTE_15412_14082,0.0
cat__ROUTE_15412_13930,0.0
cat__ROUTE_15412_13487,0.0
cat__ROUTE_15607_10397,0.0
cat__ROUTE_15016_13577,0.0
cat__ROUTE_15016_13495,0.0
cat__ROUTE_15016_13487,0.0
cat__ROUTE_15016_13342,0.0
cat__ROUTE_15016_13303,0.0
cat__ROUTE_15016_13232,0.0
cat__ROUTE_15016_13204,0.0
cat__ROUTE_15016_13198,0.0
cat__ROUTE_15016_12992,0.0
cat__ROUTE_15016_12954,0.0
cat__ROUTE_15304_11697,0.0
cat__ROUTE_15016_12892,0.0
cat__ROUTE_15016_12889,0.0
cat__ROUTE_15016_12451,0.0
cat__ROUTE_15016_12278,0.0
cat__ROUTE_10135_11057,0.0
cat__ROUTE_15016_12264,0.0
cat__ROUTE_15016_12191,0.0
cat__ROUTE_15016_11697,0.0
cat__ROUTE_15016_11618,0.0
cat__ROUTE_15016_11481,0.0
cat__ROUTE_15016_11433,0.0
cat__ROUTE_15016_12953,0.0
cat__ROUTE_15016_15370,0.0
cat__ROUTE_15016_15304,0.0
cat__ROUTE_15016_14986,0.0
cat__ROUTE_15016_14893,0.0
cat__ROUTE_15016_14869,0.0
cat__ROUTE_15016_14843,0.0
cat__ROUTE_15016_14831,0.0
cat__ROUTE_15016_14771,0.0
cat__ROUTE_15016_14747,0.0
cat__ROUTE_15016_14685,0.0
cat__ROUTE_15016_13796,0.0
cat__ROUTE_15016_14679,0.0
cat__ROUTE_15016_14635,0.0
cat__ROUTE_15016_14492,0.0
cat__ROUTE_15016_14193,0.0
cat__ROUTE_15016_14122,0.0
cat__ROUTE_15016_14107,0.0
cat__ROUTE_15016_14100,0.0
cat__ROUTE_15016_14027,0.0
cat__ROUTE_10135_10693,0.0
cat__ROUTE_15016_13871,0.0
cat__ROUTE_15016_13851,0.0
cat__ROUTE_15016_14683,0.0
cat__ROUTE_14986_14259,0.0
cat__ROUTE_14986_14122,0.0
cat__ROUTE_14986_14108,0.0
cat__ROUTE_14986_14100,0.0
cat__ROUTE_14986_14025,0.0
cat__ROUTE_10135_13204,0.0
cat__ROUTE_14986_13871,0.0
cat__ROUTE_14986_13487,0.0
cat__ROUTE_14986_13367,0.0
cat__ROUTE_14986_13342,0.0
cat__ROUTE_15016_11423,0.0
cat__ROUTE_14986_13230,0.0
cat__ROUTE_14986_13198,0.0
cat__ROUTE_14986_12953,0.0
cat__ROUTE_14986_12917,0.0
cat__ROUTE_14986_12478,0.0
cat__ROUTE_14986_12339,0.0
cat__ROUTE_14986_12266,0.0
cat__ROUTE_14986_12264,0.0
cat__ROUTE_14986_11996,0.0
cat__ROUTE_14986_11986,0.0
cat__ROUTE_14986_11823,0.0
cat__ROUTE_14986_13232,0.0
cat__ROUTE_15016_11298,0.0
cat__ROUTE_15016_11292,0.0
cat__ROUTE_15016_11278,0.0
cat__ROUTE_10135_11697,0.0
cat__ROUTE_15016_11066,0.0
cat__ROUTE_15016_11057,0.0
cat__ROUTE_15016_11042,0.0
cat__ROUTE_15016_10994,0.0
cat__ROUTE_15016_10821,0.0
cat__ROUTE_15016_10800,0.0
cat__ROUTE_14986_14512,0.0
cat__ROUTE_15016_10693,0.0
cat__ROUTE_15016_10423,0.0
cat__ROUTE_15016_10397,0.0
cat__ROUTE_15008_14082,0.0
cat__ROUTE_15008_10466,0.0
cat__ROUTE_14986_15412,0.0
cat__ROUTE_14986_15096,0.0
cat__ROUTE_14986_15016,0.0
cat__ROUTE_14986_14730,0.0
cat__ROUTE_14986_14696,0.0
cat__ROUTE_14986_14574,0.0
cat__ROUTE_15016_10721,0.0
cat__ROUTE_15295_14082,0.0
cat__ROUTE_15249_13303,0.0
cat__ROUTE_15249_11298,0.0
cat__ROUTE_15249_11278,0.0
cat__ROUTE_15249_11057,0.0
cat__ROUTE_15249_10397,0.0
cat__ROUTE_15096_14986,0.0
cat__ROUTE_15096_14761,0.0
cat__ROUTE_15096_14112,0.0
cat__ROUTE_15096_14100,0.0
cat__ROUTE_15016_15624,0.0
cat__ROUTE_15096_13577,0.0
cat__ROUTE_15096_13487,0.0
cat__ROUTE_15096_13303,0.0
cat__ROUTE_10135_10397,0.0
cat__ROUTE_15096_12953,0.0
cat__ROUTE_15096_12478,0.0
cat__ROUTE_15096_12264,0.0
cat__ROUTE_15096_11697,0.0
cat__ROUTE_15096_11618,0.0
cat__ROUTE_15096_11433,0.0
cat__ROUTE_15096_11298,0.0
cat__ROUTE_15096_14082,0.0
cat__ROUTE_15304_11618,0.0
cat__ROUTE_15304_11433,0.0
cat__ROUTE_15304_11298,0.0
cat__ROUTE_15304_11292,0.0
cat__ROUTE_15304_11278,0.0
cat__ROUTE_15304_11259,0.0
cat__ROUTE_15304_11193,0.0
cat__ROUTE_15304_11066,0.0
cat__ROUTE_15304_11057,0.0
cat__ROUTE_15304_11042,0.0
cat__ROUTE_15295_14112,0.0
cat__ROUTE_15304_10792,0.0
cat__ROUTE_15304_10785,0.0
cat__ROUTE_15304_10721,0.0
cat__ROUTE_15304_10693,0.0
cat__ROUTE_15304_10599,0.0
cat__ROUTE_15304_10529,0.0
cat__ROUTE_15304_10423,0.0
cat__ROUTE_15304_10397,0.0
cat__ROUTE_15304_10257,0.0
cat__ROUTE_15304_10158,0.0
cat__ROUTE_15295_14761,0.0
cat__ROUTE_15304_10821,0.0
cat__ROUTE_15027_10397,0.0
cat__ROUTE_15024_14843,0.0
cat__ROUTE_15024_14100,0.0
cat__ROUTE_15024_13930,0.0
cat__ROUTE_15024_13303,0.0
cat__ROUTE_15024_13204,0.0
cat__ROUTE_15024_12478,0.0
cat__ROUTE_15024_12266,0.0
cat__ROUTE_15024_12264,0.0
cat__ROUTE_15024_11697,0.0
cat__ROUTE_15096_11292,0.0
cat__ROUTE_15024_11298,0.0
cat__ROUTE_15024_11057,0.0
cat__ROUTE_15024_10397,0.0
cat__ROUTE_15023_14908,0.0
cat__ROUTE_15023_14747,0.0
cat__ROUTE_15023_14679,0.0
cat__ROUTE_15023_14107,0.0
cat__ROUTE_15023_14057,0.0
cat__ROUTE_15023_12892,0.0
cat__ROUTE_15023_12889,0.0
cat__ROUTE_15023_10800,0.0
cat__ROUTE_15024_11618,0.0
cat__ROUTE_15096_11278,0.0
cat__ROUTE_15096_11057,0.0
cat__ROUTE_15096_10721,0.0
cat__ROUTE_15096_10693,0.0
cat__ROUTE_15096_10397,0.0
cat__ROUTE_15074_11298,0.0
cat__ROUTE_15070_14761,0.0
cat__ROUTE_15070_14112,0.0
cat__ROUTE_15070_14082,0.0
cat__ROUTE_15070_13577,0.0
cat__ROUTE_15027_11057,0.0
cat__ROUTE_15048_13930,0.0
cat__ROUTE_15048_11292,0.0
cat__ROUTE_15041_14869,0.0
cat__ROUTE_15041_14771,0.0
cat__ROUTE_15041_14747,0.0
cat__ROUTE_15041_13930,0.0
cat__ROUTE_15041_12892,0.0
cat__ROUTE_15041_11292,0.0
cat__ROUTE_15027_14843,0.0
cat__ROUTE_15027_13303,0.0
cat__ROUTE_15027_11697,0.0
cat__ROUTE_15070_11697,0.0
cat__ROUTE_14492_15016,0.0
cat__ROUTE_14492_14869,0.0
cat__ROUTE_14492_14843,0.0
cat__ROUTE_14492_14771,0.0
cat__ROUTE_14492_14747,0.0
cat__ROUTE_14492_14122,0.0
cat__ROUTE_14492_14107,0.0
cat__ROUTE_14492_14100,0.0
cat__ROUTE_14492_13930,0.0
cat__ROUTE_14492_13495,0.0
cat__ROUTE_14761_15295,0.0
cat__ROUTE_14492_13303,0.0
cat__ROUTE_14492_13232,0.0
cat__ROUTE_14492_13204,0.0
cat__ROUTE_14492_13198,0.0
cat__ROUTE_14492_12953,0.0
cat__ROUTE_14492_12892,0.0
cat__ROUTE_14492_12889,0.0
cat__ROUTE_14492_12339,0.0
cat__ROUTE_14492_12266,0.0
cat__ROUTE_14492_12264,0.0
cat__ROUTE_14492_13487,0.0
cat__ROUTE_14524_13204,0.0
cat__ROUTE_10158_15304,0.0
cat__ROUTE_14524_12478,0.0
cat__ROUTE_14524_12266,0.0
cat__ROUTE_14524_12264,0.0
cat__ROUTE_14524_11697,0.0
cat__ROUTE_14524_11618,0.0
cat__ROUTE_14524_11433,0.0
cat__ROUTE_14524_11298,0.0
cat__ROUTE_14524_11292,0.0
cat__ROUTE_14492_15304,0.0
cat__ROUTE_14524_10821,0.0
cat__ROUTE_14524_10721,0.0
cat__ROUTE_14524_10693,0.0
cat__ROUTE_14524_10397,0.0
cat__ROUTE_14520_13487,0.0
cat__ROUTE_14512_14986,0.0
cat__ROUTE_14512_14761,0.0
cat__ROUTE_14512_14112,0.0
cat__ROUTE_14512_14082,0.0
cat__ROUTE_14512_12889,0.0
cat__ROUTE_14512_10466,0.0
cat__ROUTE_14524_11057,0.0
cat__ROUTE_14489_11292,0.0
cat__ROUTE_14487_14771,0.0
cat__ROUTE_14487_14747,0.0
cat__ROUTE_14487_12892,0.0
cat__ROUTE_14457_14761,0.0
cat__ROUTE_14457_13930,0.0
cat__ROUTE_14457_13487,0.0
cat__ROUTE_14457_12892,0.0
cat__ROUTE_14457_12889,0.0
cat__ROUTE_14457_11298,0.0
cat__ROUTE_14492_12191,0.0
cat__ROUTE_14457_10466,0.0
cat__ROUTE_14321_15304,0.0
cat__ROUTE_14321_14100,0.0
cat__ROUTE_14321_13930,0.0
cat__ROUTE_14321_13204,0.0
cat__ROUTE_14321_12953,0.0
cat__ROUTE_14321_12478,0.0
cat__ROUTE_14321_12264,0.0
cat__ROUTE_14321_11618,0.0
cat__ROUTE_14321_11433,0.0
cat__ROUTE_14321_11278,0.0
cat__ROUTE_14457_11292,0.0
cat__ROUTE_14492_11697,0.0
cat__ROUTE_10165_10299,0.0
cat__ROUTE_14492_11433,0.0
cat__ROUTE_14492_11298,0.0
cat__ROUTE_14492_11292,0.0
cat__ROUTE_10170_10299,0.0
cat__ROUTE_14492_11259,0.0
cat__ROUTE_14492_11193,0.0
cat__ROUTE_14492_11057,0.0
cat__ROUTE_14492_11042,0.0
cat__ROUTE_14489_12892,0.0
cat__ROUTE_14492_10792,0.0
cat__ROUTE_14492_10721,0.0
cat__ROUTE_14492_10693,0.0
cat__ROUTE_14492_10423,0.0
cat__ROUTE_14492_10397,0.0
cat__ROUTE_14489_14869,0.0
cat__ROUTE_14489_14771,0.0
cat__ROUTE_14489_14747,0.0
cat__ROUTE_14489_14679,0.0
cat__ROUTE_14489_14107,0.0
cat__ROUTE_14489_14057,0.0
cat__ROUTE_14492_10821,0.0
cat__ROUTE_14635_11042,0.0
cat__ROUTE_14635_10821,0.0
cat__ROUTE_14635_10792,0.0
cat__ROUTE_14635_10721,0.0
cat__ROUTE_14635_10693,0.0
cat__ROUTE_14635_10529,0.0
cat__ROUTE_14635_10397,0.0
cat__ROUTE_14635_10257,0.0
cat__ROUTE_14635_10158,0.0
cat__ROUTE_14633_13930,0.0
cat__ROUTE_14524_13232,0.0
cat__ROUTE_14588_11298,0.0
cat__ROUTE_14576_15304,0.0
cat__ROUTE_14576_14635,0.0
cat__ROUTE_14576_14100,0.0
cat__ROUTE_14576_14082,0.0
cat__ROUTE_10158_13577,0.0
cat__ROUTE_14576_13303,0.0
cat__ROUTE_14576_13204,0.0
cat__ROUTE_14576_12953,0.0
cat__ROUTE_14576_12889,0.0
cat__ROUTE_14576_12478,0.0
cat__ROUTE_14633_13487,0.0
cat__ROUTE_14635_13342,0.0
cat__ROUTE_14635_13296,0.0
cat__ROUTE_14635_13232,0.0
cat__ROUTE_14635_13198,0.0
cat__ROUTE_14635_12953,0.0
cat__ROUTE_14635_12892,0.0
cat__ROUTE_14635_12478,0.0
cat__ROUTE_14635_12391,0.0
cat__ROUTE_14635_12339,0.0
cat__ROUTE_14635_12266,0.0
cat__ROUTE_14635_11057,0.0
cat__ROUTE_14635_12197,0.0
cat__ROUTE_14635_12191,0.0
cat__ROUTE_14635_11986,0.0
cat__ROUTE_14635_11618,0.0
cat__ROUTE_14635_11433,0.0
cat__ROUTE_14635_11298,0.0
cat__ROUTE_14635_11292,0.0
cat__ROUTE_14635_11278,0.0
cat__ROUTE_14635_11259,0.0
cat__ROUTE_14635_11193,0.0
cat__ROUTE_14635_11066,0.0
cat__ROUTE_14635_12264,0.0
cat__ROUTE_14570_13930,0.0
cat__ROUTE_14570_13796,0.0
cat__ROUTE_14570_12954,0.0
cat__ROUTE_10158_14635,0.0
cat__ROUTE_14570_12889,0.0
cat__ROUTE_14570_12478,0.0
cat__ROUTE_14570_12266,0.0
cat__ROUTE_14570_11298,0.0
cat__ROUTE_14570_11292,0.0
cat__ROUTE_14570_11259,0.0
cat__ROUTE_14576_12264,0.0
cat__ROUTE_14570_10423,0.0
cat__ROUTE_14570_10397,0.0
cat__ROUTE_14543_11292,0.0
cat__ROUTE_14534_11292,0.0
cat__ROUTE_14524_14761,0.0
cat__ROUTE_14524_14112,0.0
cat__ROUTE_14524_14100,0.0
cat__ROUTE_14524_14082,0.0
cat__ROUTE_14524_13930,0.0
cat__ROUTE_14524_13487,0.0
cat__ROUTE_14524_13303,0.0
cat__ROUTE_14570_10800,0.0
cat__ROUTE_14576_11697,0.0
cat__ROUTE_14576_11618,0.0
cat__ROUTE_14576_11433,0.0
cat__ROUTE_14576_11278,0.0
cat__ROUTE_14576_11057,0.0
cat__ROUTE_14576_10821,0.0
cat__ROUTE_14576_10721,0.0
cat__ROUTE_14576_10397,0.0
cat__ROUTE_14574_14986,0.0
cat__ROUTE_14574_14761,0.0
cat__ROUTE_14570_14057,0.0
cat__ROUTE_14574_14100,0.0
cat__ROUTE_14574_13930,0.0
cat__ROUTE_14574_12953,0.0
cat__ROUTE_14574_12264,0.0
cat__ROUTE_14574_10397,0.0
cat__ROUTE_14570_14869,0.0
cat__ROUTE_14570_14831,0.0
cat__ROUTE_10158_14027,0.0
cat__ROUTE_14570_14747,0.0
cat__ROUTE_14570_14679,0.0
cat__ROUTE_14570_14107,0.0
cat__ROUTE_14574_14112,0.0
cat__ROUTE_14122_12953,0.0
cat__ROUTE_14122_12889,0.0
cat__ROUTE_14122_12478,0.0
cat__ROUTE_14122_12451,0.0
cat__ROUTE_14122_12266,0.0
cat__ROUTE_14122_12264,0.0
cat__ROUTE_14122_12191,0.0
cat__ROUTE_14122_11697,0.0
cat__ROUTE_14122_11624,0.0
cat__ROUTE_14122_11618,0.0
cat__ROUTE_14321_11057,0.0
cat__ROUTE_10208_11298,0.0
cat__ROUTE_14122_11292,0.0
cat__ROUTE_10245_10299,0.0
cat__ROUTE_14122_11259,0.0
cat__ROUTE_10257_10397,0.0
cat__ROUTE_14122_10821,0.0
cat__ROUTE_14122_10721,0.0
cat__ROUTE_14122_10693,0.0
cat__ROUTE_14122_10423,0.0
cat__ROUTE_14122_10397,0.0
cat__ROUTE_14122_11433,0.0
cat__ROUTE_14193_10693,0.0
cat__ROUTE_14193_10397,0.0
cat__ROUTE_14150_11433,0.0
cat__ROUTE_14122_15304,0.0
cat__ROUTE_14122_15016,0.0
cat__ROUTE_14122_14986,0.0
cat__ROUTE_14122_14869,0.0
cat__ROUTE_14122_14771,0.0
cat__ROUTE_14122_14761,0.0
cat__ROUTE_14122_14747,0.0
cat__ROUTE_10208_11278,0.0
cat__ROUTE_14122_14635,0.0
cat__ROUTE_14122_14492,0.0
cat__ROUTE_14122_14112,0.0
cat__ROUTE_14122_14107,0.0
cat__ROUTE_14122_14100,0.0
cat__ROUTE_14122_14082,0.0
cat__ROUTE_14122_14027,0.0
cat__ROUTE_14122_13930,0.0
cat__ROUTE_14122_13487,0.0
cat__ROUTE_14122_13360,0.0
cat__ROUTE_14122_13303,0.0
cat__ROUTE_14122_14685,0.0
cat__ROUTE_14112_12945,0.0
cat__ROUTE_14112_12917,0.0
cat__ROUTE_14112_12544,0.0
cat__ROUTE_14112_12339,0.0
cat__ROUTE_14112_12265,0.0
cat__ROUTE_14112_12223,0.0
cat__ROUTE_14112_12119,0.0
cat__ROUTE_14112_11996,0.0
cat__ROUTE_14112_11995,0.0
cat__ROUTE_14112_11986,0.0
cat__ROUTE_14113_14869,0.0
cat__ROUTE_14112_11775,0.0
cat__ROUTE_14112_11721,0.0
cat__ROUTE_14112_11637,0.0
cat__ROUTE_14112_11624,0.0
cat__ROUTE_14112_11612,0.0
cat__ROUTE_14112_11537,0.0
cat__ROUTE_14112_11423,0.0
cat__ROUTE_14112_11267,0.0
cat__ROUTE_14112_11193,0.0
cat__ROUTE_14112_11109,0.0
cat__ROUTE_14112_11027,0.0
cat__ROUTE_14112_11823,0.0
cat__ROUTE_14112_15919,0.0
cat__ROUTE_14112_15412,0.0
cat__ROUTE_14112_15380,0.0
cat__ROUTE_14112_15323,0.0
cat__ROUTE_14112_15295,0.0
cat__ROUTE_14112_15096,0.0
cat__ROUTE_14112_15070,0.0
cat__ROUTE_14112_14783,0.0
cat__ROUTE_14112_14730,0.0
cat__ROUTE_14112_14696,0.0
cat__ROUTE_14112_13198,0.0
cat__ROUTE_14112_14574,0.0
cat__ROUTE_14112_14524,0.0
cat__ROUTE_14112_14512,0.0
cat__ROUTE_14112_14122,0.0
cat__ROUTE_14112_14108,0.0
cat__ROUTE_14112_14025,0.0
cat__ROUTE_14112_13871,0.0
cat__ROUTE_14112_13367,0.0
cat__ROUTE_14112_13256,0.0
cat__ROUTE_14112_13244,0.0
cat__ROUTE_14112_13230,0.0
cat__ROUTE_14112_14685,0.0
cat__ROUTE_14307_11697,0.0
cat__ROUTE_14307_11618,0.0
cat__ROUTE_14307_11433,0.0
cat__ROUTE_14307_11292,0.0
cat__ROUTE_14307_11278,0.0
cat__ROUTE_14307_11057,0.0
cat__ROUTE_14307_10821,0.0
cat__ROUTE_14307_10397,0.0
cat__ROUTE_10185_11298,0.0
cat__ROUTE_14303_10713,0.0
cat__ROUTE_10208_11057,0.0
cat__ROUTE_14262_14869,0.0
cat__ROUTE_14262_14831,0.0
cat__ROUTE_14262_14771,0.0
cat__ROUTE_14262_14747,0.0
cat__ROUTE_14262_14107,0.0
cat__ROUTE_14262_14057,0.0
cat__ROUTE_14262_14004,0.0
cat__ROUTE_14262_13930,0.0
cat__ROUTE_14262_13796,0.0
cat__ROUTE_14262_13487,0.0
cat__ROUTE_14262_13232,0.0
cat__ROUTE_14262_14893,0.0
cat__ROUTE_14321_10397,0.0
cat__ROUTE_14314_14908,0.0
cat__ROUTE_14314_14761,0.0
cat__ROUTE_14314_14679,0.0
cat__ROUTE_14314_14107,0.0
cat__ROUTE_14314_14057,0.0
cat__ROUTE_14314_13232,0.0
cat__ROUTE_14314_12889,0.0
cat__ROUTE_14314_12191,0.0
cat__ROUTE_14314_11298,0.0
cat__ROUTE_14307_12264,0.0
cat__ROUTE_14314_10466,0.0
cat__ROUTE_14314_10423,0.0
cat__ROUTE_14307_15304,0.0
cat__ROUTE_14307_14843,0.0
cat__ROUTE_14307_14635,0.0
cat__ROUTE_14307_14100,0.0
cat__ROUTE_14307_14082,0.0
cat__ROUTE_14307_14027,0.0
cat__ROUTE_14307_13930,0.0
cat__ROUTE_14307_13232,0.0
cat__ROUTE_10185_10397,0.0
cat__ROUTE_14314_10693,0.0
cat__ROUTE_14252_12889,0.0
cat__ROUTE_14252_11292,0.0
cat__ROUTE_14252_10466,0.0
cat__ROUTE_14237_12892,0.0
cat__ROUTE_14237_11292,0.0
cat__ROUTE_14231_10721,0.0
cat__ROUTE_14222_12173,0.0
cat__ROUTE_14193_15016,0.0
cat__ROUTE_14193_13930,0.0
cat__ROUTE_14193_13303,0.0
cat__ROUTE_14262_12892,0.0
cat__ROUTE_14193_13204,0.0
cat__ROUTE_14193_13198,0.0
cat__ROUTE_14193_12953,0.0
cat__ROUTE_14193_12266,0.0
cat__ROUTE_14193_12191,0.0
cat__ROUTE_14193_11697,0.0
cat__ROUTE_14193_11433,0.0
cat__ROUTE_14193_11298,0.0
cat__ROUTE_14193_11292,0.0
cat__ROUTE_14193_11278,0.0
cat__ROUTE_14193_11259,0.0
cat__ROUTE_14193_13232,0.0
cat__ROUTE_14262_12889,0.0
cat__ROUTE_14262_12478,0.0
cat__ROUTE_14262_12266,0.0
cat__ROUTE_14262_12264,0.0
cat__ROUTE_14262_11298,0.0
cat__ROUTE_14262_11292,0.0
cat__ROUTE_14262_11259,0.0
cat__ROUTE_14262_10713,0.0
cat__ROUTE_14262_10666,0.0
cat__ROUTE_14262_10397,0.0
cat__ROUTE_14252_12892,0.0
cat__ROUTE_14259_14761,0.0
cat__ROUTE_14259_14082,0.0
cat__ROUTE_14256_15841,0.0
cat__ROUTE_14256_12523,0.0
cat__ROUTE_14254_13204,0.0
cat__ROUTE_14254_12478,0.0
cat__ROUTE_14252_14869,0.0
cat__ROUTE_14252_14771,0.0
cat__ROUTE_14252_14747,0.0
cat__ROUTE_14252_14107,0.0
cat__ROUTE_14252_13487,0.0
cat__ROUTE_14259_14986,0.0
cat__ROUTE_14747_12003,0.0
cat__ROUTE_14747_11884,0.0
cat__ROUTE_14747_11697,0.0
cat__ROUTE_14747_11648,0.0
cat__ROUTE_14747_11638,0.0
cat__ROUTE_14747_11630,0.0
cat__ROUTE_14747_11618,0.0
cat__ROUTE_14747_11603,0.0
cat__ROUTE_14747_11540,0.0
cat__ROUTE_14747_11503,0.0
cat__ROUTE_14635_13487,0.0
cat__ROUTE_14747_11433,0.0
cat__ROUTE_14747_11298,0.0
cat__ROUTE_14747_11292,0.0
cat__ROUTE_14747_11278,0.0
cat__ROUTE_14747_11259,0.0
cat__ROUTE_14747_11193,0.0
cat__ROUTE_14747_11066,0.0
cat__ROUTE_14747_11057,0.0
cat__ROUTE_14747_11042,0.0
cat__ROUTE_14747_10994,0.0
cat__ROUTE_14747_11470,0.0
cat__ROUTE_14747_13476,0.0
cat__ROUTE_14747_13342,0.0
cat__ROUTE_14747_13303,0.0
cat__ROUTE_14747_13264,0.0
cat__ROUTE_14747_13232,0.0
cat__ROUTE_14747_13204,0.0
cat__ROUTE_14747_13198,0.0
cat__ROUTE_14747_13127,0.0
cat__ROUTE_14747_12982,0.0
cat__ROUTE_10140_14057,0.0
cat__ROUTE_14747_12094,0.0
cat__ROUTE_14747_12758,0.0
cat__ROUTE_14747_12523,0.0
cat__ROUTE_14747_12478,0.0
cat__ROUTE_14747_12441,0.0
cat__ROUTE_14747_12339,0.0
cat__ROUTE_14747_12280,0.0
cat__ROUTE_14747_12278,0.0
cat__ROUTE_14747_12266,0.0
cat__ROUTE_14747_12264,0.0
cat__ROUTE_10140_14679,0.0
cat__ROUTE_14747_12156,0.0
cat__ROUTE_14747_12819,0.0
cat__ROUTE_14730_13487,0.0
cat__ROUTE_14730_13303,0.0
cat__ROUTE_14730_13232,0.0
cat__ROUTE_14730_13204,0.0
cat__ROUTE_10140_14771,0.0
cat__ROUTE_14730_12889,0.0
cat__ROUTE_14730_12266,0.0
cat__ROUTE_14730_12264,0.0
cat__ROUTE_14730_12191,0.0
cat__ROUTE_14730_11697,0.0
cat__ROUTE_14747_10849,0.0
cat__ROUTE_14730_11433,0.0
cat__ROUTE_14730_11298,0.0
cat__ROUTE_14730_11292,0.0
cat__ROUTE_14730_11278,0.0
cat__ROUTE_14730_11259,0.0
cat__ROUTE_10140_14869,0.0
cat__ROUTE_14730_10821,0.0
cat__ROUTE_14730_10721,0.0
cat__ROUTE_14730_10397,0.0
cat__ROUTE_14716_14107,0.0
cat__ROUTE_14716_12889,0.0
cat__ROUTE_14730_11618,0.0
cat__ROUTE_14747_10821,0.0
cat__ROUTE_14747_10800,0.0
cat__ROUTE_14747_10721,0.0
cat__ROUTE_14747_10713,0.0
cat__ROUTE_14747_10693,0.0
cat__ROUTE_14747_10666,0.0
cat__ROUTE_14747_10620,0.0
cat__ROUTE_14747_10423,0.0
cat__ROUTE_14747_10397,0.0
cat__ROUTE_10140_14747,0.0
cat__ROUTE_14730_13577,0.0
cat__ROUTE_14747_10140,0.0
cat__ROUTE_14730_15624,0.0
cat__ROUTE_14730_15304,0.0
cat__ROUTE_14730_14986,0.0
cat__ROUTE_14730_14761,0.0
cat__ROUTE_14730_14635,0.0
cat__ROUTE_14730_14112,0.0
cat__ROUTE_14730_14107,0.0
cat__ROUTE_14730_14100,0.0
cat__ROUTE_14730_14082,0.0
cat__ROUTE_14730_13930,0.0
cat__ROUTE_14747_10275,0.0
cat__ROUTE_14761_12917,0.0
cat__ROUTE_14761_12544,0.0
cat__ROUTE_14761_12339,0.0
cat__ROUTE_14761_12265,0.0
cat__ROUTE_14761_12223,0.0
cat__ROUTE_14761_12119,0.0
cat__ROUTE_14761_11996,0.0
cat__ROUTE_14761_11995,0.0
cat__ROUTE_14761_11986,0.0
cat__ROUTE_14761_11898,0.0
cat__ROUTE_10140_13930,0.0
cat__ROUTE_14761_11775,0.0
cat__ROUTE_14761_11721,0.0
cat__ROUTE_14761_11637,0.0
cat__ROUTE_14761_11624,0.0
cat__ROUTE_14761_11612,0.0
cat__ROUTE_14761_11537,0.0
cat__ROUTE_14761_11423,0.0
cat__ROUTE_14761_11267,0.0
cat__ROUTE_14761_11193,0.0
cat__ROUTE_14761_11027,0.0
cat__ROUTE_14761_11003,0.0
cat__ROUTE_14761_11823,0.0
cat__ROUTE_14761_15096,0.0
cat__ROUTE_14761_15070,0.0
cat__ROUTE_14761_14783,0.0
cat__ROUTE_14761_14730,0.0
cat__ROUTE_14761_14696,0.0
cat__ROUTE_14761_14574,0.0
cat__ROUTE_14761_14524,0.0
cat__ROUTE_14761_14512,0.0
cat__ROUTE_14761_14457,0.0
cat__ROUTE_14761_14314,0.0
cat__ROUTE_14761_12945,0.0
cat__ROUTE_14761_14122,0.0
cat__ROUTE_14761_14108,0.0
cat__ROUTE_14761_14025,0.0
cat__ROUTE_14761_13931,0.0
cat__ROUTE_14761_13871,0.0
cat__ROUTE_14761_13433,0.0
cat__ROUTE_14761_13367,0.0
cat__ROUTE_14761_13256,0.0
cat__ROUTE_14761_13244,0.0
cat__ROUTE_14761_13230,0.0
cat__ROUTE_14761_12992,0.0
cat__ROUTE_14761_14259,0.0
cat__ROUTE_14747_14683,0.0
cat__ROUTE_10140_13204,0.0
cat__ROUTE_14747_14635,0.0
cat__ROUTE_14747_14570,0.0
cat__ROUTE_14747_14492,0.0
cat__ROUTE_14747_14489,0.0
cat__ROUTE_14747_14487,0.0
cat__ROUTE_14747_14303,0.0
cat__ROUTE_14747_14262,0.0
cat__ROUTE_14747_14252,0.0
cat__ROUTE_14761_10980,0.0
cat__ROUTE_14747_14107,0.0
cat__ROUTE_14747_14100,0.0
cat__ROUTE_10140_13232,0.0
cat__ROUTE_14747_13930,0.0
cat__ROUTE_14747_13891,0.0
cat__ROUTE_14747_13871,0.0
cat__ROUTE_14747_13851,0.0
cat__ROUTE_10140_13487,0.0
cat__ROUTE_14747_13796,0.0
cat__ROUTE_14747_13495,0.0
cat__ROUTE_10140_13796,0.0
cat__ROUTE_14747_14122,0.0
cat__ROUTE_14761_10874,0.0
cat__ROUTE_14761_10693,0.0
cat__ROUTE_14761_10685,0.0
cat__ROUTE_14761_10676,0.0
cat__ROUTE_14761_10627,0.0
cat__ROUTE_14761_10581,0.0
cat__ROUTE_14761_10431,0.0
cat__ROUTE_14761_10408,0.0
cat__ROUTE_14761_10257,0.0
cat__ROUTE_14761_10135,0.0
cat__ROUTE_14747_14689,0.0
cat__ROUTE_14747_15376,0.0
cat__ROUTE_14747_15304,0.0
cat__ROUTE_14747_15041,0.0
cat__ROUTE_14747_15023,0.0
cat__ROUTE_14747_15016,0.0
cat__ROUTE_14747_14908,0.0
cat__ROUTE_14747_14893,0.0
cat__ROUTE_14747_14869,0.0
cat__ROUTE_14747_14831,0.0
cat__ROUTE_10140_13198,0.0
cat__ROUTE_14747_14698,0.0
cat__ROUTE_14747_16101,0.0
cat__ROUTE_14679_14747,0.0
cat__ROUTE_14679_14698,0.0
cat__ROUTE_14679_14683,0.0
cat__ROUTE_14679_14570,0.0
cat__ROUTE_14679_14489,0.0
cat__ROUTE_14679_14314,0.0
cat__ROUTE_10155_11298,0.0
cat__ROUTE_14679_14100,0.0
cat__ROUTE_14679_14057,0.0
cat__ROUTE_14679_14004,0.0
cat__ROUTE_14711_14100,0.0
cat__ROUTE_14679_13830,0.0
cat__ROUTE_14679_13796,0.0
cat__ROUTE_14679_13495,0.0
cat__ROUTE_14679_13487,0.0
cat__ROUTE_14679_13476,0.0
cat__ROUTE_14679_13303,0.0
cat__ROUTE_14679_13232,0.0
cat__ROUTE_14679_13204,0.0
cat__ROUTE_14679_13198,0.0
cat__ROUTE_14679_12982,0.0
cat__ROUTE_14679_12892,0.0
cat__ROUTE_14679_13930,0.0
cat__ROUTE_14683_12266,0.0
cat__ROUTE_14683_12264,0.0
cat__ROUTE_14683_11697,0.0
cat__ROUTE_14683_11618,0.0
cat__ROUTE_14683_11540,0.0
cat__ROUTE_14683_11433,0.0
cat__ROUTE_14683_11292,0.0
cat__ROUTE_14683_11278,0.0
cat__ROUTE_14683_11259,0.0
cat__ROUTE_14683_11109,0.0
cat__ROUTE_14679_14771,0.0
cat__ROUTE_14683_10821,0.0
cat__ROUTE_14683_10800,0.0
cat__ROUTE_14683_10721,0.0
cat__ROUTE_14683_10693,0.0
cat__ROUTE_14683_10397,0.0
cat__ROUTE_14679_15376,0.0
cat__ROUTE_14679_15304,0.0
cat__ROUTE_14679_15023,0.0
cat__ROUTE_14679_15016,0.0
cat__ROUTE_14679_14869,0.0
cat__ROUTE_14679_14831,0.0
cat__ROUTE_14683_11057,0.0
cat__ROUTE_14679_10821,0.0
cat__ROUTE_10157_14771,0.0
cat__ROUTE_14679_10713,0.0
cat__ROUTE_14679_10693,0.0
cat__ROUTE_10158_11697,0.0
cat__ROUTE_10158_13204,0.0
cat__ROUTE_14679_10140,0.0
cat__ROUTE_14674_14107,0.0
cat__ROUTE_14674_12266,0.0
cat__ROUTE_14674_11298,0.0
cat__ROUTE_10157_11292,0.0
cat__ROUTE_14635_15356,0.0
cat__ROUTE_14635_15016,0.0
cat__ROUTE_14635_14771,0.0
cat__ROUTE_14635_14747,0.0
cat__ROUTE_14635_14730,0.0
cat__ROUTE_14635_14576,0.0
cat__ROUTE_14635_14307,0.0
cat__ROUTE_14635_14122,0.0
cat__ROUTE_14635_14100,0.0
cat__ROUTE_14635_13933,0.0
cat__ROUTE_14635_13930,0.0
cat__ROUTE_14674_11292,0.0
cat__ROUTE_14679_12758,0.0
cat__ROUTE_10157_12892,0.0
cat__ROUTE_14679_12441,0.0
cat__ROUTE_14679_12339,0.0
cat__ROUTE_14679_12266,0.0
cat__ROUTE_14679_12264,0.0
cat__ROUTE_14679_12191,0.0
cat__ROUTE_14679_12173,0.0
cat__ROUTE_14679_12094,0.0
cat__ROUTE_14679_11884,0.0
cat__ROUTE_14679_10849,0.0
cat__ROUTE_14679_11638,0.0
cat__ROUTE_14679_11603,0.0
cat__ROUTE_14679_11540,0.0
cat__ROUTE_14679_11503,0.0
cat__ROUTE_14679_11433,0.0
cat__ROUTE_14679_11298,0.0
cat__ROUTE_14679_11292,0.0
cat__ROUTE_14679_11278,0.0
cat__ROUTE_14679_11259,0.0
cat__ROUTE_14679_11109,0.0
cat__ROUTE_14679_11057,0.0
cat__ROUTE_14679_11697,0.0
cat__ROUTE_14696_11433,0.0
cat__ROUTE_14696_11298,0.0
cat__ROUTE_14696_11057,0.0
cat__ROUTE_14696_10466,0.0
cat__ROUTE_14696_10397,0.0
cat__ROUTE_14689_14893,0.0
cat__ROUTE_14689_14869,0.0
cat__ROUTE_14689_14771,0.0
cat__ROUTE_14689_14747,0.0
cat__ROUTE_14689_14107,0.0
cat__ROUTE_14683_12478,0.0
cat__ROUTE_14689_13796,0.0
cat__ROUTE_14689_12892,0.0
cat__ROUTE_14689_12889,0.0
cat__ROUTE_14689_11298,0.0
cat__ROUTE_14689_11292,0.0
cat__ROUTE_14689_10397,0.0
cat__ROUTE_14685_15016,0.0
cat__ROUTE_14685_14122,0.0
cat__ROUTE_14685_14112,0.0
cat__ROUTE_14685_14100,0.0
cat__ROUTE_14685_14082,0.0
cat__ROUTE_14689_14057,0.0
cat__ROUTE_14711_13930,0.0
cat__ROUTE_14711_12264,0.0
cat__ROUTE_14709_10299,0.0
cat__ROUTE_14704_14100,0.0
cat__ROUTE_14704_11057,0.0
cat__ROUTE_14698_14771,0.0
cat__ROUTE_14698_14747,0.0
cat__ROUTE_14698_14679,0.0
cat__ROUTE_14698_14107,0.0
cat__ROUTE_14698_14057,0.0
cat__ROUTE_14696_12264,0.0
cat__ROUTE_14698_12889,0.0
cat__ROUTE_14698_11298,0.0
cat__ROUTE_14698_11292,0.0
cat__ROUTE_14696_15412,0.0
cat__ROUTE_14696_14986,0.0
cat__ROUTE_14696_14761,0.0
cat__ROUTE_14696_14112,0.0
cat__ROUTE_14696_14082,0.0
cat__ROUTE_14696_13930,0.0
cat__ROUTE_14696_13487,0.0
cat__ROUTE_14696_12889,0.0
cat__ROUTE_14698_12892,0.0
cat__ROUTE_14685_10693,0.0
cat__ROUTE_14685_10431,0.0
cat__ROUTE_14685_10408,0.0
cat__ROUTE_14685_10397,0.0
cat__ROUTE_14683_15304,0.0
cat__ROUTE_14683_15016,0.0
cat__ROUTE_14683_14869,0.0
cat__ROUTE_14683_14843,0.0
cat__ROUTE_14683_14771,0.0
cat__ROUTE_14683_14747,0.0
cat__ROUTE_14685_13930,0.0
cat__ROUTE_14683_14107,0.0
cat__ROUTE_14683_13930,0.0
cat__ROUTE_14683_13851,0.0
cat__ROUTE_14683_13495,0.0
cat__ROUTE_14683_13487,0.0
cat__ROUTE_14683_13303,0.0
cat__ROUTE_14683_13232,0.0
cat__ROUTE_14683_13204,0.0
cat__ROUTE_14683_13198,0.0
cat__ROUTE_14683_12892,0.0
cat__ROUTE_14683_12889,0.0
cat__ROUTE_14683_14679,0.0
cat__ROUTE_14685_13487,0.0
cat__ROUTE_14685_13303,0.0
cat__ROUTE_14685_13232,0.0
cat__ROUTE_14685_12953,0.0
cat__ROUTE_14685_12917,0.0
cat__ROUTE_10141_13487,0.0
cat__ROUTE_14685_12339,0.0
cat__ROUTE_14685_12266,0.0
cat__ROUTE_14685_12264,0.0
cat__ROUTE_14685_12191,0.0
cat__ROUTE_14685_10721,0.0
cat__ROUTE_14685_11697,0.0
cat__ROUTE_14685_11618,0.0
cat__ROUTE_14685_11433,0.0
cat__ROUTE_14685_11298,0.0
cat__ROUTE_14685_11292,0.0
cat__ROUTE_14685_11278,0.0
cat__ROUTE_14685_11259,0.0
cat__ROUTE_14685_11193,0.0
cat__ROUTE_10146_10397,0.0
cat__ROUTE_14685_10874,0.0
cat__ROUTE_14685_10821,0.0
cat__ROUTE_14685_11986,0.0
cat__ROUTE_11259_12954,0.0
cat__ROUTE_11259_12953,0.0
cat__ROUTE_11259_12896,0.0
cat__ROUTE_11259_12892,0.0
cat__ROUTE_11259_12889,0.0
cat__ROUTE_11259_12451,0.0
cat__ROUTE_11259_12339,0.0
cat__ROUTE_11259_12206,0.0
cat__ROUTE_10397_14524,0.0
cat__ROUTE_11259_12094,0.0
cat__ROUTE_12953_11042,0.0
cat__ROUTE_11259_11540,0.0
cat__ROUTE_11259_11481,0.0
cat__ROUTE_11259_11292,0.0
cat__ROUTE_11259_11278,0.0
cat__ROUTE_11259_11109,0.0
cat__ROUTE_11259_11066,0.0
cat__ROUTE_11259_11057,0.0
cat__ROUTE_11259_10994,0.0
cat__ROUTE_11259_10821,0.0
cat__ROUTE_11259_10800,0.0
cat__ROUTE_11259_11697,0.0
cat__ROUTE_11259_14635,0.0
cat__ROUTE_11259_14570,0.0
cat__ROUTE_11259_14492,0.0
cat__ROUTE_11259_14262,0.0
cat__ROUTE_11259_14193,0.0
cat__ROUTE_11259_14122,0.0
cat__ROUTE_11259_14107,0.0
cat__ROUTE_11259_14100,0.0
cat__ROUTE_11259_14057,0.0
cat__ROUTE_11259_13930,0.0
cat__ROUTE_11259_12992,0.0
cat__ROUTE_11259_13871,0.0
cat__ROUTE_11259_13796,0.0
cat__ROUTE_11259_13502,0.0
cat__ROUTE_11259_13487,0.0
cat__ROUTE_11259_13342,0.0
cat__ROUTE_11259_13303,0.0
cat__ROUTE_11259_13244,0.0
cat__ROUTE_11259_13232,0.0
cat__ROUTE_11259_13204,0.0
cat__ROUTE_11259_13198,0.0
cat__ROUTE_11259_13158,0.0
cat__ROUTE_11259_13891,0.0
cat__ROUTE_11193_14112,0.0
cat__ROUTE_11193_14107,0.0
cat__ROUTE_11193_14100,0.0
cat__ROUTE_11193_14082,0.0
cat__ROUTE_11193_14027,0.0
cat__ROUTE_10397_14574,0.0
cat__ROUTE_11193_13495,0.0
cat__ROUTE_11193_13487,0.0
cat__ROUTE_11193_13360,0.0
cat__ROUTE_11193_13303,0.0
cat__ROUTE_11259_10693,0.0
cat__ROUTE_11193_13204,0.0
cat__ROUTE_11193_12953,0.0
cat__ROUTE_11193_12892,0.0
cat__ROUTE_11193_12889,0.0
cat__ROUTE_11193_12478,0.0
cat__ROUTE_11193_12451,0.0
cat__ROUTE_11193_12266,0.0
cat__ROUTE_11193_12264,0.0
cat__ROUTE_10397_14576,0.0
cat__ROUTE_11193_11624,0.0
cat__ROUTE_11193_11618,0.0
cat__ROUTE_11193_13232,0.0
cat__ROUTE_11259_10599,0.0
cat__ROUTE_11259_10423,0.0
cat__ROUTE_11259_10397,0.0
cat__ROUTE_11259_10279,0.0
cat__ROUTE_11259_10140,0.0
cat__ROUTE_11252_12953,0.0
cat__ROUTE_11252_11433,0.0
cat__ROUTE_11252_11298,0.0
cat__ROUTE_11252_11278,0.0
cat__ROUTE_11252_11057,0.0
cat__ROUTE_11193_14492,0.0
cat__ROUTE_11233_11292,0.0
cat__ROUTE_11203_13930,0.0
cat__ROUTE_11203_13487,0.0
cat__ROUTE_11193_15624,0.0
cat__ROUTE_10397_14570,0.0
cat__ROUTE_11193_14986,0.0
cat__ROUTE_11193_14869,0.0
cat__ROUTE_11193_14761,0.0
cat__ROUTE_11193_14747,0.0
cat__ROUTE_11193_14685,0.0
cat__ROUTE_11193_14635,0.0
cat__ROUTE_11252_10397,0.0
cat__ROUTE_11278_12266,0.0
cat__ROUTE_11278_12217,0.0
cat__ROUTE_11278_12197,0.0
cat__ROUTE_11278_12191,0.0
cat__ROUTE_11278_12124,0.0
cat__ROUTE_11278_11996,0.0
cat__ROUTE_11278_11995,0.0
cat__ROUTE_11278_11986,0.0
cat__ROUTE_11278_11697,0.0
cat__ROUTE_11278_11624,0.0
cat__ROUTE_11259_14679,0.0
cat__ROUTE_11278_11481,0.0
cat__ROUTE_11278_11433,0.0
cat__ROUTE_11278_11423,0.0
cat__ROUTE_11278_11298,0.0
cat__ROUTE_11278_11292,0.0
cat__ROUTE_11278_11267,0.0
cat__ROUTE_11278_11259,0.0
cat__ROUTE_11278_11252,0.0
cat__ROUTE_11278_11193,0.0
cat__ROUTE_11278_11146,0.0
cat__ROUTE_11278_11066,0.0
cat__ROUTE_11278_11618,0.0
cat__ROUTE_11278_13495,0.0
cat__ROUTE_10397_14193,0.0
cat__ROUTE_11278_13485,0.0
cat__ROUTE_10397_14262,0.0
cat__ROUTE_11278_13303,0.0
cat__ROUTE_11278_13296,0.0
cat__ROUTE_11278_13277,0.0
cat__ROUTE_11278_13244,0.0
cat__ROUTE_11278_13232,0.0
cat__ROUTE_11278_13204,0.0
cat__ROUTE_11278_12278,0.0
cat__ROUTE_11278_12992,0.0
cat__ROUTE_11278_12953,0.0
cat__ROUTE_11278_12945,0.0
cat__ROUTE_11278_12892,0.0
cat__ROUTE_11278_12889,0.0
cat__ROUTE_11278_12884,0.0
cat__ROUTE_11278_12478,0.0
cat__ROUTE_11278_12451,0.0
cat__ROUTE_11278_12448,0.0
cat__ROUTE_11278_12339,0.0
cat__ROUTE_11278_12323,0.0
cat__ROUTE_10397_14307,0.0
cat__ROUTE_11267_13930,0.0
cat__ROUTE_11267_12953,0.0
cat__ROUTE_11267_12264,0.0
cat__ROUTE_11267_11298,0.0
cat__ROUTE_11267_11292,0.0
cat__ROUTE_11267_11278,0.0
cat__ROUTE_11267_11057,0.0
cat__ROUTE_11267_10397,0.0
cat__ROUTE_11259_15624,0.0
cat__ROUTE_11259_15376,0.0
cat__ROUTE_11278_11057,0.0
cat__ROUTE_11259_15304,0.0
cat__ROUTE_11259_15016,0.0
cat__ROUTE_11259_14986,0.0
cat__ROUTE_11259_14908,0.0
cat__ROUTE_11259_14893,0.0
cat__ROUTE_11259_14869,0.0
cat__ROUTE_11259_14831,0.0
cat__ROUTE_11259_14747,0.0
cat__ROUTE_11259_14730,0.0
cat__ROUTE_11259_14685,0.0
cat__ROUTE_11259_14683,0.0
cat__ROUTE_11259_15370,0.0
cat__ROUTE_11278_11042,0.0
cat__ROUTE_11278_11003,0.0
cat__ROUTE_11278_10994,0.0
cat__ROUTE_11278_10980,0.0
cat__ROUTE_11278_10874,0.0
cat__ROUTE_11278_10868,0.0
cat__ROUTE_11278_10792,0.0
cat__ROUTE_11278_10785,0.0
cat__ROUTE_11278_10781,0.0
cat__ROUTE_10397_14321,0.0
cat__ROUTE_11267_14082,0.0
cat__ROUTE_11278_10599,0.0
cat__ROUTE_11278_10581,0.0
cat__ROUTE_11278_10529,0.0
cat__ROUTE_11278_10431,0.0
cat__ROUTE_11278_10423,0.0
cat__ROUTE_11278_10397,0.0
cat__ROUTE_11278_10257,0.0
cat__ROUTE_11278_10208,0.0
cat__ROUTE_11267_14761,0.0
cat__ROUTE_11267_14112,0.0
cat__ROUTE_11267_14100,0.0
cat__ROUTE_10397_14492,0.0
cat__ROUTE_11057_14107,0.0
cat__ROUTE_11057_14100,0.0
cat__ROUTE_11057_14098,0.0
cat__ROUTE_11057_14092,0.0
cat__ROUTE_11057_14057,0.0
cat__ROUTE_11057_14027,0.0
cat__ROUTE_11057_13931,0.0
cat__ROUTE_11057_13930,0.0
cat__ROUTE_11057_13891,0.0
cat__ROUTE_11057_13871,0.0
cat__ROUTE_11193_11433,0.0
cat__ROUTE_11057_13795,0.0
cat__ROUTE_11057_13577,0.0
cat__ROUTE_11057_13495,0.0
cat__ROUTE_10397_14685,0.0
cat__ROUTE_11057_13485,0.0
cat__ROUTE_11057_13422,0.0
cat__ROUTE_11057_13367,0.0
cat__ROUTE_11057_13360,0.0
cat__ROUTE_11057_13342,0.0
cat__ROUTE_11057_13303,0.0
cat__ROUTE_11057_13296,0.0
cat__ROUTE_11057_13851,0.0
cat__ROUTE_11057_14893,0.0
cat__ROUTE_11057_14869,0.0
cat__ROUTE_11057_14843,0.0
cat__ROUTE_11057_14814,0.0
cat__ROUTE_11057_14783,0.0
cat__ROUTE_11057_14771,0.0
cat__ROUTE_11057_14747,0.0
cat__ROUTE_11057_14730,0.0
cat__ROUTE_11057_14704,0.0
cat__ROUTE_11057_14696,0.0
cat__ROUTE_11057_14108,0.0
cat__ROUTE_11057_14683,0.0
cat__ROUTE_11057_14679,0.0
cat__ROUTE_11057_14635,0.0
cat__ROUTE_11057_14576,0.0
cat__ROUTE_11057_14574,0.0
cat__ROUTE_11057_14524,0.0
cat__ROUTE_11057_14492,0.0
cat__ROUTE_11057_14321,0.0
cat__ROUTE_11057_14307,0.0
cat__ROUTE_11057_14193,0.0
cat__ROUTE_11057_14122,0.0
cat__ROUTE_11057_14685,0.0
cat__ROUTE_11057_12124,0.0
cat__ROUTE_11057_11995,0.0
cat__ROUTE_11057_11986,0.0
cat__ROUTE_11057_11973,0.0
cat__ROUTE_11057_11953,0.0
cat__ROUTE_11057_11823,0.0
cat__ROUTE_11057_11699,0.0
cat__ROUTE_11057_11697,0.0
cat__ROUTE_11057_11641,0.0
cat__ROUTE_11057_11624,0.0
cat__ROUTE_11057_13277,0.0
cat__ROUTE_11057_11617,0.0
cat__ROUTE_11057_11612,0.0
cat__ROUTE_11057_11577,0.0
cat__ROUTE_11057_11481,0.0
cat__ROUTE_11057_11433,0.0
cat__ROUTE_11057_11423,0.0
cat__ROUTE_10397_14771,0.0
cat__ROUTE_11057_11292,0.0
cat__ROUTE_10397_14783,0.0
cat__ROUTE_11057_11267,0.0
cat__ROUTE_11057_11259,0.0
cat__ROUTE_10397_14747,0.0
cat__ROUTE_11057_13244,0.0
cat__ROUTE_11057_13232,0.0
cat__ROUTE_11057_13230,0.0
cat__ROUTE_11057_13204,0.0
cat__ROUTE_11057_13198,0.0
cat__ROUTE_11057_13139,0.0
cat__ROUTE_11057_12992,0.0
cat__ROUTE_10397_14689,0.0
cat__ROUTE_11057_12951,0.0
cat__ROUTE_11057_12945,0.0
cat__ROUTE_11057_12191,0.0
cat__ROUTE_11057_12889,0.0
cat__ROUTE_11057_12478,0.0
cat__ROUTE_10397_14696,0.0
cat__ROUTE_11057_12448,0.0
cat__ROUTE_11057_12339,0.0
cat__ROUTE_11057_12323,0.0
cat__ROUTE_10397_14730,0.0
cat__ROUTE_11057_12264,0.0
cat__ROUTE_11057_12223,0.0
cat__ROUTE_11057_12217,0.0
cat__ROUTE_11057_12197,0.0
cat__ROUTE_11057_12892,0.0
cat__ROUTE_11109_14869,0.0
cat__ROUTE_11109_14683,0.0
cat__ROUTE_11109_14679,0.0
cat__ROUTE_11109_14112,0.0
cat__ROUTE_11109_14107,0.0
cat__ROUTE_11109_13930,0.0
cat__ROUTE_11109_13232,0.0
cat__ROUTE_11109_12889,0.0
cat__ROUTE_11109_12266,0.0
cat__ROUTE_11109_12191,0.0
cat__ROUTE_11057_14908,0.0
cat__ROUTE_11109_11292,0.0
cat__ROUTE_11109_11259,0.0
cat__ROUTE_11109_10821,0.0
cat__ROUTE_11109_10466,0.0
cat__ROUTE_11109_10397,0.0
cat__ROUTE_11097_11292,0.0
cat__ROUTE_11076_13930,0.0
cat__ROUTE_11067_13930,0.0
cat__ROUTE_11067_11298,0.0
cat__ROUTE_11066_15304,0.0
cat__ROUTE_11066_15016,0.0
cat__ROUTE_11109_11298,0.0
cat__ROUTE_11193_11298,0.0
cat__ROUTE_11193_11292,0.0
cat__ROUTE_11193_11278,0.0
cat__ROUTE_11193_11057,0.0
cat__ROUTE_11193_10994,0.0
cat__ROUTE_11193_10821,0.0
cat__ROUTE_11193_10721,0.0
cat__ROUTE_11193_10693,0.0
cat__ROUTE_11193_10466,0.0
cat__ROUTE_11193_10423,0.0
cat__ROUTE_11109_14908,0.0
cat__ROUTE_11150_10397,0.0
cat__ROUTE_11146_13930,0.0
cat__ROUTE_11146_11278,0.0
cat__ROUTE_11146_11057,0.0
cat__ROUTE_11146_10397,0.0
cat__ROUTE_11140_12266,0.0
cat__ROUTE_11140_12191,0.0
cat__ROUTE_10397_14635,0.0
cat__ROUTE_11122_11292,0.0
cat__ROUTE_11111_13930,0.0
cat__ROUTE_11111_11298,0.0
cat__ROUTE_11193_10397,0.0
cat__ROUTE_11066_11292,0.0
cat__ROUTE_11066_11278,0.0
cat__ROUTE_11066_11259,0.0
cat__ROUTE_11066_11057,0.0
cat__ROUTE_11066_10821,0.0
cat__ROUTE_11066_10721,0.0
cat__ROUTE_11066_10693,0.0
cat__ROUTE_11066_10423,0.0
cat__ROUTE_11066_10397,0.0
cat__ROUTE_11057_15919,0.0
cat__ROUTE_11066_14986,0.0
cat__ROUTE_11057_15412,0.0
cat__ROUTE_11057_15380,0.0
cat__ROUTE_11057_15370,0.0
cat__ROUTE_11057_15323,0.0
cat__ROUTE_11057_15304,0.0
cat__ROUTE_11057_15249,0.0
cat__ROUTE_11057_15096,0.0
cat__ROUTE_11057_15027,0.0
cat__ROUTE_11057_15024,0.0
cat__ROUTE_11057_15016,0.0
cat__ROUTE_11057_14986,0.0
cat__ROUTE_11057_15624,0.0
cat__ROUTE_11066_14869,0.0
cat__ROUTE_11066_14771,0.0
cat__ROUTE_11066_14747,0.0
cat__ROUTE_11066_14635,0.0
cat__ROUTE_11066_14107,0.0
cat__ROUTE_10397_14679,0.0
cat__ROUTE_10397_14683,0.0
cat__ROUTE_11066_13495,0.0
cat__ROUTE_11066_13487,0.0
cat__ROUTE_11066_13303,0.0
cat__ROUTE_11066_11298,0.0
cat__ROUTE_11066_13204,0.0
cat__ROUTE_11066_12953,0.0
cat__ROUTE_11066_12892,0.0
cat__ROUTE_11066_12889,0.0
cat__ROUTE_11066_12478,0.0
cat__ROUTE_11066_12266,0.0
cat__ROUTE_11066_12264,0.0
cat__ROUTE_11066_12191,0.0
cat__ROUTE_11066_11697,0.0
cat__ROUTE_11066_11618,0.0
cat__ROUTE_11066_11433,0.0
cat__ROUTE_11066_13232,0.0
cat__ROUTE_10397_13487,0.0
cat__ROUTE_10397_13495,0.0
cat__ROUTE_11298_11481,0.0
cat__ROUTE_11298_11433,0.0
cat__ROUTE_11298_11423,0.0
cat__ROUTE_11298_11413,0.0
cat__ROUTE_11298_11292,0.0
cat__ROUTE_10397_13502,0.0
cat__ROUTE_11298_11267,0.0
cat__ROUTE_11298_11252,0.0
cat__ROUTE_11278_13577,0.0
cat__ROUTE_11298_11140,0.0
cat__ROUTE_11298_11111,0.0
cat__ROUTE_11298_11109,0.0
cat__ROUTE_11298_11067,0.0
cat__ROUTE_11298_11066,0.0
cat__ROUTE_11298_11057,0.0
cat__ROUTE_11298_11049,0.0
cat__ROUTE_11298_11042,0.0
cat__ROUTE_11298_11003,0.0
cat__ROUTE_11298_10994,0.0
cat__ROUTE_11298_11193,0.0
cat__ROUTE_11298_12012,0.0
cat__ROUTE_11298_11996,0.0
cat__ROUTE_11298_11995,0.0
cat__ROUTE_11298_11986,0.0
cat__ROUTE_11298_11982,0.0
cat__ROUTE_11298_11980,0.0
cat__ROUTE_11298_11973,0.0
cat__ROUTE_11298_11953,0.0
cat__ROUTE_11298_11921,0.0
cat__ROUTE_11298_11905,0.0
cat__ROUTE_11298_11603,0.0
cat__ROUTE_11298_11867,0.0
cat__ROUTE_11298_11823,0.0
cat__ROUTE_11298_11778,0.0
cat__ROUTE_11298_11775,0.0
cat__ROUTE_11298_11697,0.0
cat__ROUTE_11298_11695,0.0
cat__ROUTE_11298_11638,0.0
cat__ROUTE_11298_11637,0.0
cat__ROUTE_11298_11624,0.0
cat__ROUTE_11298_11618,0.0
cat__ROUTE_11298_11612,0.0
cat__ROUTE_11298_11884,0.0
cat__ROUTE_11298_10279,0.0
cat__ROUTE_11298_10257,0.0
cat__ROUTE_11298_10208,0.0
cat__ROUTE_11298_10185,0.0
cat__ROUTE_11298_10155,0.0
cat__ROUTE_11298_10140,0.0
cat__ROUTE_11298_10136,0.0
cat__ROUTE_11292_16869,0.0
cat__ROUTE_11292_15919,0.0
cat__ROUTE_11292_15412,0.0
cat__ROUTE_11298_10980,0.0
cat__ROUTE_10397_13830,0.0
cat__ROUTE_11292_15304,0.0
cat__ROUTE_11292_15096,0.0
cat__ROUTE_11292_15048,0.0
cat__ROUTE_11292_15041,0.0
cat__ROUTE_11292_15016,0.0
cat__ROUTE_11292_14986,0.0
cat__ROUTE_11292_14908,0.0
cat__ROUTE_11292_14893,0.0
cat__ROUTE_11292_14877,0.0
cat__ROUTE_11292_14869,0.0
cat__ROUTE_11292_15376,0.0
cat__ROUTE_11298_10868,0.0
cat__ROUTE_11298_10849,0.0
cat__ROUTE_11298_10821,0.0
cat__ROUTE_11298_10800,0.0
cat__ROUTE_11298_10792,0.0
cat__ROUTE_11298_10781,0.0
cat__ROUTE_11298_10747,0.0
cat__ROUTE_11298_10728,0.0
cat__ROUTE_11298_10721,0.0
cat__ROUTE_11298_10713,0.0
cat__ROUTE_11298_10299,0.0
cat__ROUTE_11298_10685,0.0
cat__ROUTE_11298_10627,0.0
cat__ROUTE_11298_10620,0.0
cat__ROUTE_11298_10599,0.0
cat__ROUTE_11298_10561,0.0
cat__ROUTE_11298_10529,0.0
cat__ROUTE_11298_10431,0.0
cat__ROUTE_11298_10423,0.0
cat__ROUTE_11298_10408,0.0
cat__ROUTE_10397_13577,0.0
cat__ROUTE_10397_13795,0.0
cat__ROUTE_11298_10693,0.0
cat__ROUTE_11298_14679,0.0
cat__ROUTE_11298_14674,0.0
cat__ROUTE_11298_14635,0.0
cat__ROUTE_11298_14588,0.0
cat__ROUTE_11298_14570,0.0
cat__ROUTE_11298_14524,0.0
cat__ROUTE_10397_13360,0.0
cat__ROUTE_11298_14457,0.0
cat__ROUTE_10397_13367,0.0
cat__ROUTE_11298_14262,0.0
cat__ROUTE_11298_12094,0.0
cat__ROUTE_11298_14122,0.0
cat__ROUTE_11298_14108,0.0
cat__ROUTE_11298_14107,0.0
cat__ROUTE_10397_13377,0.0
cat__ROUTE_11298_14057,0.0
cat__ROUTE_11298_14027,0.0
cat__ROUTE_11298_13931,0.0
cat__ROUTE_10397_13422,0.0
cat__ROUTE_11298_13891,0.0
cat__ROUTE_11298_13871,0.0
cat__ROUTE_11298_13851,0.0
cat__ROUTE_11298_14193,0.0
cat__ROUTE_11298_15096,0.0
cat__ROUTE_11298_15074,0.0
cat__ROUTE_11298_15024,0.0
cat__ROUTE_11298_15016,0.0
cat__ROUTE_11298_14986,0.0
cat__ROUTE_11298_14960,0.0
cat__ROUTE_11298_14908,0.0
cat__ROUTE_11298_14893,0.0
cat__ROUTE_11298_14869,0.0
cat__ROUTE_11298_14843,0.0
cat__ROUTE_11298_14683,0.0
cat__ROUTE_11298_14831,0.0
cat__ROUTE_11298_14814,0.0
cat__ROUTE_11298_14794,0.0
cat__ROUTE_11298_14783,0.0
cat__ROUTE_11298_14771,0.0
cat__ROUTE_11298_14747,0.0
cat__ROUTE_11298_14730,0.0
cat__ROUTE_11298_14698,0.0
cat__ROUTE_11298_14696,0.0
cat__ROUTE_11298_14689,0.0
cat__ROUTE_11298_14685,0.0
cat__ROUTE_11298_14842,0.0
cat__ROUTE_11298_12953,0.0
cat__ROUTE_11298_12951,0.0
cat__ROUTE_11298_12945,0.0
cat__ROUTE_11298_12915,0.0
cat__ROUTE_11298_12896,0.0
cat__ROUTE_11298_12892,0.0
cat__ROUTE_11298_12891,0.0
cat__ROUTE_11298_12889,0.0
cat__ROUTE_11298_12478,0.0
cat__ROUTE_11298_12451,0.0
cat__ROUTE_11298_13830,0.0
cat__ROUTE_11298_12441,0.0
cat__ROUTE_11298_12339,0.0
cat__ROUTE_11298_12323,0.0
cat__ROUTE_11298_12280,0.0
cat__ROUTE_11298_12278,0.0
cat__ROUTE_11298_12266,0.0
cat__ROUTE_11298_12264,0.0
cat__ROUTE_11298_12217,0.0
cat__ROUTE_11298_12206,0.0
cat__ROUTE_11298_12191,0.0
cat__ROUTE_11298_12173,0.0
cat__ROUTE_11298_12448,0.0
cat__ROUTE_11298_13577,0.0
cat__ROUTE_11298_13502,0.0
cat__ROUTE_11298_13495,0.0
cat__ROUTE_11298_13487,0.0
cat__ROUTE_11298_13486,0.0
cat__ROUTE_11298_13485,0.0
cat__ROUTE_11298_13476,0.0
cat__ROUTE_11298_13422,0.0
cat__ROUTE_11298_13377,0.0
cat__ROUTE_11298_13367,0.0
cat__ROUTE_11298_12992,0.0
cat__ROUTE_11298_13303,0.0
cat__ROUTE_11298_13290,0.0
cat__ROUTE_11298_13277,0.0
cat__ROUTE_11298_13256,0.0
cat__ROUTE_11298_13244,0.0
cat__ROUTE_11298_13232,0.0
cat__ROUTE_11298_13230,0.0
cat__ROUTE_11298_13204,0.0
cat__ROUTE_10397_13485,0.0
cat__ROUTE_11298_13158,0.0
cat__ROUTE_11298_13061,0.0
cat__ROUTE_11298_13342,0.0
cat__ROUTE_11292_11267,0.0
cat__ROUTE_11292_11259,0.0
cat__ROUTE_11292_11233,0.0
cat__ROUTE_11292_11193,0.0
cat__ROUTE_11292_11109,0.0
cat__ROUTE_11292_11097,0.0
cat__ROUTE_11292_11066,0.0
cat__ROUTE_11292_11057,0.0
cat__ROUTE_11292_11042,0.0
cat__ROUTE_11292_11003,0.0
cat__ROUTE_11292_14843,0.0
cat__ROUTE_10397_13931,0.0
cat__ROUTE_11292_10821,0.0
cat__ROUTE_11292_10800,0.0
cat__ROUTE_11292_10792,0.0
cat__ROUTE_11292_10779,0.0
cat__ROUTE_11292_10721,0.0
cat__ROUTE_10397_14100,0.0
cat__ROUTE_11292_10693,0.0
cat__ROUTE_11292_10627,0.0
cat__ROUTE_11292_10620,0.0
cat__ROUTE_11292_10617,0.0
cat__ROUTE_11292_10994,0.0
cat__ROUTE_11292_11986,0.0
cat__ROUTE_11292_11921,0.0
cat__ROUTE_11292_11884,0.0
cat__ROUTE_11292_11865,0.0
cat__ROUTE_11292_11775,0.0
cat__ROUTE_11292_11697,0.0
cat__ROUTE_11292_11648,0.0
cat__ROUTE_11292_11638,0.0
cat__ROUTE_11292_11637,0.0
cat__ROUTE_11292_11618,0.0
cat__ROUTE_11292_11278,0.0
cat__ROUTE_11292_11540,0.0
cat__ROUTE_11292_11503,0.0
cat__ROUTE_11292_11481,0.0
cat__ROUTE_11292_11468,0.0
cat__ROUTE_11292_11447,0.0
cat__ROUTE_11292_11433,0.0
cat__ROUTE_11292_11423,0.0
cat__ROUTE_11292_11413,0.0
cat__ROUTE_11292_11315,0.0
cat__ROUTE_11292_11298,0.0
cat__ROUTE_11292_11283,0.0
cat__ROUTE_11292_11603,0.0
cat__ROUTE_11278_14843,0.0
cat__ROUTE_11278_14771,0.0
cat__ROUTE_11278_14747,0.0
cat__ROUTE_11278_14730,0.0
cat__ROUTE_11278_14685,0.0
cat__ROUTE_11278_14683,0.0
cat__ROUTE_11278_14679,0.0
cat__ROUTE_11278_14635,0.0
cat__ROUTE_11278_14576,0.0
cat__ROUTE_11278_14492,0.0
cat__ROUTE_11292_10599,0.0
cat__ROUTE_11278_14307,0.0
cat__ROUTE_11278_14193,0.0
cat__ROUTE_11278_14122,0.0
cat__ROUTE_11278_14107,0.0
cat__ROUTE_11278_14100,0.0
cat__ROUTE_11278_14057,0.0
cat__ROUTE_11278_14027,0.0
cat__ROUTE_11278_13931,0.0
cat__ROUTE_11278_13930,0.0
cat__ROUTE_11278_13871,0.0
cat__ROUTE_11278_13851,0.0
cat__ROUTE_10397_14122,0.0
cat__ROUTE_11292_10561,0.0
cat__ROUTE_11292_10558,0.0
cat__ROUTE_11292_10529,0.0
cat__ROUTE_11292_10431,0.0
cat__ROUTE_11292_10423,0.0
cat__ROUTE_11292_10408,0.0
cat__ROUTE_11292_10372,0.0
cat__ROUTE_11292_10299,0.0
cat__ROUTE_11292_10279,0.0
cat__ROUTE_11292_10257,0.0
cat__ROUTE_11278_14869,0.0
cat__ROUTE_11288_13930,0.0
cat__ROUTE_11283_11292,0.0
cat__ROUTE_11278_15919,0.0
cat__ROUTE_11278_15624,0.0
cat__ROUTE_11278_15412,0.0
cat__ROUTE_11278_15370,0.0
cat__ROUTE_10397_14107,0.0
cat__ROUTE_11278_15249,0.0
cat__ROUTE_11278_15096,0.0
cat__ROUTE_11278_15016,0.0
cat__ROUTE_11278_14986,0.0
cat__ROUTE_11292_10157,0.0
cat__ROUTE_11292_14262,0.0
cat__ROUTE_11292_14252,0.0
cat__ROUTE_11292_14237,0.0
cat__ROUTE_11292_14193,0.0
cat__ROUTE_11292_14122,0.0
cat__ROUTE_11292_14108,0.0
cat__ROUTE_10397_13871,0.0
cat__ROUTE_11292_14100,0.0
cat__ROUTE_10397_13891,0.0
cat__ROUTE_11292_14027,0.0
cat__ROUTE_11292_11995,0.0
cat__ROUTE_10397_13930,0.0
cat__ROUTE_11292_13891,0.0
cat__ROUTE_11292_13871,0.0
cat__ROUTE_11292_13851,0.0
cat__ROUTE_11292_13830,0.0
cat__ROUTE_11292_13796,0.0
cat__ROUTE_11292_13502,0.0
cat__ROUTE_11292_13495,0.0
cat__ROUTE_11292_13487,0.0
cat__ROUTE_11292_13486,0.0
cat__ROUTE_11292_13485,0.0
cat__ROUTE_11292_13931,0.0
cat__ROUTE_11292_14831,0.0
cat__ROUTE_11292_14814,0.0
cat__ROUTE_11292_14812,0.0
cat__ROUTE_11292_14794,0.0
cat__ROUTE_11292_14783,0.0
cat__ROUTE_11292_14771,0.0
cat__ROUTE_11292_14747,0.0
cat__ROUTE_11292_14730,0.0
cat__ROUTE_11292_14698,0.0
cat__ROUTE_11292_14689,0.0
cat__ROUTE_11292_14307,0.0
cat__ROUTE_11292_14683,0.0
cat__ROUTE_11292_14679,0.0
cat__ROUTE_11292_14674,0.0
cat__ROUTE_11292_14635,0.0
cat__ROUTE_11292_14570,0.0
cat__ROUTE_11292_14543,0.0
cat__ROUTE_11292_14534,0.0
cat__ROUTE_11292_14524,0.0
cat__ROUTE_11292_14492,0.0
cat__ROUTE_11292_14489,0.0
cat__ROUTE_10397_13851,0.0
cat__ROUTE_11292_14685,0.0
cat__ROUTE_11292_12758,0.0
cat__ROUTE_11292_12519,0.0
cat__ROUTE_11292_12511,0.0
cat__ROUTE_11292_12478,0.0
cat__ROUTE_11292_12451,0.0
cat__ROUTE_11292_12441,0.0
cat__ROUTE_11292_12339,0.0
cat__ROUTE_11292_12280,0.0
cat__ROUTE_11292_12278,0.0
cat__ROUTE_11292_12266,0.0
cat__ROUTE_11292_13476,0.0
cat__ROUTE_11292_12255,0.0
cat__ROUTE_11292_12217,0.0
cat__ROUTE_11292_12206,0.0
cat__ROUTE_11292_12191,0.0
cat__ROUTE_11292_12177,0.0
cat__ROUTE_11292_12173,0.0
cat__ROUTE_11292_12156,0.0
cat__ROUTE_11292_12094,0.0
cat__ROUTE_11292_12012,0.0
cat__ROUTE_11292_12003,0.0
cat__ROUTE_11292_11996,0.0
cat__ROUTE_11292_12264,0.0
cat__ROUTE_11292_13433,0.0
cat__ROUTE_11292_13367,0.0
cat__ROUTE_11292_13342,0.0
cat__ROUTE_11292_13303,0.0
cat__ROUTE_11292_13264,0.0
cat__ROUTE_11292_13244,0.0
cat__ROUTE_11292_13232,0.0
cat__ROUTE_11292_13204,0.0
cat__ROUTE_11292_13198,0.0
cat__ROUTE_11292_13158,0.0
cat__ROUTE_11292_12888,0.0
cat__ROUTE_11292_13029,0.0
cat__ROUTE_11292_12992,0.0
cat__ROUTE_11292_12982,0.0
cat__ROUTE_11292_12954,0.0
cat__ROUTE_11292_12953,0.0
cat__ROUTE_11292_12945,0.0
cat__ROUTE_11292_12902,0.0
cat__ROUTE_11292_12899,0.0
cat__ROUTE_11292_12896,0.0
cat__ROUTE_11292_12892,0.0
cat__ROUTE_11292_12889,0.0
cat__ROUTE_11292_13127,0.0
cat__ROUTE_10693_10599,0.0
cat__ROUTE_10693_10529,0.0
cat__ROUTE_10693_10423,0.0
cat__ROUTE_10693_10408,0.0
cat__ROUTE_10693_10397,0.0
cat__ROUTE_10693_10257,0.0
cat__ROUTE_10693_10135,0.0
cat__ROUTE_10685_14761,0.0
cat__ROUTE_10685_14112,0.0
cat__ROUTE_10685_13930,0.0
cat__ROUTE_10397_14814,0.0
cat__ROUTE_10685_10397,0.0
cat__ROUTE_10676_15624,0.0
cat__ROUTE_10676_15412,0.0
cat__ROUTE_10676_14986,0.0
cat__ROUTE_10676_14761,0.0
cat__ROUTE_10676_14112,0.0
cat__ROUTE_10676_14082,0.0
cat__ROUTE_10676_12889,0.0
cat__ROUTE_10676_12451,0.0
cat__ROUTE_10676_11697,0.0
cat__ROUTE_10685_11298,0.0
cat__ROUTE_10693_11775,0.0
cat__ROUTE_10693_11721,0.0
cat__ROUTE_10693_11697,0.0
cat__ROUTE_10693_11637,0.0
cat__ROUTE_10693_11618,0.0
cat__ROUTE_10693_11481,0.0
cat__ROUTE_10693_11433,0.0
cat__ROUTE_10693_11423,0.0
cat__ROUTE_10693_11298,0.0
cat__ROUTE_10693_11292,0.0
cat__ROUTE_10693_10721,0.0
cat__ROUTE_10693_11259,0.0
cat__ROUTE_10693_11193,0.0
cat__ROUTE_10693_11066,0.0
cat__ROUTE_10408_10466,0.0
cat__ROUTE_10693_11042,0.0
cat__ROUTE_10693_10994,0.0
cat__ROUTE_10693_10874,0.0
cat__ROUTE_10693_10849,0.0
cat__ROUTE_10693_10821,0.0
cat__ROUTE_10693_10800,0.0
cat__ROUTE_10693_10792,0.0
cat__ROUTE_10408_10397,0.0
cat__ROUTE_10617_11292,0.0
cat__ROUTE_10599_15304,0.0
cat__ROUTE_10599_14107,0.0
cat__ROUTE_10599_14100,0.0
cat__ROUTE_10599_13930,0.0
cat__ROUTE_10599_13303,0.0
cat__ROUTE_10599_13232,0.0
cat__ROUTE_10599_13204,0.0
cat__ROUTE_10599_12953,0.0
cat__ROUTE_10599_12889,0.0
cat__ROUTE_10666_14747,0.0
cat__ROUTE_10599_12191,0.0
cat__ROUTE_10599_11697,0.0
cat__ROUTE_10599_11433,0.0
cat__ROUTE_10599_11298,0.0
cat__ROUTE_10599_11292,0.0
cat__ROUTE_10599_11278,0.0
cat__ROUTE_10599_11259,0.0
cat__ROUTE_10408_11057,0.0
cat__ROUTE_10599_10821,0.0
cat__ROUTE_10599_10693,0.0
cat__ROUTE_10599_10397,0.0
cat__ROUTE_10599_12266,0.0
cat__ROUTE_10666_14262,0.0
cat__ROUTE_10666_13796,0.0
cat__ROUTE_10666_12892,0.0
cat__ROUTE_10666_12889,0.0
cat__ROUTE_10666_10466,0.0
cat__ROUTE_10631_13487,0.0
cat__ROUTE_10627_14761,0.0
cat__ROUTE_10627_14112,0.0
cat__ROUTE_10627_13487,0.0
cat__ROUTE_10627_12889,0.0
cat__ROUTE_10617_14771,0.0
cat__ROUTE_10627_11292,0.0
cat__ROUTE_10627_10466,0.0
cat__ROUTE_10620_14869,0.0
cat__ROUTE_10620_14747,0.0
cat__ROUTE_10620_14107,0.0
cat__ROUTE_10620_14057,0.0
cat__ROUTE_10620_13487,0.0
cat__ROUTE_10620_12889,0.0
cat__ROUTE_10620_11298,0.0
cat__ROUTE_10408_10693,0.0
cat__ROUTE_10620_10466,0.0
cat__ROUTE_10627_11298,0.0
cat__ROUTE_10713_13796,0.0
cat__ROUTE_10713_13487,0.0
cat__ROUTE_10713_13204,0.0
cat__ROUTE_10713_12892,0.0
cat__ROUTE_10713_12889,0.0
cat__ROUTE_10713_11884,0.0
cat__ROUTE_10713_11298,0.0
cat__ROUTE_10713_11292,0.0
cat__ROUTE_10713_10849,0.0
cat__ROUTE_10713_10800,0.0
cat__ROUTE_10693_11986,0.0
cat__ROUTE_10713_10397,0.0
cat__ROUTE_10693_15919,0.0
cat__ROUTE_10693_15624,0.0
cat__ROUTE_10693_15304,0.0
cat__ROUTE_10693_15096,0.0
cat__ROUTE_10693_15016,0.0
cat__ROUTE_10693_14986,0.0
cat__ROUTE_10693_14893,0.0
cat__ROUTE_10693_14869,0.0
cat__ROUTE_10693_14843,0.0
cat__ROUTE_10693_14831,0.0
cat__ROUTE_10713_10466,0.0
cat__ROUTE_10721_11066,0.0
cat__ROUTE_10721_11057,0.0
cat__ROUTE_10721_11042,0.0
cat__ROUTE_10721_10994,0.0
cat__ROUTE_10721_10849,0.0
cat__ROUTE_10721_10821,0.0
cat__ROUTE_10721_10792,0.0
cat__ROUTE_10721_10693,0.0
cat__ROUTE_10721_10431,0.0
cat__ROUTE_10721_10423,0.0
cat__ROUTE_10713_13930,0.0
cat__ROUTE_10713_14908,0.0
cat__ROUTE_10713_14893,0.0
cat__ROUTE_10713_14869,0.0
cat__ROUTE_10713_14831,0.0
cat__ROUTE_10713_14771,0.0
cat__ROUTE_10397_15624,0.0
cat__ROUTE_10713_14679,0.0
cat__ROUTE_10713_14303,0.0
cat__ROUTE_10713_14262,0.0
cat__ROUTE_10713_14107,0.0
cat__ROUTE_10713_14057,0.0
cat__ROUTE_10721_10397,0.0
cat__ROUTE_10693_13796,0.0
cat__ROUTE_10693_13577,0.0
cat__ROUTE_10693_13495,0.0
cat__ROUTE_10693_13487,0.0
cat__ROUTE_10693_13342,0.0
cat__ROUTE_10693_13303,0.0
cat__ROUTE_10693_13232,0.0
cat__ROUTE_10693_13230,0.0
cat__ROUTE_10693_13204,0.0
cat__ROUTE_10693_13198,0.0
cat__ROUTE_10693_14771,0.0
cat__ROUTE_10693_12953,0.0
cat__ROUTE_10693_12892,0.0
cat__ROUTE_10693_12889,0.0
cat__ROUTE_10693_12478,0.0
cat__ROUTE_10693_12451,0.0
cat__ROUTE_10693_12339,0.0
cat__ROUTE_10397_15919,0.0
cat__ROUTE_10693_12264,0.0
cat__ROUTE_10693_12191,0.0
cat__ROUTE_10693_12094,0.0
cat__ROUTE_10693_11996,0.0
cat__ROUTE_10693_12954,0.0
cat__ROUTE_10693_14761,0.0
cat__ROUTE_10693_14747,0.0
cat__ROUTE_10693_14685,0.0
cat__ROUTE_10693_14683,0.0
cat__ROUTE_10693_14679,0.0
cat__ROUTE_10693_14635,0.0
cat__ROUTE_10693_14524,0.0
cat__ROUTE_10693_14492,0.0
cat__ROUTE_10693_14314,0.0
cat__ROUTE_10693_14193,0.0
cat__ROUTE_10693_13851,0.0
cat__ROUTE_10693_14112,0.0
cat__ROUTE_10693_14108,0.0
cat__ROUTE_10693_14107,0.0
cat__ROUTE_10693_14100,0.0
cat__ROUTE_10693_14082,0.0
cat__ROUTE_10693_14057,0.0
cat__ROUTE_10693_14027,0.0
cat__ROUTE_10693_13931,0.0
cat__ROUTE_10693_13930,0.0
cat__ROUTE_10693_13891,0.0
cat__ROUTE_10693_13871,0.0
cat__ROUTE_10693_14122,0.0
cat__ROUTE_10408_11433,0.0
cat__ROUTE_10423_14570,0.0
cat__ROUTE_10423_14492,0.0
cat__ROUTE_10423_14314,0.0
cat__ROUTE_10423_14122,0.0
cat__ROUTE_10423_14107,0.0
cat__ROUTE_10423_14100,0.0
cat__ROUTE_10423_14057,0.0
cat__ROUTE_10423_13930,0.0
cat__ROUTE_10423_13891,0.0
cat__ROUTE_10581_14761,0.0
cat__ROUTE_10423_13851,0.0
cat__ROUTE_10423_13796,0.0
cat__ROUTE_10423_13502,0.0
cat__ROUTE_10423_13495,0.0
cat__ROUTE_10423_13487,0.0
cat__ROUTE_10423_13342,0.0
cat__ROUTE_10423_13303,0.0
cat__ROUTE_10423_13256,0.0
cat__ROUTE_10423_13232,0.0
cat__ROUTE_10423_13204,0.0
cat__ROUTE_10423_13198,0.0
cat__ROUTE_10423_13871,0.0
cat__ROUTE_10431_12191,0.0
cat__ROUTE_10431_11697,0.0
cat__ROUTE_10431_11624,0.0
cat__ROUTE_10431_11618,0.0
cat__ROUTE_10431_11298,0.0
cat__ROUTE_10431_11292,0.0
cat__ROUTE_10431_11278,0.0
cat__ROUTE_10431_11057,0.0
cat__ROUTE_10431_10721,0.0
cat__ROUTE_10431_10423,0.0
cat__ROUTE_10423_14747,0.0
cat__ROUTE_10423_15412,0.0
cat__ROUTE_10423_15370,0.0
cat__ROUTE_10423_15304,0.0
cat__ROUTE_10423_15016,0.0
cat__ROUTE_10423_14986,0.0
cat__ROUTE_10423_14908,0.0
cat__ROUTE_10423_14893,0.0
cat__ROUTE_10423_14869,0.0
cat__ROUTE_10423_14843,0.0
cat__ROUTE_10423_14831,0.0
cat__ROUTE_10423_14771,0.0
cat__ROUTE_10431_10397,0.0
cat__ROUTE_10423_11066,0.0
cat__ROUTE_10423_11057,0.0
cat__ROUTE_10423_11042,0.0
cat__ROUTE_10423_10994,0.0
cat__ROUTE_10423_10821,0.0
cat__ROUTE_10423_10800,0.0
cat__ROUTE_10423_10721,0.0
cat__ROUTE_10423_10693,0.0
cat__ROUTE_10423_10431,0.0
cat__ROUTE_10423_10397,0.0
cat__ROUTE_10423_13158,0.0
cat__ROUTE_10423_10279,0.0
cat__ROUTE_10423_10140,0.0
cat__ROUTE_10408_14986,0.0
cat__ROUTE_10408_14761,0.0
cat__ROUTE_10408_14685,0.0
cat__ROUTE_10408_14112,0.0
cat__ROUTE_10408_14107,0.0
cat__ROUTE_10408_14082,0.0
cat__ROUTE_10408_11697,0.0
cat__ROUTE_10408_13487,0.0
cat__ROUTE_10408_12889,0.0
cat__ROUTE_10423_10372,0.0
cat__ROUTE_10423_12954,0.0
cat__ROUTE_10423_12896,0.0
cat__ROUTE_10423_12892,0.0
cat__ROUTE_10423_12889,0.0
cat__ROUTE_10423_12478,0.0
cat__ROUTE_10423_12339,0.0
cat__ROUTE_10423_12266,0.0
cat__ROUTE_10423_12264,0.0
cat__ROUTE_10423_12206,0.0
cat__ROUTE_10423_12191,0.0
cat__ROUTE_10423_11193,0.0
cat__ROUTE_10423_11986,0.0
cat__ROUTE_10423_11697,0.0
cat__ROUTE_10423_11618,0.0
cat__ROUTE_10423_11540,0.0
cat__ROUTE_10423_11481,0.0
cat__ROUTE_10423_11433,0.0
cat__ROUTE_10423_11423,0.0
cat__ROUTE_10423_11298,0.0
cat__ROUTE_10423_11292,0.0
cat__ROUTE_10423_11278,0.0
cat__ROUTE_10423_11259,0.0
cat__ROUTE_10423_12173,0.0
cat__ROUTE_10529_13303,0.0
cat__ROUTE_10529_13232,0.0
cat__ROUTE_10408_11292,0.0
cat__ROUTE_10529_12264,0.0
cat__ROUTE_10529_11697,0.0
cat__ROUTE_10529_11433,0.0
cat__ROUTE_10529_11298,0.0
cat__ROUTE_10529_11292,0.0
cat__ROUTE_10408_11298,0.0
cat__ROUTE_10529_11057,0.0
cat__ROUTE_10431_12889,0.0
cat__ROUTE_10529_10693,0.0
cat__ROUTE_10529_10397,0.0
cat__ROUTE_10469_13930,0.0
cat__ROUTE_10469_11433,0.0
cat__ROUTE_10466_15919,0.0
cat__ROUTE_10466_15380,0.0
cat__ROUTE_10466_15008,0.0
cat__ROUTE_10466_14783,0.0
cat__ROUTE_10466_14696,0.0
cat__ROUTE_10466_14512,0.0
cat__ROUTE_10466_14457,0.0
cat__ROUTE_10529_10821,0.0
cat__ROUTE_10581_14112,0.0
cat__ROUTE_10581_14100,0.0
cat__ROUTE_10581_14082,0.0
cat__ROUTE_10581_12953,0.0
cat__ROUTE_10581_12478,0.0
cat__ROUTE_10581_11697,0.0
cat__ROUTE_10581_11618,0.0
cat__ROUTE_10581_11278,0.0
cat__ROUTE_10577_11433,0.0
cat__ROUTE_10561_14771,0.0
cat__ROUTE_10529_13487,0.0
cat__ROUTE_10561_11298,0.0
cat__ROUTE_10561_11292,0.0
cat__ROUTE_10558_11292,0.0
cat__ROUTE_10551_10299,0.0
cat__ROUTE_10529_15304,0.0
cat__ROUTE_10529_14843,0.0
cat__ROUTE_10529_14635,0.0
cat__ROUTE_10529_14100,0.0
cat__ROUTE_10529_14027,0.0
cat__ROUTE_10529_13930,0.0
cat__ROUTE_10529_13577,0.0
cat__ROUTE_10561_14107,0.0
cat__ROUTE_10466_11193,0.0
cat__ROUTE_10466_11109,0.0
cat__ROUTE_10466_11003,0.0
cat__ROUTE_10466_10849,0.0
cat__ROUTE_10466_10713,0.0
cat__ROUTE_10466_10666,0.0
cat__ROUTE_10466_10627,0.0
cat__ROUTE_10466_10620,0.0
cat__ROUTE_10466_10408,0.0
cat__ROUTE_10434_13930,0.0
cat__ROUTE_10466_14314,0.0
cat__ROUTE_10434_11057,0.0
cat__ROUTE_10431_14986,0.0
cat__ROUTE_10431_14761,0.0
cat__ROUTE_10431_14112,0.0
cat__ROUTE_10431_14107,0.0
cat__ROUTE_10431_14100,0.0
cat__ROUTE_10431_14082,0.0
cat__ROUTE_10431_14027,0.0
cat__ROUTE_10431_13930,0.0
cat__ROUTE_10431_13204,0.0
cat__ROUTE_10431_12953,0.0
cat__ROUTE_10434_12264,0.0
cat__ROUTE_10466_14252,0.0
cat__ROUTE_10466_14108,0.0
cat__ROUTE_10466_14057,0.0
cat__ROUTE_10466_13871,0.0
cat__ROUTE_10466_13487,0.0
cat__ROUTE_10466_13486,0.0
cat__ROUTE_10466_13433,0.0
cat__ROUTE_10466_13367,0.0
cat__ROUTE_10466_12889,0.0
cat__ROUTE_10466_12280,0.0
cat__ROUTE_10466_11423,0.0
cat__ROUTE_10466_12003,0.0
cat__ROUTE_10466_11986,0.0
cat__ROUTE_10466_11980,0.0
cat__ROUTE_10466_11898,0.0
cat__ROUTE_10466_11884,0.0
cat__ROUTE_10466_11823,0.0
cat__ROUTE_10466_11775,0.0
cat__ROUTE_10466_11721,0.0
cat__ROUTE_10466_11648,0.0
cat__ROUTE_10466_11637,0.0
cat__ROUTE_10466_11603,0.0
cat__ROUTE_10466_12278,0.0
cat__ROUTE_10990_10397,0.0
cat__ROUTE_10980_14761,0.0
cat__ROUTE_10980_14112,0.0
cat__ROUTE_10980_14082,0.0
cat__ROUTE_10397_15016,0.0
cat__ROUTE_10980_12953,0.0
cat__ROUTE_10980_12889,0.0
cat__ROUTE_10980_11433,0.0
cat__ROUTE_10980_11298,0.0
cat__ROUTE_10980_11278,0.0
cat__ROUTE_10721_11193,0.0
cat__ROUTE_10980_10397,0.0
cat__ROUTE_10926_15991,0.0
cat__ROUTE_10926_10299,0.0
cat__ROUTE_10918_14869,0.0
cat__ROUTE_10874_14986,0.0
cat__ROUTE_10874_14761,0.0
cat__ROUTE_10874_14685,0.0
cat__ROUTE_10874_14112,0.0
cat__ROUTE_10874_14082,0.0
cat__ROUTE_10874_13930,0.0
cat__ROUTE_10874_11697,0.0
cat__ROUTE_10980_11057,0.0
cat__ROUTE_10994_12953,0.0
cat__ROUTE_10397_14986,0.0
cat__ROUTE_10994_12266,0.0
cat__ROUTE_10994_12264,0.0
cat__ROUTE_10994_12191,0.0
cat__ROUTE_10994_11697,0.0
cat__ROUTE_10994_11618,0.0
cat__ROUTE_10994_11433,0.0
cat__ROUTE_10994_11298,0.0
cat__ROUTE_10994_11292,0.0
cat__ROUTE_10990_11057,0.0
cat__ROUTE_10994_11259,0.0
cat__ROUTE_10994_11193,0.0
cat__ROUTE_10994_11057,0.0
cat__ROUTE_10994_10821,0.0
cat__ROUTE_10994_10721,0.0
cat__ROUTE_10994_10693,0.0
cat__ROUTE_10994_10423,0.0
cat__ROUTE_10994_10397,0.0
cat__ROUTE_10990_13930,0.0
cat__ROUTE_10990_12953,0.0
cat__ROUTE_10990_12264,0.0
cat__ROUTE_10994_11278,0.0
cat__ROUTE_10849_11298,0.0
cat__ROUTE_10397_15024,0.0
cat__ROUTE_10849_10721,0.0
cat__ROUTE_10849_10713,0.0
cat__ROUTE_10849_10693,0.0
cat__ROUTE_10849_10466,0.0
cat__ROUTE_10849_10397,0.0
cat__ROUTE_10821_15304,0.0
cat__ROUTE_10821_15016,0.0
cat__ROUTE_10821_14986,0.0
cat__ROUTE_10874_11278,0.0
cat__ROUTE_10821_14869,0.0
cat__ROUTE_10821_14843,0.0
cat__ROUTE_10821_14771,0.0
cat__ROUTE_10821_14747,0.0
cat__ROUTE_10821_14730,0.0
cat__ROUTE_10821_14685,0.0
cat__ROUTE_10821_14683,0.0
cat__ROUTE_10821_14679,0.0
cat__ROUTE_10821_14635,0.0
cat__ROUTE_10821_14576,0.0
cat__ROUTE_10821_14524,0.0
cat__ROUTE_10821_14893,0.0
cat__ROUTE_10874_11057,0.0
cat__ROUTE_10874_10693,0.0
cat__ROUTE_10868_14100,0.0
cat__ROUTE_10868_13930,0.0
cat__ROUTE_10868_12953,0.0
cat__ROUTE_10868_12264,0.0
cat__ROUTE_10868_11298,0.0
cat__ROUTE_10868_11278,0.0
cat__ROUTE_10868_11057,0.0
cat__ROUTE_10868_10397,0.0
cat__ROUTE_10849_11618,0.0
cat__ROUTE_10849_14771,0.0
cat__ROUTE_10849_14747,0.0
cat__ROUTE_10849_14679,0.0
cat__ROUTE_10849_14057,0.0
cat__ROUTE_10849_13930,0.0
cat__ROUTE_10849_13487,0.0
cat__ROUTE_10849_12892,0.0
cat__ROUTE_10849_12889,0.0
cat__ROUTE_10849_12478,0.0
cat__ROUTE_10849_12266,0.0
cat__ROUTE_10849_12264,0.0
cat__ROUTE_10849_14869,0.0
cat__ROUTE_11057_10257,0.0
cat__ROUTE_11057_10208,0.0
cat__ROUTE_11057_10135,0.0
cat__ROUTE_11049_11298,0.0
cat__ROUTE_10397_14843,0.0
cat__ROUTE_11042_15016,0.0
cat__ROUTE_11042_14986,0.0
cat__ROUTE_11042_14869,0.0
cat__ROUTE_11042_14843,0.0
cat__ROUTE_11042_14771,0.0
cat__ROUTE_10994_13232,0.0
cat__ROUTE_11042_14635,0.0
cat__ROUTE_11042_14492,0.0
cat__ROUTE_11042_14122,0.0
cat__ROUTE_11042_14107,0.0
cat__ROUTE_10397_14893,0.0
cat__ROUTE_11042_14027,0.0
cat__ROUTE_11042_13930,0.0
cat__ROUTE_11042_13577,0.0
cat__ROUTE_11042_13487,0.0
cat__ROUTE_11042_13303,0.0
cat__ROUTE_11042_13232,0.0
cat__ROUTE_11042_14747,0.0
cat__ROUTE_11057_11193,0.0
cat__ROUTE_11057_11146,0.0
cat__ROUTE_11057_11066,0.0
cat__ROUTE_11057_11042,0.0
cat__ROUTE_11057_11003,0.0
cat__ROUTE_11057_10994,0.0
cat__ROUTE_11057_10990,0.0
cat__ROUTE_11057_10980,0.0
cat__ROUTE_11057_10874,0.0
cat__ROUTE_11057_10868,0.0
cat__ROUTE_11057_10397,0.0
cat__ROUTE_11057_10792,0.0
cat__ROUTE_11057_10785,0.0
cat__ROUTE_11057_10781,0.0
cat__ROUTE_11057_10721,0.0
cat__ROUTE_10397_14831,0.0
cat__ROUTE_11057_10599,0.0
cat__ROUTE_11057_10529,0.0
cat__ROUTE_11057_10434,0.0
cat__ROUTE_11057_10431,0.0
cat__ROUTE_11057_10423,0.0
cat__ROUTE_11057_10408,0.0
cat__ROUTE_11057_10821,0.0
cat__ROUTE_11003_14986,0.0
cat__ROUTE_11003_14761,0.0
cat__ROUTE_11003_14112,0.0
cat__ROUTE_11003_14107,0.0
cat__ROUTE_11003_14082,0.0
cat__ROUTE_11003_13930,0.0
cat__ROUTE_11003_13487,0.0
cat__ROUTE_11003_13303,0.0
cat__ROUTE_11003_12889,0.0
cat__ROUTE_11003_11697,0.0
cat__ROUTE_11042_13204,0.0
cat__ROUTE_11003_11292,0.0
cat__ROUTE_11003_11278,0.0
cat__ROUTE_11003_11057,0.0
cat__ROUTE_11003_10466,0.0
cat__ROUTE_11003_10397,0.0
cat__ROUTE_10994_15016,0.0
cat__ROUTE_10994_14747,0.0
cat__ROUTE_10994_14100,0.0
cat__ROUTE_10994_13930,0.0
cat__ROUTE_10994_13487,0.0
cat__ROUTE_10994_13303,0.0
cat__ROUTE_11003_11298,0.0
cat__ROUTE_11042_12953,0.0
cat__ROUTE_11042_12892,0.0
cat__ROUTE_11042_12889,0.0
cat__ROUTE_11042_12478,0.0
cat__ROUTE_11042_12266,0.0
cat__ROUTE_10397_14908,0.0
cat__ROUTE_11042_11697,0.0
cat__ROUTE_11042_11618,0.0
cat__ROUTE_11042_11433,0.0
cat__ROUTE_11042_11298,0.0
cat__ROUTE_11013_11433,0.0
cat__ROUTE_11042_11278,0.0
cat__ROUTE_11042_11057,0.0
cat__ROUTE_11042_10821,0.0
cat__ROUTE_11042_10721,0.0
cat__ROUTE_11042_10693,0.0
cat__ROUTE_11042_10423,0.0
cat__ROUTE_11042_10397,0.0
cat__ROUTE_11041_14107,0.0
cat__ROUTE_11027_14761,0.0
cat__ROUTE_11027_14112,0.0
cat__ROUTE_11013_13487,0.0
cat__ROUTE_11042_11292,0.0
cat__ROUTE_10781_11278,0.0
cat__ROUTE_10781_11057,0.0
cat__ROUTE_10781_10397,0.0
cat__ROUTE_10779_14869,0.0
cat__ROUTE_10779_11292,0.0
cat__ROUTE_10754_10299,0.0
cat__ROUTE_10747_12266,0.0
cat__ROUTE_10747_11298,0.0
cat__ROUTE_10739_13487,0.0
cat__ROUTE_10732_13204,0.0
cat__ROUTE_10821_14492,0.0
cat__ROUTE_10732_11697,0.0
cat__ROUTE_10732_11618,0.0
cat__ROUTE_10731_10397,0.0
cat__ROUTE_10728_11298,0.0
cat__ROUTE_10721_15624,0.0
cat__ROUTE_10721_15412,0.0
cat__ROUTE_10397_15027,0.0
cat__ROUTE_10721_15096,0.0
cat__ROUTE_10721_15024,0.0
cat__ROUTE_10721_15016,0.0
cat__ROUTE_10721_14986,0.0
cat__ROUTE_10732_12478,0.0
cat__ROUTE_10792_11433,0.0
cat__ROUTE_10792_11298,0.0
cat__ROUTE_10792_11292,0.0
cat__ROUTE_10792_11278,0.0
cat__ROUTE_10792_11057,0.0
cat__ROUTE_10792_10821,0.0
cat__ROUTE_10792_10721,0.0
cat__ROUTE_10792_10693,0.0
cat__ROUTE_10792_10397,0.0
cat__ROUTE_10785_15304,0.0
cat__ROUTE_10781_11298,0.0
cat__ROUTE_10785_13930,0.0
cat__ROUTE_10785_13204,0.0
cat__ROUTE_10785_12953,0.0
cat__ROUTE_10785_12478,0.0
cat__ROUTE_10785_12264,0.0
cat__ROUTE_10785_11618,0.0
cat__ROUTE_10785_11433,0.0
cat__ROUTE_10785_11278,0.0
cat__ROUTE_10785_11057,0.0
cat__ROUTE_10785_10397,0.0
cat__ROUTE_10781_12266,0.0
cat__ROUTE_10785_14100,0.0
cat__ROUTE_10721_13232,0.0
cat__ROUTE_10721_13230,0.0
cat__ROUTE_10397_15356,0.0
cat__ROUTE_10721_13198,0.0
cat__ROUTE_10721_12953,0.0
cat__ROUTE_10721_12892,0.0
cat__ROUTE_10397_15370,0.0
cat__ROUTE_10721_12478,0.0
cat__ROUTE_10721_12451,0.0
cat__ROUTE_10721_12339,0.0
cat__ROUTE_10721_14869,0.0
cat__ROUTE_10721_12264,0.0
cat__ROUTE_10721_12173,0.0
cat__ROUTE_10721_12094,0.0
cat__ROUTE_10721_11986,0.0
cat__ROUTE_10397_15412,0.0
cat__ROUTE_10721_11624,0.0
cat__ROUTE_10721_11618,0.0
cat__ROUTE_10721_11433,0.0
cat__ROUTE_10721_11298,0.0
cat__ROUTE_10721_11292,0.0
cat__ROUTE_10397_15607,0.0
cat__ROUTE_10397_15376,0.0
cat__ROUTE_10397_15096,0.0
cat__ROUTE_10721_14771,0.0
cat__ROUTE_10721_14747,0.0
cat__ROUTE_10721_14730,0.0
cat__ROUTE_10721_14685,0.0
cat__ROUTE_10721_14683,0.0
cat__ROUTE_10721_14679,0.0
cat__ROUTE_10721_14635,0.0
cat__ROUTE_10721_14576,0.0
cat__ROUTE_10721_14524,0.0
cat__ROUTE_10721_13244,0.0
cat__ROUTE_10721_14231,0.0
cat__ROUTE_10721_14122,0.0
cat__ROUTE_10721_14107,0.0
cat__ROUTE_10721_14100,0.0
cat__ROUTE_10721_14057,0.0
cat__ROUTE_10397_15249,0.0
cat__ROUTE_10721_13577,0.0
cat__ROUTE_10721_13495,0.0
cat__ROUTE_10721_13487,0.0
cat__ROUTE_10721_13342,0.0
cat__ROUTE_10397_15323,0.0
cat__ROUTE_10721_14492,0.0
cat__ROUTE_10821_12339,0.0
cat__ROUTE_10821_12266,0.0
cat__ROUTE_10821_12191,0.0
cat__ROUTE_10821_11996,0.0
cat__ROUTE_10821_11986,0.0
cat__ROUTE_10821_11481,0.0
cat__ROUTE_10821_11433,0.0
cat__ROUTE_10821_11298,0.0
cat__ROUTE_10821_11292,0.0
cat__ROUTE_10821_11259,0.0
cat__ROUTE_10792_11618,0.0
cat__ROUTE_10821_11109,0.0
cat__ROUTE_10821_11066,0.0
cat__ROUTE_10821_11057,0.0
cat__ROUTE_10821_11042,0.0
cat__ROUTE_10821_10994,0.0
cat__ROUTE_10821_10792,0.0
cat__ROUTE_10821_10721,0.0
cat__ROUTE_10821_10693,0.0
cat__ROUTE_10821_10599,0.0
cat__ROUTE_10821_10529,0.0
cat__ROUTE_10821_10423,0.0
cat__ROUTE_10821_11193,0.0
cat__ROUTE_10821_14321,0.0
cat__ROUTE_10821_14307,0.0
cat__ROUTE_10821_14122,0.0
cat__ROUTE_10821_14107,0.0
cat__ROUTE_10821_14027,0.0
cat__ROUTE_10821_13931,0.0
cat__ROUTE_10821_13930,0.0
cat__ROUTE_10821_13796,0.0
cat__ROUTE_10821_13577,0.0
cat__ROUTE_10821_13495,0.0
cat__ROUTE_10821_12391,0.0
cat__ROUTE_10821_13342,0.0
cat__ROUTE_10821_13303,0.0
cat__ROUTE_10821_13296,0.0
cat__ROUTE_10821_13244,0.0
cat__ROUTE_10821_13232,0.0
cat__ROUTE_10821_13204,0.0
cat__ROUTE_10821_13198,0.0
cat__ROUTE_10821_12892,0.0
cat__ROUTE_10821_12889,0.0
cat__ROUTE_10821_12451,0.0
cat__ROUTE_10821_12448,0.0
cat__ROUTE_10821_13487,0.0
cat__ROUTE_10800_10713,0.0
cat__ROUTE_10800_10693,0.0
cat__ROUTE_10800_10423,0.0
cat__ROUTE_10800_10397,0.0
cat__ROUTE_10800_10140,0.0
cat__ROUTE_10792_15304,0.0
cat__ROUTE_10792_14986,0.0
cat__ROUTE_10792_14635,0.0
cat__ROUTE_10792_14492,0.0
cat__ROUTE_10792_14107,0.0
cat__ROUTE_10821_10397,0.0
cat__ROUTE_10792_14027,0.0
cat__ROUTE_10792_13930,0.0
cat__ROUTE_10792_13303,0.0
cat__ROUTE_10792_13232,0.0
cat__ROUTE_10792_13204,0.0
cat__ROUTE_10792_12953,0.0
cat__ROUTE_10792_12892,0.0
cat__ROUTE_10792_12889,0.0
cat__ROUTE_10792_12478,0.0
cat__ROUTE_10792_12264,0.0
cat__ROUTE_10792_11697,0.0
cat__ROUTE_10792_14100,0.0
cat__ROUTE_10821_10257,0.0
cat__ROUTE_10821_10140,0.0
cat__ROUTE_10800_15023,0.0
cat__ROUTE_10800_15016,0.0
cat__ROUTE_10800_14893,0.0
cat__ROUTE_10800_14869,0.0
cat__ROUTE_10800_14831,0.0
cat__ROUTE_10800_14771,0.0
cat__ROUTE_10800_14747,0.0
cat__ROUTE_10800_14683,0.0
cat__ROUTE_10800_11259,0.0
cat__ROUTE_10800_14107,0.0
cat__ROUTE_10800_14057,0.0
cat__ROUTE_10800_13796,0.0
cat__ROUTE_10800_13495,0.0
cat__ROUTE_10800_13232,0.0
cat__ROUTE_10800_13198,0.0
cat__ROUTE_10800_12889,0.0
cat__ROUTE_10800_12191,0.0
cat__ROUTE_10800_11603,0.0
cat__ROUTE_10800_11298,0.0
cat__ROUTE_10800_11292,0.0
cat__ROUTE_10800_14570,0.0
cat__ROUTE_12335_13487,0.0
cat__ROUTE_12335_11433,0.0
cat__ROUTE_12323_14100,0.0
cat__ROUTE_12323_13303,0.0
cat__ROUTE_12323_12953,0.0
cat__ROUTE_12323_11618,0.0
cat__ROUTE_12323_11298,0.0
cat__ROUTE_12323_11278,0.0
cat__ROUTE_12323_11057,0.0
cat__ROUTE_12323_10397,0.0
cat__ROUTE_11298_15249,0.0
cat__ROUTE_12280_14869,0.0
cat__ROUTE_12280_14747,0.0
cat__ROUTE_12280_14107,0.0
cat__ROUTE_12280_14057,0.0
cat__ROUTE_12280_12889,0.0
cat__ROUTE_12280_11298,0.0
cat__ROUTE_12280_11292,0.0
cat__ROUTE_12280_10466,0.0
cat__ROUTE_12278_15624,0.0
cat__ROUTE_12278_15016,0.0
cat__ROUTE_12280_14908,0.0
cat__ROUTE_12339_12953,0.0
cat__ROUTE_12339_12892,0.0
cat__ROUTE_12339_12889,0.0
cat__ROUTE_12339_12478,0.0
cat__ROUTE_12339_12451,0.0
cat__ROUTE_10397_11109,0.0
cat__ROUTE_12339_12264,0.0
cat__ROUTE_12339_12191,0.0
cat__ROUTE_12339_11697,0.0
cat__ROUTE_12339_11624,0.0
cat__ROUTE_10397_11150,0.0
cat__ROUTE_12339_11481,0.0
cat__ROUTE_12339_11433,0.0
cat__ROUTE_10397_11146,0.0
cat__ROUTE_12339_11292,0.0
cat__ROUTE_12339_11278,0.0
cat__ROUTE_12339_11259,0.0
cat__ROUTE_12339_11057,0.0
cat__ROUTE_12339_10821,0.0
cat__ROUTE_12339_10721,0.0
cat__ROUTE_12339_10693,0.0
cat__ROUTE_12339_10423,0.0
cat__ROUTE_12339_11618,0.0
cat__ROUTE_12266_14869,0.0
cat__ROUTE_12266_14843,0.0
cat__ROUTE_12266_14831,0.0
cat__ROUTE_12266_14814,0.0
cat__ROUTE_12266_14783,0.0
cat__ROUTE_12266_14771,0.0
cat__ROUTE_12266_14747,0.0
cat__ROUTE_12266_14730,0.0
cat__ROUTE_12266_14685,0.0
cat__ROUTE_12266_14683,0.0
cat__ROUTE_12278_14761,0.0
cat__ROUTE_12266_14674,0.0
cat__ROUTE_12266_14635,0.0
cat__ROUTE_12266_14570,0.0
cat__ROUTE_12266_14524,0.0
cat__ROUTE_12266_14492,0.0
cat__ROUTE_12266_14262,0.0
cat__ROUTE_12266_14193,0.0
cat__ROUTE_12266_14122,0.0
cat__ROUTE_12266_14109,0.0
cat__ROUTE_12266_14107,0.0
cat__ROUTE_12266_14100,0.0
cat__ROUTE_12266_14679,0.0
cat__ROUTE_12278_14747,0.0
cat__ROUTE_12278_14107,0.0
cat__ROUTE_12278_13930,0.0
cat__ROUTE_12278_13487,0.0
cat__ROUTE_12278_13303,0.0
cat__ROUTE_12278_12889,0.0
cat__ROUTE_12278_12266,0.0
cat__ROUTE_12278_11298,0.0
cat__ROUTE_10397_11193,0.0
cat__ROUTE_12278_11278,0.0
cat__ROUTE_12266_14893,0.0
cat__ROUTE_12278_10397,0.0
cat__ROUTE_12266_15919,0.0
cat__ROUTE_12266_15569,0.0
cat__ROUTE_10397_11252,0.0
cat__ROUTE_12266_15376,0.0
cat__ROUTE_10397_11259,0.0
cat__ROUTE_12266_15304,0.0
cat__ROUTE_12266_15024,0.0
cat__ROUTE_12266_15016,0.0
cat__ROUTE_12266_14986,0.0
cat__ROUTE_12266_14908,0.0
cat__ROUTE_12278_10466,0.0
cat__ROUTE_12451_11721,0.0
cat__ROUTE_12451_11697,0.0
cat__ROUTE_12451_11618,0.0
cat__ROUTE_12451_11433,0.0
cat__ROUTE_12451_11298,0.0
cat__ROUTE_12451_11292,0.0
cat__ROUTE_12451_11278,0.0
cat__ROUTE_12451_11259,0.0
cat__ROUTE_12451_11193,0.0
cat__ROUTE_12451_11057,0.0
cat__ROUTE_12339_13198,0.0
cat__ROUTE_12451_10721,0.0
cat__ROUTE_12451_10693,0.0
cat__ROUTE_12451_10676,0.0
cat__ROUTE_12451_10397,0.0
cat__ROUTE_12448_13204,0.0
cat__ROUTE_12448_12266,0.0
cat__ROUTE_12448_12191,0.0
cat__ROUTE_12448_11298,0.0
cat__ROUTE_12448_11278,0.0
cat__ROUTE_12448_11057,0.0
cat__ROUTE_12448_10821,0.0
cat__ROUTE_12451_10821,0.0
cat__ROUTE_12478_10721,0.0
cat__ROUTE_12478_10693,0.0
cat__ROUTE_12478_10581,0.0
cat__ROUTE_10397_11057,0.0
cat__ROUTE_12478_10397,0.0
cat__ROUTE_12451_15412,0.0
cat__ROUTE_12451_15016,0.0
cat__ROUTE_12451_14843,0.0
cat__ROUTE_12451_14122,0.0
cat__ROUTE_12451_14107,0.0
cat__ROUTE_12451_12191,0.0
cat__ROUTE_12451_13931,0.0
cat__ROUTE_12451_13930,0.0
cat__ROUTE_12451_13487,0.0
cat__ROUTE_12451_13303,0.0
cat__ROUTE_12451_13232,0.0
cat__ROUTE_12451_13230,0.0
cat__ROUTE_12451_12953,0.0
cat__ROUTE_12451_12478,0.0
cat__ROUTE_12451_12339,0.0
cat__ROUTE_12451_12266,0.0
cat__ROUTE_12451_12264,0.0
cat__ROUTE_12451_14100,0.0
cat__ROUTE_12343_13487,0.0
cat__ROUTE_12339_15624,0.0
cat__ROUTE_12339_15304,0.0
cat__ROUTE_12339_14986,0.0
cat__ROUTE_12339_14869,0.0
cat__ROUTE_12339_14771,0.0
cat__ROUTE_12339_14761,0.0
cat__ROUTE_12339_14747,0.0
cat__ROUTE_12339_14685,0.0
cat__ROUTE_12339_14679,0.0
cat__ROUTE_12448_10397,0.0
cat__ROUTE_12339_14492,0.0
cat__ROUTE_12339_14112,0.0
cat__ROUTE_12339_14107,0.0
cat__ROUTE_12339_14100,0.0
cat__ROUTE_12339_14082,0.0
cat__ROUTE_12339_14027,0.0
cat__ROUTE_12339_13930,0.0
cat__ROUTE_12339_13495,0.0
cat__ROUTE_12339_13487,0.0
cat__ROUTE_10397_11066,0.0
cat__ROUTE_12339_13204,0.0
cat__ROUTE_12339_14635,0.0
cat__ROUTE_12441_14869,0.0
cat__ROUTE_12441_14771,0.0
cat__ROUTE_12441_14747,0.0
cat__ROUTE_12441_14679,0.0
cat__ROUTE_12441_13930,0.0
cat__ROUTE_12441_13487,0.0
cat__ROUTE_12441_12892,0.0
cat__ROUTE_12441_12266,0.0
cat__ROUTE_12441_11618,0.0
cat__ROUTE_12441_11298,0.0
cat__ROUTE_12391_10821,0.0
cat__ROUTE_12441_10397,0.0
cat__ROUTE_12402_13830,0.0
cat__ROUTE_12397_12478,0.0
cat__ROUTE_12397_12264,0.0
cat__ROUTE_12397_11618,0.0
cat__ROUTE_12391_15304,0.0
cat__ROUTE_12391_14635,0.0
cat__ROUTE_12391_14027,0.0
cat__ROUTE_12391_13303,0.0
cat__ROUTE_12391_13204,0.0
cat__ROUTE_12391_11697,0.0
cat__ROUTE_12441_11292,0.0
cat__ROUTE_12264_13230,0.0
cat__ROUTE_10397_11423,0.0
cat__ROUTE_12264_13198,0.0
cat__ROUTE_12264_12953,0.0
cat__ROUTE_12264_12892,0.0
cat__ROUTE_12264_12889,0.0
cat__ROUTE_12264_12559,0.0
cat__ROUTE_12264_12478,0.0
cat__ROUTE_12264_12451,0.0
cat__ROUTE_12264_12397,0.0
cat__ROUTE_12266_14057,0.0
cat__ROUTE_12264_12266,0.0
cat__ROUTE_12264_12217,0.0
cat__ROUTE_12264_12173,0.0
cat__ROUTE_12264_12094,0.0
cat__ROUTE_12264_11996,0.0
cat__ROUTE_12264_11995,0.0
cat__ROUTE_12264_11697,0.0
cat__ROUTE_12264_11624,0.0
cat__ROUTE_10397_11481,0.0
cat__ROUTE_12264_11433,0.0
cat__ROUTE_12264_11298,0.0
cat__ROUTE_12264_12339,0.0
cat__ROUTE_12264_14679,0.0
cat__ROUTE_12264_14635,0.0
cat__ROUTE_12264_14576,0.0
cat__ROUTE_12264_14574,0.0
cat__ROUTE_12264_14524,0.0
cat__ROUTE_12264_14492,0.0
cat__ROUTE_12264_14321,0.0
cat__ROUTE_12264_14307,0.0
cat__ROUTE_12264_14262,0.0
cat__ROUTE_12264_14122,0.0
cat__ROUTE_12264_13282,0.0
cat__ROUTE_12264_14100,0.0
cat__ROUTE_12264_14082,0.0
cat__ROUTE_12264_14057,0.0
cat__ROUTE_12264_14027,0.0
cat__ROUTE_12264_13931,0.0
cat__ROUTE_12264_13930,0.0
cat__ROUTE_12264_13495,0.0
cat__ROUTE_12264_13487,0.0
cat__ROUTE_12264_13422,0.0
cat__ROUTE_12264_13303,0.0
cat__ROUTE_12264_13296,0.0
cat__ROUTE_12264_14107,0.0
cat__ROUTE_12217_13303,0.0
cat__ROUTE_10397_11540,0.0
cat__ROUTE_12217_12264,0.0
cat__ROUTE_12217_11433,0.0
cat__ROUTE_12217_11298,0.0
cat__ROUTE_12217_11292,0.0
cat__ROUTE_12217_11278,0.0
cat__ROUTE_12217_11057,0.0
cat__ROUTE_12217_10397,0.0
cat__ROUTE_12206_13930,0.0
cat__ROUTE_12264_11292,0.0
cat__ROUTE_12206_12266,0.0
cat__ROUTE_12206_12191,0.0
cat__ROUTE_12206_11298,0.0
cat__ROUTE_12206_11292,0.0
cat__ROUTE_12206_11259,0.0
cat__ROUTE_12206_10423,0.0
cat__ROUTE_12197_15304,0.0
cat__ROUTE_12197_14843,0.0
cat__ROUTE_12197_14635,0.0
cat__ROUTE_12197_14027,0.0
cat__ROUTE_12197_13930,0.0
cat__ROUTE_12206_13487,0.0
cat__ROUTE_12264_11267,0.0
cat__ROUTE_12264_11193,0.0
cat__ROUTE_12264_11066,0.0
cat__ROUTE_12264_11057,0.0
cat__ROUTE_12264_11042,0.0
cat__ROUTE_12264_10994,0.0
cat__ROUTE_12264_10990,0.0
cat__ROUTE_12264_10868,0.0
cat__ROUTE_12264_10849,0.0
cat__ROUTE_12264_10792,0.0
cat__ROUTE_10397_11503,0.0
cat__ROUTE_12264_10721,0.0
cat__ROUTE_12264_10693,0.0
cat__ROUTE_12264_10529,0.0
cat__ROUTE_12264_10434,0.0
cat__ROUTE_12264_10423,0.0
cat__ROUTE_12264_10397,0.0
cat__ROUTE_12264_10257,0.0
cat__ROUTE_12255_11292,0.0
cat__ROUTE_12223_14761,0.0
cat__ROUTE_12223_14112,0.0
cat__ROUTE_12223_11057,0.0
cat__ROUTE_12264_10785,0.0
cat__ROUTE_12266_12915,0.0
cat__ROUTE_12266_12896,0.0
cat__ROUTE_10397_11292,0.0
cat__ROUTE_12266_12889,0.0
cat__ROUTE_12266_12478,0.0
cat__ROUTE_12266_12451,0.0
cat__ROUTE_12266_12448,0.0
cat__ROUTE_12266_12441,0.0
cat__ROUTE_12266_12339,0.0
cat__ROUTE_12266_12278,0.0
cat__ROUTE_12264_14683,0.0
cat__ROUTE_12266_12217,0.0
cat__ROUTE_12266_12206,0.0
cat__ROUTE_12266_12177,0.0
cat__ROUTE_12266_12173,0.0
cat__ROUTE_12266_12094,0.0
cat__ROUTE_12266_12012,0.0
cat__ROUTE_12266_11996,0.0
cat__ROUTE_12266_11986,0.0
cat__ROUTE_12266_11973,0.0
cat__ROUTE_12266_11697,0.0
cat__ROUTE_12266_11624,0.0
cat__ROUTE_12266_12264,0.0
cat__ROUTE_12266_14027,0.0
cat__ROUTE_12266_13931,0.0
cat__ROUTE_12266_13930,0.0
cat__ROUTE_12266_13891,0.0
cat__ROUTE_12266_13871,0.0
cat__ROUTE_12266_13851,0.0
cat__ROUTE_12266_13502,0.0
cat__ROUTE_12266_13495,0.0
cat__ROUTE_12266_13487,0.0
cat__ROUTE_12266_13422,0.0
cat__ROUTE_12266_12951,0.0
cat__ROUTE_12266_13303,0.0
cat__ROUTE_12266_13256,0.0
cat__ROUTE_12266_13244,0.0
cat__ROUTE_12266_13241,0.0
cat__ROUTE_12266_13232,0.0
cat__ROUTE_10397_11267,0.0
cat__ROUTE_12266_13198,0.0
cat__ROUTE_12266_13158,0.0
cat__ROUTE_12266_13061,0.0
cat__ROUTE_12266_12992,0.0
cat__ROUTE_12266_12953,0.0
cat__ROUTE_12266_13342,0.0
cat__ROUTE_12266_10397,0.0
cat__ROUTE_10397_11308,0.0
cat__ROUTE_12266_10279,0.0
cat__ROUTE_12266_10140,0.0
cat__ROUTE_12265_14761,0.0
cat__ROUTE_12265_14112,0.0
cat__ROUTE_12265_14082,0.0
cat__ROUTE_12264_15412,0.0
cat__ROUTE_12264_15304,0.0
cat__ROUTE_12264_15096,0.0
cat__ROUTE_12266_11618,0.0
cat__ROUTE_12264_15016,0.0
cat__ROUTE_12264_14986,0.0
cat__ROUTE_12264_14893,0.0
cat__ROUTE_12264_14869,0.0
cat__ROUTE_12264_14843,0.0
cat__ROUTE_12264_14771,0.0
cat__ROUTE_12264_14747,0.0
cat__ROUTE_12264_14730,0.0
cat__ROUTE_12264_14711,0.0
cat__ROUTE_12264_14696,0.0
cat__ROUTE_12264_14685,0.0
cat__ROUTE_12264_15024,0.0
cat__ROUTE_12266_11540,0.0
cat__ROUTE_12266_11503,0.0
cat__ROUTE_12266_11481,0.0
cat__ROUTE_12266_11433,0.0
cat__ROUTE_12266_11423,0.0
cat__ROUTE_12266_11298,0.0
cat__ROUTE_12266_11292,0.0
cat__ROUTE_12266_11278,0.0
cat__ROUTE_12266_11193,0.0
cat__ROUTE_12266_11140,0.0
cat__ROUTE_12266_10423,0.0
cat__ROUTE_12266_11066,0.0
cat__ROUTE_12266_11057,0.0
cat__ROUTE_12266_11042,0.0
cat__ROUTE_12266_10994,0.0
cat__ROUTE_12266_10849,0.0
cat__ROUTE_12266_10821,0.0
cat__ROUTE_12266_10781,0.0
cat__ROUTE_12266_10747,0.0
cat__ROUTE_12266_10721,0.0
cat__ROUTE_12266_10693,0.0
cat__ROUTE_12266_10599,0.0
cat__ROUTE_12266_11109,0.0
cat__ROUTE_12892_12094,0.0
cat__ROUTE_12892_11884,0.0
cat__ROUTE_10397_10792,0.0
cat__ROUTE_12892_11695,0.0
cat__ROUTE_12892_11648,0.0
cat__ROUTE_12892_11638,0.0
cat__ROUTE_12892_11618,0.0
cat__ROUTE_12892_11603,0.0
cat__ROUTE_12892_11540,0.0
cat__ROUTE_12892_11503,0.0
cat__ROUTE_12478_10732,0.0
cat__ROUTE_12892_11298,0.0
cat__ROUTE_10397_10800,0.0
cat__ROUTE_12892_11278,0.0
cat__ROUTE_12892_11259,0.0
cat__ROUTE_12892_11193,0.0
cat__ROUTE_12892_11066,0.0
cat__ROUTE_12892_11057,0.0
cat__ROUTE_12892_11042,0.0
cat__ROUTE_12892_10849,0.0
cat__ROUTE_12892_10821,0.0
cat__ROUTE_12892_11433,0.0
cat__ROUTE_12892_13851,0.0
cat__ROUTE_10397_10529,0.0
cat__ROUTE_10397_10599,0.0
cat__ROUTE_12892_13502,0.0
cat__ROUTE_12892_13495,0.0
cat__ROUTE_12892_13487,0.0
cat__ROUTE_12892_13476,0.0
cat__ROUTE_10397_10685,0.0
cat__ROUTE_12892_13264,0.0
cat__ROUTE_12892_13244,0.0
cat__ROUTE_10397_10785,0.0
cat__ROUTE_12892_13204,0.0
cat__ROUTE_12892_13198,0.0
cat__ROUTE_12892_12982,0.0
cat__ROUTE_10397_10693,0.0
cat__ROUTE_10397_10713,0.0
cat__ROUTE_10397_10731,0.0
cat__ROUTE_10397_10781,0.0
cat__ROUTE_12892_12339,0.0
cat__ROUTE_12892_12266,0.0
cat__ROUTE_12892_12264,0.0
cat__ROUTE_12892_12191,0.0
cat__ROUTE_12892_13232,0.0
cat__ROUTE_12889_14814,0.0
cat__ROUTE_12889_14783,0.0
cat__ROUTE_12889_14771,0.0
cat__ROUTE_12889_14747,0.0
cat__ROUTE_12889_14730,0.0
cat__ROUTE_12889_14716,0.0
cat__ROUTE_12889_14698,0.0
cat__ROUTE_12889_14696,0.0
cat__ROUTE_12889_14689,0.0
cat__ROUTE_12889_14683,0.0
cat__ROUTE_12892_10792,0.0
cat__ROUTE_12889_14576,0.0
cat__ROUTE_12889_14570,0.0
cat__ROUTE_12889_14512,0.0
cat__ROUTE_12889_14492,0.0
cat__ROUTE_12889_14457,0.0
cat__ROUTE_12889_14314,0.0
cat__ROUTE_12889_14262,0.0
cat__ROUTE_12889_14252,0.0
cat__ROUTE_12889_14122,0.0
cat__ROUTE_12889_14108,0.0
cat__ROUTE_12889_14107,0.0
cat__ROUTE_10397_10849,0.0
cat__ROUTE_12892_10721,0.0
cat__ROUTE_12892_10713,0.0
cat__ROUTE_12892_10693,0.0
cat__ROUTE_12892_10666,0.0
cat__ROUTE_12892_10423,0.0
cat__ROUTE_10397_10821,0.0
cat__ROUTE_12892_10299,0.0
cat__ROUTE_12892_10157,0.0
cat__ROUTE_12892_10140,0.0
cat__ROUTE_12891_11298,0.0
cat__ROUTE_12889_14831,0.0
cat__ROUTE_12889_15624,0.0
cat__ROUTE_12889_15412,0.0
cat__ROUTE_12889_15376,0.0
cat__ROUTE_12889_15370,0.0
cat__ROUTE_12889_15304,0.0
cat__ROUTE_12889_15023,0.0
cat__ROUTE_12889_15016,0.0
cat__ROUTE_12889_14908,0.0
cat__ROUTE_12889_14905,0.0
cat__ROUTE_12889_14893,0.0
cat__ROUTE_12889_14869,0.0
cat__ROUTE_12889_15919,0.0
cat__ROUTE_12951_10397,0.0
cat__ROUTE_12945_14761,0.0
cat__ROUTE_12945_14112,0.0
cat__ROUTE_12945_14100,0.0
cat__ROUTE_12945_14082,0.0
cat__ROUTE_12945_13930,0.0
cat__ROUTE_12945_13303,0.0
cat__ROUTE_12945_12889,0.0
cat__ROUTE_12945_11697,0.0
cat__ROUTE_12945_11433,0.0
cat__ROUTE_12892_13871,0.0
cat__ROUTE_12945_11292,0.0
cat__ROUTE_12945_11278,0.0
cat__ROUTE_12945_11057,0.0
cat__ROUTE_12945_10397,0.0
cat__ROUTE_12917_15624,0.0
cat__ROUTE_12917_14986,0.0
cat__ROUTE_12917_14761,0.0
cat__ROUTE_12917_14685,0.0
cat__ROUTE_12917_14112,0.0
cat__ROUTE_12917_14082,0.0
cat__ROUTE_12917_11697,0.0
cat__ROUTE_12945_11298,0.0
cat__ROUTE_12953_11278,0.0
cat__ROUTE_12953_11267,0.0
cat__ROUTE_12953_11259,0.0
cat__ROUTE_12953_11252,0.0
cat__ROUTE_12953_11193,0.0
cat__ROUTE_12953_11066,0.0
cat__ROUTE_12953_11057,0.0
cat__ROUTE_12953_10994,0.0
cat__ROUTE_12953_10990,0.0
cat__ROUTE_12953_10980,0.0
cat__ROUTE_12951_11057,0.0
cat__ROUTE_12953_10792,0.0
cat__ROUTE_12953_10785,0.0
cat__ROUTE_10397_10140,0.0
cat__ROUTE_10397_10146,0.0
cat__ROUTE_12953_10599,0.0
cat__ROUTE_12953_10581,0.0
cat__ROUTE_12953_10431,0.0
cat__ROUTE_10397_10185,0.0
cat__ROUTE_12953_10257,0.0
cat__ROUTE_12951_12266,0.0
cat__ROUTE_12951_11298,0.0
cat__ROUTE_12953_10868,0.0
cat__ROUTE_12892_14783,0.0
cat__ROUTE_10397_10408,0.0
cat__ROUTE_12892_14747,0.0
cat__ROUTE_12892_14698,0.0
cat__ROUTE_12892_14689,0.0
cat__ROUTE_12892_14683,0.0
cat__ROUTE_12892_14679,0.0
cat__ROUTE_12892_14635,0.0
cat__ROUTE_10397_10423,0.0
cat__ROUTE_12892_14492,0.0
cat__ROUTE_12915_12266,0.0
cat__ROUTE_12892_14487,0.0
cat__ROUTE_12892_14457,0.0
cat__ROUTE_12892_14262,0.0
cat__ROUTE_12892_14252,0.0
cat__ROUTE_12892_14237,0.0
cat__ROUTE_12892_14107,0.0
cat__ROUTE_12892_14100,0.0
cat__ROUTE_10397_10431,0.0
cat__ROUTE_12892_14027,0.0
cat__ROUTE_12892_14004,0.0
cat__ROUTE_12892_13930,0.0
cat__ROUTE_12892_14489,0.0
cat__ROUTE_12915_11298,0.0
cat__ROUTE_12902_11292,0.0
cat__ROUTE_12899_11292,0.0
cat__ROUTE_12898_13204,0.0
cat__ROUTE_12896_14107,0.0
cat__ROUTE_12896_12889,0.0
cat__ROUTE_12896_12266,0.0
cat__ROUTE_12896_12191,0.0
cat__ROUTE_12896_11298,0.0
cat__ROUTE_12896_11292,0.0
cat__ROUTE_12892_14794,0.0
cat__ROUTE_12896_10423,0.0
cat__ROUTE_12892_15919,0.0
cat__ROUTE_12892_15376,0.0
cat__ROUTE_12892_15370,0.0
cat__ROUTE_12892_15304,0.0
cat__ROUTE_12892_15041,0.0
cat__ROUTE_12892_15023,0.0
cat__ROUTE_12892_15016,0.0
cat__ROUTE_10397_10208,0.0
cat__ROUTE_10397_10257,0.0
cat__ROUTE_10397_10372,0.0
cat__ROUTE_12896_11259,0.0
cat__ROUTE_12544_14112,0.0
cat__ROUTE_12544_14082,0.0
cat__ROUTE_12544_11697,0.0
cat__ROUTE_12523_15991,0.0
cat__ROUTE_12523_14828,0.0
cat__ROUTE_12523_14747,0.0
cat__ROUTE_12523_14256,0.0
cat__ROUTE_12523_12819,0.0
cat__ROUTE_12523_10299,0.0
cat__ROUTE_12519_11447,0.0
cat__ROUTE_12889_14100,0.0
cat__ROUTE_12511_13930,0.0
cat__ROUTE_12511_11292,0.0
cat__ROUTE_12478_15304,0.0
cat__ROUTE_12478_15096,0.0
cat__ROUTE_12478_15024,0.0
cat__ROUTE_12478_14986,0.0
cat__ROUTE_12478_14908,0.0
cat__ROUTE_12478_14869,0.0
cat__ROUTE_10397_10980,0.0
cat__ROUTE_10397_10990,0.0
cat__ROUTE_12478_14747,0.0
cat__ROUTE_12519_11292,0.0
cat__ROUTE_12819_15841,0.0
cat__ROUTE_12819_14828,0.0
cat__ROUTE_12819_14747,0.0
cat__ROUTE_12819_12523,0.0
cat__ROUTE_12758_14893,0.0
cat__ROUTE_12758_14831,0.0
cat__ROUTE_12758_14771,0.0
cat__ROUTE_12758_14747,0.0
cat__ROUTE_12758_14679,0.0
cat__ROUTE_12758_14107,0.0
cat__ROUTE_12544_14761,0.0
cat__ROUTE_12758_13930,0.0
cat__ROUTE_12758_13830,0.0
cat__ROUTE_12758_13796,0.0
cat__ROUTE_12758_12982,0.0
cat__ROUTE_12758_12892,0.0
cat__ROUTE_12758_12889,0.0
cat__ROUTE_12758_12173,0.0
cat__ROUTE_12758_11292,0.0
cat__ROUTE_12758_10299,0.0
cat__ROUTE_12559_13930,0.0
cat__ROUTE_12559_12264,0.0
cat__ROUTE_12758_14057,0.0
cat__ROUTE_10397_11003,0.0
cat__ROUTE_12478_12889,0.0
cat__ROUTE_12478_12451,0.0
cat__ROUTE_12478_12397,0.0
cat__ROUTE_12478_12339,0.0
cat__ROUTE_12478_12266,0.0
cat__ROUTE_12478_12264,0.0
cat__ROUTE_10397_11042,0.0
cat__ROUTE_12478_11697,0.0
cat__ROUTE_12478_11503,0.0
cat__ROUTE_12478_14685,0.0
cat__ROUTE_12478_11298,0.0
cat__ROUTE_12478_11292,0.0
cat__ROUTE_12478_11278,0.0
cat__ROUTE_12478_11193,0.0
cat__ROUTE_12478_11066,0.0
cat__ROUTE_12478_11057,0.0
cat__ROUTE_12478_11042,0.0
cat__ROUTE_12478_10994,0.0
cat__ROUTE_12478_10849,0.0
cat__ROUTE_12478_10792,0.0
cat__ROUTE_12478_10785,0.0
cat__ROUTE_12478_11433,0.0
cat__ROUTE_12478_14683,0.0
cat__ROUTE_12478_14679,0.0
cat__ROUTE_12478_14635,0.0
cat__ROUTE_12478_14576,0.0
cat__ROUTE_12478_14570,0.0
cat__ROUTE_12478_14524,0.0
cat__ROUTE_12478_14492,0.0
cat__ROUTE_12478_14321,0.0
cat__ROUTE_12478_14262,0.0
cat__ROUTE_12478_14254,0.0
cat__ROUTE_12478_13198,0.0
cat__ROUTE_12478_14107,0.0
cat__ROUTE_12478_14057,0.0
cat__ROUTE_12478_14027,0.0
cat__ROUTE_12478_13933,0.0
cat__ROUTE_12478_13931,0.0
cat__ROUTE_12478_13930,0.0
cat__ROUTE_12478_13495,0.0
cat__ROUTE_10397_10994,0.0
cat__ROUTE_12478_13342,0.0
cat__ROUTE_12478_13303,0.0
cat__ROUTE_12478_13204,0.0
cat__ROUTE_12478_14122,0.0
cat__ROUTE_12889_12992,0.0
cat__ROUTE_12889_12982,0.0
cat__ROUTE_12889_12954,0.0
cat__ROUTE_12889_12945,0.0
cat__ROUTE_12889_12896,0.0
cat__ROUTE_12889_12892,0.0
cat__ROUTE_12889_12758,0.0
cat__ROUTE_12889_12478,0.0
cat__ROUTE_12889_12339,0.0
cat__ROUTE_12889_12280,0.0
cat__ROUTE_12884_11278,0.0
cat__ROUTE_12889_12266,0.0
cat__ROUTE_12889_12264,0.0
cat__ROUTE_12889_12191,0.0
cat__ROUTE_12889_12173,0.0
cat__ROUTE_12889_12003,0.0
cat__ROUTE_12889_11986,0.0
cat__ROUTE_12889_11980,0.0
cat__ROUTE_12889_11921,0.0
cat__ROUTE_12889_11898,0.0
cat__ROUTE_12889_11884,0.0
cat__ROUTE_12889_11823,0.0
cat__ROUTE_12889_12278,0.0
cat__ROUTE_12889_14057,0.0
cat__ROUTE_12889_14004,0.0
cat__ROUTE_12889_13930,0.0
cat__ROUTE_12889_13891,0.0
cat__ROUTE_12889_13871,0.0
cat__ROUTE_12889_13851,0.0
cat__ROUTE_12889_13830,0.0
cat__ROUTE_12889_13495,0.0
cat__ROUTE_12889_13487,0.0
cat__ROUTE_12889_13486,0.0
cat__ROUTE_12889_13061,0.0
cat__ROUTE_12889_13433,0.0
cat__ROUTE_12889_13367,0.0
cat__ROUTE_12889_13342,0.0
cat__ROUTE_12889_13303,0.0
cat__ROUTE_12889_13264,0.0
cat__ROUTE_12889_13256,0.0
cat__ROUTE_12889_13244,0.0
cat__ROUTE_12889_13232,0.0
cat__ROUTE_12889_13204,0.0
cat__ROUTE_12889_13198,0.0
cat__ROUTE_12889_13158,0.0
cat__ROUTE_12889_13476,0.0
cat__ROUTE_12889_10800,0.0
cat__ROUTE_12889_10792,0.0
cat__ROUTE_12889_10721,0.0
cat__ROUTE_12889_10713,0.0
cat__ROUTE_12889_10693,0.0
cat__ROUTE_12889_10676,0.0
cat__ROUTE_12889_10666,0.0
cat__ROUTE_12889_10627,0.0
cat__ROUTE_12889_10620,0.0
cat__ROUTE_12889_10599,0.0
cat__ROUTE_12889_11775,0.0
cat__ROUTE_12889_10431,0.0
cat__ROUTE_12889_10423,0.0
cat__ROUTE_12889_10408,0.0
cat__ROUTE_12889_10397,0.0
cat__ROUTE_12889_10299,0.0
cat__ROUTE_12889_10279,0.0
cat__ROUTE_12889_10257,0.0
cat__ROUTE_12889_10140,0.0
cat__ROUTE_12888_11292,0.0
cat__ROUTE_12884_13930,0.0
cat__ROUTE_12884_11433,0.0
cat__ROUTE_12889_10466,0.0
cat__ROUTE_12889_11721,0.0
cat__ROUTE_12889_11697,0.0
cat__ROUTE_12889_11648,0.0
cat__ROUTE_10397_10868,0.0
cat__ROUTE_12889_11637,0.0
cat__ROUTE_12889_11618,0.0
cat__ROUTE_12889_11603,0.0
cat__ROUTE_12889_11540,0.0
cat__ROUTE_12889_11433,0.0
cat__ROUTE_12889_11423,0.0
cat__ROUTE_12889_10821,0.0
cat__ROUTE_12889_11292,0.0
cat__ROUTE_12889_11278,0.0
cat__ROUTE_12889_11259,0.0
cat__ROUTE_12889_11193,0.0
cat__ROUTE_12889_11109,0.0
cat__ROUTE_12889_11066,0.0
cat__ROUTE_12889_11057,0.0
cat__ROUTE_12889_11042,0.0
cat__ROUTE_12889_11003,0.0
cat__ROUTE_12889_10980,0.0
cat__ROUTE_12889_10849,0.0
cat__ROUTE_12889_11298,0.0
cat__ROUTE_11618_12339,0.0
cat__ROUTE_11618_12323,0.0
cat__ROUTE_11618_12266,0.0
cat__ROUTE_10397_12264,0.0
cat__ROUTE_11618_12173,0.0
cat__ROUTE_11618_12124,0.0
cat__ROUTE_11618_12094,0.0
cat__ROUTE_11618_11996,0.0
cat__ROUTE_11618_11995,0.0
cat__ROUTE_11618_11986,0.0
cat__ROUTE_12197_13303,0.0
cat__ROUTE_11618_11624,0.0
cat__ROUTE_11618_11503,0.0
cat__ROUTE_11618_11433,0.0
cat__ROUTE_11618_11423,0.0
cat__ROUTE_11618_11298,0.0
cat__ROUTE_11618_11292,0.0
cat__ROUTE_11618_11193,0.0
cat__ROUTE_11618_11066,0.0
cat__ROUTE_10397_12278,0.0
cat__ROUTE_11618_11042,0.0
cat__ROUTE_11618_11697,0.0
cat__ROUTE_11618_14492,0.0
cat__ROUTE_11618_14321,0.0
cat__ROUTE_11618_14307,0.0
cat__ROUTE_11618_14122,0.0
cat__ROUTE_11618_14107,0.0
cat__ROUTE_11618_14057,0.0
cat__ROUTE_11618_14027,0.0
cat__ROUTE_11618_13931,0.0
cat__ROUTE_10397_12197,0.0
cat__ROUTE_11618_13577,0.0
cat__ROUTE_11618_12397,0.0
cat__ROUTE_11618_13495,0.0
cat__ROUTE_11618_13487,0.0
cat__ROUTE_11618_13485,0.0
cat__ROUTE_11618_13342,0.0
cat__ROUTE_10397_12217,0.0
cat__ROUTE_11618_13296,0.0
cat__ROUTE_11618_13204,0.0
cat__ROUTE_11618_12892,0.0
cat__ROUTE_11618_12889,0.0
cat__ROUTE_11618_12451,0.0
cat__ROUTE_11618_12441,0.0
cat__ROUTE_11618_13502,0.0
cat__ROUTE_11603_14747,0.0
cat__ROUTE_11603_14679,0.0
cat__ROUTE_11603_14107,0.0
cat__ROUTE_11603_13796,0.0
cat__ROUTE_11603_12892,0.0
cat__ROUTE_11603_12889,0.0
cat__ROUTE_11603_11298,0.0
cat__ROUTE_11603_11292,0.0
cat__ROUTE_11603_10800,0.0
cat__ROUTE_11603_10466,0.0
cat__ROUTE_11618_10994,0.0
cat__ROUTE_11587_11433,0.0
cat__ROUTE_11577_11057,0.0
cat__ROUTE_11540_14747,0.0
cat__ROUTE_11540_14683,0.0
cat__ROUTE_11540_14679,0.0
cat__ROUTE_11540_14107,0.0
cat__ROUTE_11540_13930,0.0
cat__ROUTE_11540_13232,0.0
cat__ROUTE_11540_13204,0.0
cat__ROUTE_11540_12954,0.0
cat__ROUTE_11540_12892,0.0
cat__ROUTE_11587_13487,0.0
cat__ROUTE_11618_10849,0.0
cat__ROUTE_11618_10792,0.0
cat__ROUTE_11618_10785,0.0
cat__ROUTE_11618_10732,0.0
cat__ROUTE_11618_10721,0.0
cat__ROUTE_11618_10693,0.0
cat__ROUTE_11618_10581,0.0
cat__ROUTE_11618_10431,0.0
cat__ROUTE_10397_12323,0.0
cat__ROUTE_10397_12339,0.0
cat__ROUTE_11603_14771,0.0
cat__ROUTE_11617_11057,0.0
cat__ROUTE_11612_14761,0.0
cat__ROUTE_11612_14112,0.0
cat__ROUTE_11612_13930,0.0
cat__ROUTE_11612_11298,0.0
cat__ROUTE_11612_11057,0.0
cat__ROUTE_11612_10397,0.0
cat__ROUTE_11603_14908,0.0
cat__ROUTE_11603_14893,0.0
cat__ROUTE_11603_14869,0.0
cat__ROUTE_11603_14831,0.0
cat__ROUTE_11618_10257,0.0
cat__ROUTE_11648_12889,0.0
cat__ROUTE_11648_11292,0.0
cat__ROUTE_11648_10466,0.0
cat__ROUTE_10397_12007,0.0
cat__ROUTE_11641_10397,0.0
cat__ROUTE_11638_14869,0.0
cat__ROUTE_11638_14771,0.0
cat__ROUTE_11638_14747,0.0
cat__ROUTE_10397_12094,0.0
cat__ROUTE_11638_14107,0.0
cat__ROUTE_11618_14524,0.0
cat__ROUTE_11638_13930,0.0
cat__ROUTE_11638_12892,0.0
cat__ROUTE_11638_12889,0.0
cat__ROUTE_11638_11298,0.0
cat__ROUTE_11638_11292,0.0
cat__ROUTE_11638_10397,0.0
cat__ROUTE_11637_14761,0.0
cat__ROUTE_11637_14112,0.0
cat__ROUTE_11637_14107,0.0
cat__ROUTE_11637_13930,0.0
cat__ROUTE_11637_13487,0.0
cat__ROUTE_11638_14057,0.0
cat__ROUTE_11697_10721,0.0
cat__ROUTE_11697_10693,0.0
cat__ROUTE_11697_10676,0.0
cat__ROUTE_11697_10599,0.0
cat__ROUTE_11697_10581,0.0
cat__ROUTE_11697_10529,0.0
cat__ROUTE_11697_10431,0.0
cat__ROUTE_11697_10423,0.0
cat__ROUTE_11697_10408,0.0
cat__ROUTE_11697_10397,0.0
cat__ROUTE_11648_12892,0.0
cat__ROUTE_11697_10158,0.0
cat__ROUTE_11697_10135,0.0
cat__ROUTE_11695_14107,0.0
cat__ROUTE_11695_12892,0.0
cat__ROUTE_11695_11298,0.0
cat__ROUTE_11648_14869,0.0
cat__ROUTE_11648_14771,0.0
cat__ROUTE_11648_14747,0.0
cat__ROUTE_11648_14057,0.0
cat__ROUTE_11648_13930,0.0
cat__ROUTE_11648_13487,0.0
cat__ROUTE_11697_10257,0.0
cat__ROUTE_11624_10721,0.0
cat__ROUTE_11624_10431,0.0
cat__ROUTE_10397_12173,0.0
cat__ROUTE_11618_15624,0.0
cat__ROUTE_11618_15412,0.0
cat__ROUTE_11618_15304,0.0
cat__ROUTE_11618_15096,0.0
cat__ROUTE_11618_15024,0.0
cat__ROUTE_11618_15016,0.0
cat__ROUTE_11618_14986,0.0
cat__ROUTE_11637_13204,0.0
cat__ROUTE_11618_14893,0.0
cat__ROUTE_11618_14869,0.0
cat__ROUTE_10397_12191,0.0
cat__ROUTE_11618_14771,0.0
cat__ROUTE_11618_14747,0.0
cat__ROUTE_11618_14730,0.0
cat__ROUTE_11618_14685,0.0
cat__ROUTE_11618_14683,0.0
cat__ROUTE_11618_14679,0.0
cat__ROUTE_11618_14635,0.0
cat__ROUTE_11618_14576,0.0
cat__ROUTE_11618_14908,0.0
cat__ROUTE_11637_12889,0.0
cat__ROUTE_11637_11298,0.0
cat__ROUTE_11637_11292,0.0
cat__ROUTE_11637_10693,0.0
cat__ROUTE_11637_10466,0.0
cat__ROUTE_11637_10397,0.0
cat__ROUTE_11630_14747,0.0
cat__ROUTE_11630_10299,0.0
cat__ROUTE_11624_14761,0.0
cat__ROUTE_11624_14122,0.0
cat__ROUTE_11624_11057,0.0
cat__ROUTE_11624_14100,0.0
cat__ROUTE_11624_13930,0.0
cat__ROUTE_11624_13303,0.0
cat__ROUTE_11624_12953,0.0
cat__ROUTE_11624_12339,0.0
cat__ROUTE_11624_12266,0.0
cat__ROUTE_11624_12264,0.0
cat__ROUTE_11624_11618,0.0
cat__ROUTE_11624_11298,0.0
cat__ROUTE_11624_11278,0.0
cat__ROUTE_11624_11193,0.0
cat__ROUTE_11624_14112,0.0
cat__ROUTE_11433_11423,0.0
cat__ROUTE_10397_12992,0.0
cat__ROUTE_10397_13198,0.0
cat__ROUTE_11433_11278,0.0
cat__ROUTE_11433_11252,0.0
cat__ROUTE_10397_13230,0.0
cat__ROUTE_11433_11066,0.0
cat__ROUTE_11433_11057,0.0
cat__ROUTE_11433_11013,0.0
cat__ROUTE_11433_10994,0.0
cat__ROUTE_11540_12889,0.0
cat__ROUTE_10397_13244,0.0
cat__ROUTE_10397_13277,0.0
cat__ROUTE_11433_10785,0.0
cat__ROUTE_11433_10721,0.0
cat__ROUTE_11433_10693,0.0
cat__ROUTE_11433_10599,0.0
cat__ROUTE_11433_10577,0.0
cat__ROUTE_11433_10529,0.0
cat__ROUTE_11433_10469,0.0
cat__ROUTE_11433_10423,0.0
cat__ROUTE_11433_10408,0.0
cat__ROUTE_11433_10980,0.0
cat__ROUTE_11433_12953,0.0
cat__ROUTE_11433_12945,0.0
cat__ROUTE_11433_12892,0.0
cat__ROUTE_11433_12889,0.0
cat__ROUTE_11433_12884,0.0
cat__ROUTE_11433_12478,0.0
cat__ROUTE_11433_12451,0.0
cat__ROUTE_11433_12339,0.0
cat__ROUTE_11433_12335,0.0
cat__ROUTE_10397_12951,0.0
cat__ROUTE_11433_11537,0.0
cat__ROUTE_11433_12217,0.0
cat__ROUTE_11433_12197,0.0
cat__ROUTE_11433_12173,0.0
cat__ROUTE_11433_11996,0.0
cat__ROUTE_11433_11995,0.0
cat__ROUTE_11433_11986,0.0
cat__ROUTE_11433_11977,0.0
cat__ROUTE_11433_11823,0.0
cat__ROUTE_11433_11697,0.0
cat__ROUTE_11433_11618,0.0
cat__ROUTE_11433_11587,0.0
cat__ROUTE_10397_12953,0.0
cat__ROUTE_11423_10693,0.0
cat__ROUTE_11423_10466,0.0
cat__ROUTE_11423_10423,0.0
cat__ROUTE_11423_10397,0.0
cat__ROUTE_11413_14107,0.0
cat__ROUTE_11413_11298,0.0
cat__ROUTE_11413_11292,0.0
cat__ROUTE_11337_13930,0.0
cat__ROUTE_11337_13487,0.0
cat__ROUTE_11336_10299,0.0
cat__ROUTE_10397_13342,0.0
cat__ROUTE_11308_10397,0.0
cat__ROUTE_11298_16218,0.0
cat__ROUTE_11298_15919,0.0
cat__ROUTE_11298_15624,0.0
cat__ROUTE_11298_15412,0.0
cat__ROUTE_11298_15411,0.0
cat__ROUTE_11298_15401,0.0
cat__ROUTE_11298_15376,0.0
cat__ROUTE_11298_15370,0.0
cat__ROUTE_11298_15323,0.0
cat__ROUTE_11298_15304,0.0
cat__ROUTE_11315_11292,0.0
cat__ROUTE_11433_10333,0.0
cat__ROUTE_11433_10257,0.0
cat__ROUTE_11423_15016,0.0
cat__ROUTE_11423_14986,0.0
cat__ROUTE_11423_14908,0.0
cat__ROUTE_11423_14761,0.0
cat__ROUTE_11423_14112,0.0
cat__ROUTE_11423_14107,0.0
cat__ROUTE_11423_14082,0.0
cat__ROUTE_11423_13930,0.0
cat__ROUTE_11423_11057,0.0
cat__ROUTE_11423_13303,0.0
cat__ROUTE_11423_13204,0.0
cat__ROUTE_11423_12953,0.0
cat__ROUTE_11423_12889,0.0
cat__ROUTE_11423_12266,0.0
cat__ROUTE_11423_12191,0.0
cat__ROUTE_11423_11697,0.0
cat__ROUTE_11423_11433,0.0
cat__ROUTE_11423_11298,0.0
cat__ROUTE_11423_11292,0.0
cat__ROUTE_11423_11278,0.0
cat__ROUTE_11423_13487,0.0
cat__ROUTE_10397_12441,0.0
cat__ROUTE_11503_11292,0.0
cat__ROUTE_11503_10397,0.0
cat__ROUTE_11481_15016,0.0
cat__ROUTE_11481_13930,0.0
cat__ROUTE_11481_13232,0.0
cat__ROUTE_11481_13198,0.0
cat__ROUTE_11481_12339,0.0
cat__ROUTE_11481_12266,0.0
cat__ROUTE_11481_12191,0.0
cat__ROUTE_11433_13184,0.0
cat__ROUTE_11481_11292,0.0
cat__ROUTE_11481_11278,0.0
cat__ROUTE_11481_11259,0.0
cat__ROUTE_11481_11057,0.0
cat__ROUTE_11481_10821,0.0
cat__ROUTE_11481_10693,0.0
cat__ROUTE_11481_10423,0.0
cat__ROUTE_11481_10397,0.0
cat__ROUTE_11471_13930,0.0
cat__ROUTE_11470_14747,0.0
cat__ROUTE_11468_11292,0.0
cat__ROUTE_11481_11298,0.0
cat__ROUTE_11540_12266,0.0
cat__ROUTE_11540_12191,0.0
cat__ROUTE_11540_11298,0.0
cat__ROUTE_11540_11292,0.0
cat__ROUTE_11540_11259,0.0
cat__ROUTE_11540_10423,0.0
cat__ROUTE_11540_10397,0.0
cat__ROUTE_11537_14986,0.0
cat__ROUTE_11537_14761,0.0
cat__ROUTE_11537_14112,0.0
cat__ROUTE_11503_11618,0.0
cat__ROUTE_11537_11433,0.0
cat__ROUTE_11525_14869,0.0
cat__ROUTE_11503_14771,0.0
cat__ROUTE_11503_14747,0.0
cat__ROUTE_11503_14679,0.0
cat__ROUTE_11503_14107,0.0
cat__ROUTE_11503_13930,0.0
cat__ROUTE_11503_13303,0.0
cat__ROUTE_11503_12892,0.0
cat__ROUTE_11503_12478,0.0
cat__ROUTE_11503_12266,0.0
cat__ROUTE_11537_14082,0.0
cat__ROUTE_11433_14193,0.0
cat__ROUTE_11433_14150,0.0
cat__ROUTE_11433_14122,0.0
cat__ROUTE_11433_14107,0.0
cat__ROUTE_11433_14100,0.0
cat__ROUTE_11433_14057,0.0
cat__ROUTE_11433_14027,0.0
cat__ROUTE_11433_13931,0.0
cat__ROUTE_10397_12889,0.0
cat__ROUTE_11433_13871,0.0
cat__ROUTE_11447_12519,0.0
cat__ROUTE_11433_13495,0.0
cat__ROUTE_11433_13487,0.0
cat__ROUTE_11433_13485,0.0
cat__ROUTE_11433_13459,0.0
cat__ROUTE_11433_13342,0.0
cat__ROUTE_10397_12892,0.0
cat__ROUTE_11433_13244,0.0
cat__ROUTE_10397_12945,0.0
cat__ROUTE_11433_13230,0.0
cat__ROUTE_11433_13204,0.0
cat__ROUTE_11433_13198,0.0
cat__ROUTE_11433_13577,0.0
cat__ROUTE_11447_11292,0.0
cat__ROUTE_11433_15919,0.0
cat__ROUTE_11433_15412,0.0
cat__ROUTE_11433_15380,0.0
cat__ROUTE_11433_15096,0.0
cat__ROUTE_11433_15016,0.0
cat__ROUTE_11433_14986,0.0
cat__ROUTE_11433_14908,0.0
cat__ROUTE_11433_14869,0.0
cat__ROUTE_11433_14843,0.0
cat__ROUTE_11433_14307,0.0
cat__ROUTE_10397_12451,0.0
cat__ROUTE_11433_14730,0.0
cat__ROUTE_11433_14696,0.0
cat__ROUTE_11433_14685,0.0
cat__ROUTE_11433_14683,0.0
cat__ROUTE_11433_14679,0.0
cat__ROUTE_11433_14635,0.0
cat__ROUTE_10397_12478,0.0
cat__ROUTE_11433_14524,0.0
cat__ROUTE_11433_14492,0.0
cat__ROUTE_11433_14321,0.0
cat__ROUTE_10397_12448,0.0
cat__ROUTE_12094_12892,0.0
cat__ROUTE_12094_12266,0.0
cat__ROUTE_12094_12264,0.0
cat__ROUTE_12094_11697,0.0
cat__ROUTE_12094_11618,0.0
cat__ROUTE_12094_11298,0.0
cat__ROUTE_10397_11641,0.0
cat__ROUTE_12094_11259,0.0
cat__ROUTE_12094_10721,0.0
cat__ROUTE_12094_10693,0.0
cat__ROUTE_11697_10732,0.0
cat__ROUTE_12016_14955,0.0
cat__ROUTE_12016_12173,0.0
cat__ROUTE_12012_13930,0.0
cat__ROUTE_12012_12266,0.0
cat__ROUTE_12012_11298,0.0
cat__ROUTE_12012_11292,0.0
cat__ROUTE_12007_10397,0.0
cat__ROUTE_12003_14869,0.0
cat__ROUTE_12003_14747,0.0
cat__ROUTE_12003_13487,0.0
cat__ROUTE_12003_12889,0.0
cat__ROUTE_12094_10397,0.0
cat__ROUTE_12173_12016,0.0
cat__ROUTE_12173_11618,0.0
cat__ROUTE_12173_11433,0.0
cat__ROUTE_12173_11298,0.0
cat__ROUTE_12173_11292,0.0
cat__ROUTE_12173_10721,0.0
cat__ROUTE_12173_10423,0.0
cat__ROUTE_12173_10397,0.0
cat__ROUTE_12173_10299,0.0
cat__ROUTE_12156_14869,0.0
cat__ROUTE_12094_13487,0.0
cat__ROUTE_12156_11292,0.0
cat__ROUTE_12129_13487,0.0
cat__ROUTE_12124_11618,0.0
cat__ROUTE_12124_11278,0.0
cat__ROUTE_12124_11057,0.0
cat__ROUTE_12119_14761,0.0
cat__ROUTE_12119_14112,0.0
cat__ROUTE_12094_14771,0.0
cat__ROUTE_12094_14747,0.0
cat__ROUTE_12094_14679,0.0
cat__ROUTE_12094_13930,0.0
cat__ROUTE_12156_14747,0.0
cat__ROUTE_11995_14100,0.0
cat__ROUTE_11995_13930,0.0
cat__ROUTE_11995_13303,0.0
cat__ROUTE_11995_12953,0.0
cat__ROUTE_11995_12264,0.0
cat__ROUTE_11995_11618,0.0
cat__ROUTE_11995_11433,0.0
cat__ROUTE_11995_11298,0.0
cat__ROUTE_11995_11292,0.0
cat__ROUTE_11995_11278,0.0
cat__ROUTE_12003_11292,0.0
cat__ROUTE_11995_10397,0.0
cat__ROUTE_11986_15624,0.0
cat__ROUTE_11986_15304,0.0
cat__ROUTE_11986_14986,0.0
cat__ROUTE_11986_14761,0.0
cat__ROUTE_11986_14685,0.0
cat__ROUTE_11986_14635,0.0
cat__ROUTE_11986_14112,0.0
cat__ROUTE_11986_14107,0.0
cat__ROUTE_11986_14100,0.0
cat__ROUTE_11986_14082,0.0
cat__ROUTE_11995_11057,0.0
cat__ROUTE_12003_10466,0.0
cat__ROUTE_11996_14986,0.0
cat__ROUTE_11996_14761,0.0
cat__ROUTE_11996_14112,0.0
cat__ROUTE_11996_14100,0.0
cat__ROUTE_11996_13930,0.0
cat__ROUTE_11996_13303,0.0
cat__ROUTE_11996_12953,0.0
cat__ROUTE_11996_12266,0.0
cat__ROUTE_11996_12264,0.0
cat__ROUTE_11995_14112,0.0
cat__ROUTE_11996_11697,0.0
cat__ROUTE_11996_11618,0.0
cat__ROUTE_11996_11433,0.0
cat__ROUTE_11996_11298,0.0
cat__ROUTE_11996_11292,0.0
cat__ROUTE_11996_11278,0.0
cat__ROUTE_11996_11057,0.0
cat__ROUTE_11996_10821,0.0
cat__ROUTE_11996_10693,0.0
cat__ROUTE_11996_10397,0.0
cat__ROUTE_11995_14761,0.0
cat__ROUTE_11996_12191,0.0
cat__ROUTE_12191_14193,0.0
cat__ROUTE_12191_14122,0.0
cat__ROUTE_12191_14107,0.0
cat__ROUTE_12191_13891,0.0
cat__ROUTE_12191_13871,0.0
cat__ROUTE_12191_13851,0.0
cat__ROUTE_12191_13796,0.0
cat__ROUTE_12191_13495,0.0
cat__ROUTE_12191_13303,0.0
cat__ROUTE_12191_13244,0.0
cat__ROUTE_12173_12264,0.0
cat__ROUTE_12191_13204,0.0
cat__ROUTE_12191_13198,0.0
cat__ROUTE_12191_13158,0.0
cat__ROUTE_12191_12954,0.0
cat__ROUTE_12191_12953,0.0
cat__ROUTE_12191_12896,0.0
cat__ROUTE_12191_12892,0.0
cat__ROUTE_12191_12889,0.0
cat__ROUTE_12191_12451,0.0
cat__ROUTE_12191_12448,0.0
cat__ROUTE_12191_12339,0.0
cat__ROUTE_12191_13232,0.0
cat__ROUTE_12197_13204,0.0
cat__ROUTE_12197_11697,0.0
cat__ROUTE_12197_11433,0.0
cat__ROUTE_12197_11278,0.0
cat__ROUTE_12197_11057,0.0
cat__ROUTE_12197_10397,0.0
cat__ROUTE_12191_15624,0.0
cat__ROUTE_12191_15412,0.0
cat__ROUTE_12191_15376,0.0
cat__ROUTE_12191_15370,0.0
cat__ROUTE_12191_14314,0.0
cat__ROUTE_12191_15016,0.0
cat__ROUTE_12191_14893,0.0
cat__ROUTE_12191_14869,0.0
cat__ROUTE_12191_14843,0.0
cat__ROUTE_12191_14831,0.0
cat__ROUTE_12191_14730,0.0
cat__ROUTE_12191_14685,0.0
cat__ROUTE_12191_14683,0.0
cat__ROUTE_12191_14679,0.0
cat__ROUTE_12191_14635,0.0
cat__ROUTE_12191_14492,0.0
cat__ROUTE_12191_15304,0.0
cat__ROUTE_12177_11292,0.0
cat__ROUTE_12173_14893,0.0
cat__ROUTE_12173_14869,0.0
cat__ROUTE_12173_14831,0.0
cat__ROUTE_12173_14771,0.0
cat__ROUTE_10397_11612,0.0
cat__ROUTE_10397_11624,0.0
cat__ROUTE_12173_14222,0.0
cat__ROUTE_12173_14107,0.0
cat__ROUTE_12173_14057,0.0
cat__ROUTE_12191_12206,0.0
cat__ROUTE_12173_13930,0.0
cat__ROUTE_12173_13891,0.0
cat__ROUTE_12173_13796,0.0
cat__ROUTE_12173_13487,0.0
cat__ROUTE_12173_12982,0.0
cat__ROUTE_12173_12954,0.0
cat__ROUTE_12173_12889,0.0
cat__ROUTE_10397_11637,0.0
cat__ROUTE_12173_12478,0.0
cat__ROUTE_10397_11638,0.0
cat__ROUTE_12173_12266,0.0
cat__ROUTE_12173_14004,0.0
cat__ROUTE_12191_11996,0.0
cat__ROUTE_12191_11697,0.0
cat__ROUTE_12191_11540,0.0
cat__ROUTE_12191_11481,0.0
cat__ROUTE_12191_11423,0.0
cat__ROUTE_12191_11298,0.0
cat__ROUTE_12191_11292,0.0
cat__ROUTE_12191_11278,0.0
cat__ROUTE_12191_11259,0.0
cat__ROUTE_12191_11140,0.0
cat__ROUTE_12177_12266,0.0
cat__ROUTE_12191_11066,0.0
cat__ROUTE_12191_10994,0.0
cat__ROUTE_12191_10821,0.0
cat__ROUTE_12191_10800,0.0
cat__ROUTE_12191_10693,0.0
cat__ROUTE_12191_10599,0.0
cat__ROUTE_12191_10431,0.0
cat__ROUTE_12191_10423,0.0
cat__ROUTE_12191_10397,0.0
cat__ROUTE_12191_10279,0.0
cat__ROUTE_12191_10140,0.0
cat__ROUTE_12191_11109,0.0
cat__ROUTE_11697_14869,0.0
cat__ROUTE_11697_14843,0.0
cat__ROUTE_11697_14771,0.0
cat__ROUTE_10397_11977,0.0
cat__ROUTE_11697_14730,0.0
cat__ROUTE_11697_14685,0.0
cat__ROUTE_11697_14683,0.0
cat__ROUTE_11697_14679,0.0
cat__ROUTE_11697_14576,0.0
cat__ROUTE_11697_14524,0.0
cat__ROUTE_11986_14027,0.0
cat__ROUTE_11697_14307,0.0
cat__ROUTE_11697_14193,0.0
cat__ROUTE_11697_14122,0.0
cat__ROUTE_11697_14108,0.0
cat__ROUTE_11697_14107,0.0
cat__ROUTE_11697_14100,0.0
cat__ROUTE_11697_14057,0.0
cat__ROUTE_11697_14025,0.0
cat__ROUTE_11697_13933,0.0
cat__ROUTE_11697_13931,0.0
cat__ROUTE_11697_13930,0.0
cat__ROUTE_11697_14492,0.0
cat__ROUTE_11775_10397,0.0
cat__ROUTE_11725_13930,0.0
cat__ROUTE_11721_15624,0.0
cat__ROUTE_11721_14986,0.0
cat__ROUTE_11721_14761,0.0
cat__ROUTE_11721_14112,0.0
cat__ROUTE_11721_14082,0.0
cat__ROUTE_11721_13930,0.0
cat__ROUTE_11721_12889,0.0
cat__ROUTE_11721_12451,0.0
cat__ROUTE_11697_15016,0.0
cat__ROUTE_11721_10693,0.0
cat__ROUTE_11721_10466,0.0
cat__ROUTE_11699_11057,0.0
cat__ROUTE_11697_15919,0.0
cat__ROUTE_11697_15412,0.0
cat__ROUTE_11697_15380,0.0
cat__ROUTE_11697_15304,0.0
cat__ROUTE_11697_15096,0.0
cat__ROUTE_11697_15070,0.0
cat__ROUTE_11697_15027,0.0
cat__ROUTE_11697_15024,0.0
cat__ROUTE_11721_11697,0.0
cat__ROUTE_11697_12191,0.0
cat__ROUTE_11697_12094,0.0
cat__ROUTE_11697_11996,0.0
cat__ROUTE_11697_11986,0.0
cat__ROUTE_11697_11775,0.0
cat__ROUTE_11697_11721,0.0
cat__ROUTE_10397_11996,0.0
cat__ROUTE_11697_11433,0.0
cat__ROUTE_11697_11423,0.0
cat__ROUTE_11697_11298,0.0
cat__ROUTE_11697_13871,0.0
cat__ROUTE_11697_11278,0.0
cat__ROUTE_11697_11259,0.0
cat__ROUTE_11697_11193,0.0
cat__ROUTE_11697_11066,0.0
cat__ROUTE_11697_11057,0.0
cat__ROUTE_11697_11042,0.0
cat__ROUTE_11697_11003,0.0
cat__ROUTE_11697_10994,0.0
cat__ROUTE_11697_10874,0.0
cat__ROUTE_11697_10821,0.0
cat__ROUTE_11697_10792,0.0
cat__ROUTE_11697_11292,0.0
cat__ROUTE_11697_13577,0.0
cat__ROUTE_11697_13495,0.0
cat__ROUTE_11697_13487,0.0
cat__ROUTE_11697_13342,0.0
cat__ROUTE_11697_13296,0.0
cat__ROUTE_11697_13244,0.0
cat__ROUTE_11697_13232,0.0
cat__ROUTE_11697_13230,0.0
cat__ROUTE_11697_13204,0.0
cat__ROUTE_11697_13198,0.0
cat__ROUTE_11697_12197,0.0
cat__ROUTE_11697_12945,0.0
cat__ROUTE_11697_12917,0.0
cat__ROUTE_11697_12892,0.0
cat__ROUTE_11697_12889,0.0
cat__ROUTE_11697_12544,0.0
cat__ROUTE_10397_11995,0.0
cat__ROUTE_11697_12451,0.0
cat__ROUTE_11697_12391,0.0
cat__ROUTE_11697_12339,0.0
cat__ROUTE_11697_12266,0.0
cat__ROUTE_11697_12264,0.0
cat__ROUTE_10397_11986,0.0
cat__ROUTE_11980_11298,0.0
cat__ROUTE_11980_10466,0.0
cat__ROUTE_10397_11823,0.0
cat__ROUTE_11977_13487,0.0
cat__ROUTE_11977_11433,0.0
cat__ROUTE_11977_10397,0.0
cat__ROUTE_11973_12266,0.0
cat__ROUTE_11973_11298,0.0
cat__ROUTE_11973_11057,0.0
cat__ROUTE_11973_10397,0.0
cat__ROUTE_11775_10466,0.0
cat__ROUTE_11953_11298,0.0
cat__ROUTE_11953_11057,0.0
cat__ROUTE_11953_10397,0.0
cat__ROUTE_11921_14869,0.0
cat__ROUTE_11921_14107,0.0
cat__ROUTE_11921_12889,0.0
cat__ROUTE_11921_11298,0.0
cat__ROUTE_11921_11292,0.0
cat__ROUTE_11905_11298,0.0
cat__ROUTE_11898_14761,0.0
cat__ROUTE_11898_13487,0.0
cat__ROUTE_11953_13303,0.0
cat__ROUTE_10397_11697,0.0
cat__ROUTE_11986_13487,0.0
cat__ROUTE_11986_13303,0.0
cat__ROUTE_11986_13232,0.0
cat__ROUTE_11986_13204,0.0
cat__ROUTE_11986_12953,0.0
cat__ROUTE_11986_12889,0.0
cat__ROUTE_11986_12266,0.0
cat__ROUTE_11986_11697,0.0
cat__ROUTE_11986_11618,0.0
cat__ROUTE_11980_12889,0.0
cat__ROUTE_10397_11775,0.0
cat__ROUTE_11986_11292,0.0
cat__ROUTE_11986_11278,0.0
cat__ROUTE_11986_11057,0.0
cat__ROUTE_11986_10821,0.0
cat__ROUTE_11986_10721,0.0
cat__ROUTE_11986_10693,0.0
cat__ROUTE_11986_10466,0.0
cat__ROUTE_11986_10423,0.0
cat__ROUTE_11986_10397,0.0
cat__ROUTE_11982_11298,0.0
cat__ROUTE_11986_11433,0.0
cat__ROUTE_11823_14112,0.0
cat__ROUTE_11823_14082,0.0
cat__ROUTE_10397_11884,0.0
cat__ROUTE_11823_13487,0.0
cat__ROUTE_11823_12889,0.0
cat__ROUTE_11823_11433,0.0
cat__ROUTE_10397_11953,0.0
cat__ROUTE_10397_11973,0.0
cat__ROUTE_11823_10466,0.0
cat__ROUTE_11823_10397,0.0
cat__ROUTE_11898_12889,0.0
cat__ROUTE_11775_14761,0.0
cat__ROUTE_11775_14112,0.0
cat__ROUTE_11775_14107,0.0
cat__ROUTE_11775_14082,0.0
cat__ROUTE_11775_13930,0.0
cat__ROUTE_11775_13487,0.0
cat__ROUTE_11775_12889,0.0
cat__ROUTE_11775_11697,0.0
cat__ROUTE_11775_11298,0.0
cat__ROUTE_11775_11292,0.0
cat__ROUTE_11775_10693,0.0
cat__ROUTE_11778_11298,0.0
cat__ROUTE_11898_10466,0.0
cat__ROUTE_11884_14893,0.0
cat__ROUTE_11884_14869,0.0
cat__ROUTE_11884_14831,0.0
cat__ROUTE_11884_14771,0.0
cat__ROUTE_11884_14747,0.0
cat__ROUTE_11884_14679,0.0
cat__ROUTE_11884_14107,0.0
cat__ROUTE_11884_14057,0.0
cat__ROUTE_11884_13930,0.0
cat__ROUTE_11823_14761,0.0
cat__ROUTE_11884_13487,0.0
cat__ROUTE_11884_12892,0.0
cat__ROUTE_11884_12889,0.0
cat__ROUTE_11884_11298,0.0
cat__ROUTE_11884_11292,0.0
cat__ROUTE_11884_10713,0.0
cat__ROUTE_11884_10466,0.0
cat__ROUTE_11884_10397,0.0
cat__ROUTE_11867_11298,0.0
cat__ROUTE_11865_11292,0.0
cat__ROUTE_11823_14986,0.0
cat__ROUTE_11884_13796,0.0
