Feature,Importance
feature_5,0.30629802
feature_30,0.016469484
feature_1638,0.007252463
feature_2953,0.0052064075
feature_33,0.004836302
feature_16,0.0044470537
feature_109,0.0042453394
feature_2927,0.0042334995
feature_1584,0.0038138053
feature_2350,0.003806419
feature_3156,0.0036136655
feature_32,0.0035769932
feature_22,0.0035729872
feature_27,0.0035649533
feature_4250,0.0035463972
feature_4631,0.003522085
feature_4799,0.0035162696
feature_2066,0.0034528407
feature_4181,0.0032139658
feature_1896,0.0032016446
feature_1190,0.0031641345
feature_671,0.003101868
feature_3315,0.0030819785
feature_19,0.0030738034
feature_1260,0.0030498784
feature_0,0.0030371128
feature_3130,0.003003636
feature_3286,0.0029896507
feature_5990,0.0029893024
feature_3102,0.0029166671
feature_3705,0.0028883906
feature_2084,0.0028882476
feature_5723,0.0028806461
feature_4216,0.0028636232
feature_1370,0.0028568194
feature_4956,0.0028446768
feature_389,0.0028059944
feature_530,0.0028025939
feature_1,0.002792461
feature_4783,0.0027684413
feature_5027,0.0027613568
feature_25,0.0026718187
feature_2196,0.0026483461
feature_2954,0.0026020035
feature_4883,0.0025961802
feature_4595,0.0025860944
feature_5061,0.0025846378
feature_5641,0.0025834155
feature_5359,0.0025591266
feature_4787,0.0025524984
feature_246,0.0025270516
feature_18,0.0024861952
feature_1070,0.002484141
feature_4183,0.0024835006
feature_2135,0.0024615736
feature_4960,0.0024540506
feature_2031,0.002448504
feature_5295,0.0024459593
feature_4542,0.0024389806
feature_3306,0.0024300297
feature_4528,0.0024261298
feature_3283,0.0024099723
feature_5146,0.0023864212
feature_105,0.002366664
feature_199,0.002348501
feature_3280,0.002338719
feature_5857,0.0023280259
feature_2048,0.0023088772
feature_581,0.0022916931
feature_3719,0.0022907204
feature_2059,0.0022896347
feature_5118,0.0022792218
feature_2560,0.0022791976
feature_2,0.0022767475
feature_4326,0.0022746713
feature_1019,0.0022600542
feature_3167,0.0022486912
feature_1061,0.002246889
feature_1879,0.002243118
feature_734,0.0022364263
feature_4581,0.0022325173
feature_5006,0.0022306705
feature_5307,0.00222555
feature_4589,0.0022117803
feature_7,0.0022115756
feature_5148,0.002201374
feature_2704,0.0021910407
feature_201,0.0021862737
feature_3848,0.0021622712
feature_3208,0.00216169
feature_5402,0.0021595526
feature_2461,0.0021585058
feature_1087,0.0021561221
feature_4131,0.0021482452
feature_2413,0.0021375704
feature_1191,0.0021343348
feature_1959,0.0021342617
feature_3716,0.0021329215
feature_2920,0.0021303254
feature_5893,0.0021302816
feature_712,0.0021302628
feature_23,0.0021220688
feature_4692,0.0021206215
feature_1063,0.002115278
feature_269,0.0021125537
feature_2798,0.002111075
feature_8,0.0021082673
feature_3405,0.0021026132
feature_3470,0.0020964444
feature_5035,0.002091728
feature_2758,0.002085622
feature_1765,0.0020742905
feature_2279,0.0020727697
feature_6115,0.0020700546
feature_3203,0.0020593486
feature_14,0.0020583272
feature_1865,0.002055663
feature_3260,0.00204469
feature_209,0.0020315237
feature_2019,0.0020303712
feature_5668,0.0020233472
feature_3287,0.00201753
feature_4302,0.0020017303
feature_28,0.001999099
feature_5119,0.001987757
feature_3303,0.0019783028
feature_3948,0.0019776293
feature_1904,0.0019634939
feature_3319,0.0019589704
feature_708,0.0019583085
feature_3,0.001952188
feature_5635,0.0019380698
feature_5669,0.001938059
feature_695,0.0019343945
feature_704,0.0019212335
feature_1680,0.0019208671
feature_96,0.0019125731
feature_3276,0.001912399
feature_1894,0.001900999
feature_17,0.0018997224
feature_4339,0.0018996161
feature_2095,0.0018950284
feature_1854,0.0018829653
feature_3259,0.0018806085
feature_1759,0.0018774779
feature_1579,0.0018707105
feature_2339,0.0018571748
feature_4785,0.0018493691
feature_5325,0.0018469592
feature_66,0.0018415436
feature_3923,0.0018348711
feature_3165,0.0018301584
feature_15,0.0018249147
feature_1925,0.0018239956
feature_700,0.001822263
feature_2695,0.0018218431
feature_5627,0.0018202718
feature_251,0.001818412
feature_4676,0.0018157874
feature_2020,0.001811427
feature_1917,0.001804309
feature_2806,0.0017989911
feature_2275,0.0017981504
feature_4280,0.0017931676
feature_4582,0.001790508
feature_24,0.0017895814
feature_2650,0.0017887458
feature_5406,0.0017829635
feature_2814,0.0017789048
feature_718,0.0017779458
feature_1091,0.0017723421
feature_689,0.0017651615
feature_5689,0.001762917
feature_1639,0.0017600433
feature_1582,0.0017585828
feature_1455,0.0017585028
feature_3179,0.00175047
feature_3039,0.0017471907
feature_3146,0.0017462816
feature_1030,0.0017449907
feature_3581,0.0017434891
feature_1042,0.0017429795
feature_2447,0.0017330521
feature_1273,0.0017328667
feature_324,0.0017322948
feature_5523,0.0017282333
feature_1924,0.0017279622
feature_938,0.0017217242
feature_740,0.0017196464
feature_585,0.001719296
feature_4893,0.0017182606
feature_204,0.0017172009
feature_1861,0.0017047165
feature_1853,0.0016953842
feature_1097,0.0016918614
feature_3159,0.0016911726
feature_1486,0.0016881529
feature_4337,0.001674962
feature_2932,0.0016743564
feature_2325,0.0016741416
feature_3299,0.0016668433
feature_5882,0.0016656484
feature_1731,0.0016638949
feature_4313,0.0016523317
feature_4,0.0016502327
feature_5610,0.001645683
feature_1416,0.0016452719
feature_5223,0.0016424477
feature_1423,0.0016396374
feature_2789,0.0016391182
feature_5986,0.0016363683
feature_3196,0.001635226
feature_1681,0.0016325155
feature_270,0.0016316241
feature_13,0.0016312654
feature_5164,0.0016305796
feature_5690,0.0016282846
feature_5381,0.0016248644
feature_29,0.0016240221
feature_3485,0.0016185632
feature_3166,0.0016174356
feature_3857,0.0016149132
feature_296,0.0016067083
feature_2586,0.0016059818
feature_2183,0.0016051005
feature_3255,0.0016012988
feature_5370,0.001600544
feature_473,0.0015978332
feature_509,0.00159745
feature_1439,0.0015965166
feature_4651,0.0015948432
feature_1767,0.0015931566
feature_5548,0.0015930451
feature_5507,0.0015909172
feature_3689,0.0015893135
feature_6,0.0015888215
feature_2232,0.0015812797
feature_3879,0.0015786862
feature_20,0.0015761072
feature_4107,0.0015758201
feature_4823,0.0015756896
feature_3880,0.0015745999
feature_1864,0.0015731475
feature_3206,0.0015718078
feature_2604,0.0015701567
feature_5609,0.001570124
feature_5382,0.001565337
feature_1113,0.0015628347
feature_4197,0.0015510841
feature_248,0.0015507541
feature_3207,0.0015456395
feature_3180,0.0015452105
feature_4355,0.0015433247
feature_3284,0.0015395472
feature_5771,0.0015353588
feature_3449,0.0015323891
feature_2750,0.0015233699
feature_4349,0.0015211154
feature_5515,0.001520592
feature_5385,0.0015205002
feature_5912,0.001519205
feature_601,0.0015122395
feature_1224,0.0015060803
feature_3953,0.0014995795
feature_4132,0.001495138
feature_21,0.001489201
feature_31,0.0014861462
feature_2558,0.0014860461
feature_479,0.0014818469
feature_87,0.0014811666
feature_2140,0.001477533
feature_176,0.0014696786
feature_1246,0.0014662311
feature_3921,0.0014620287
feature_1302,0.0014610983
feature_6101,0.0014602387
feature_1058,0.0014584948
feature_895,0.0014578002
feature_1425,0.0014534119
feature_1480,0.001448256
feature_3995,0.0014374885
feature_1625,0.001433647
feature_3742,0.0014324458
feature_5122,0.0014309584
feature_5650,0.0014291492
feature_964,0.001425165
feature_1755,0.0014233043
feature_4667,0.0014224784
feature_2274,0.0014221421
feature_1843,0.0014169061
feature_231,0.0014137961
feature_1674,0.0014127764
feature_4673,0.0014089496
feature_5237,0.0014086528
feature_3468,0.0014054335
feature_2462,0.0014043881
feature_4220,0.0014043052
feature_5757,0.0014037383
feature_26,0.0014033391
feature_6213,0.0014030951
feature_5768,0.0013955123
feature_4322,0.0013914513
feature_717,0.0013910538
feature_3460,0.0013892378
feature_5390,0.0013870392
feature_4537,0.0013849249
feature_3174,0.0013778578
feature_1880,0.0013769595
feature_4330,0.0013693266
feature_2445,0.0013641287
feature_3186,0.0013587708
feature_2752,0.0013541954
feature_154,0.0013458731
feature_5673,0.001344736
feature_1592,0.0013429164
feature_3164,0.0013410787
feature_2901,0.001336371
feature_4287,0.0013296378
feature_5509,0.0013265811
feature_1371,0.0013235431
feature_2202,0.0013220529
feature_1006,0.0013138767
feature_6212,0.0013025054
feature_3082,0.0012824434
feature_4203,0.0012780585
feature_1080,0.0012751997
feature_3723,0.0012740621
feature_2845,0.0012541795
feature_5135,0.0012503816
feature_10,0.0012202178
feature_5508,0.0012194098
feature_4966,0.0011929016
feature_6210,0.001192823
feature_5039,0.0011848845
feature_11,0.0011732975
feature_1858,0.0011428384
feature_1494,0.0011174744
feature_3579,0.0011106998
feature_2449,0.0010491511
feature_12,0.0010408665
feature_5371,0.0010051624
feature_1932,0.00097606535
feature_3521,0.00096189004
feature_6211,0.0009042107
feature_1468,0.000851682
feature_1320,0.00083374005
feature_305,0.0008276509
feature_3131,0.0008025974
feature_2034,0.00067134347
feature_2454,0.0006613958
feature_1462,0.0006375808
feature_5189,0.0006212641
feature_149,0.00060269143
feature_3465,0.00056658726
feature_4800,0.00046938512
feature_9,0.00035706337
feature_5194,0.00035033733
feature_3348,0.00024134402
feature_845,0.00023117418
feature_4915,0.0001574182
feature_3293,0.00011860078
feature_5174,6.6070366e-05
feature_4623,5.9495054e-05
feature_4263,0.0
feature_4262,0.0
feature_4261,0.0
feature_4260,0.0
feature_4208,0.0
feature_4209,0.0
feature_4259,0.0
feature_4210,0.0
feature_4258,0.0
feature_4212,0.0
feature_4257,0.0
feature_4213,0.0
feature_4214,0.0
feature_4256,0.0
feature_4255,0.0
feature_4254,0.0
feature_4253,0.0
feature_4211,0.0
feature_4276,0.0
feature_4275,0.0
feature_4200,0.0
feature_4202,0.0
feature_4274,0.0
feature_4273,0.0
feature_4272,0.0
feature_4271,0.0
feature_4207,0.0
feature_4270,0.0
feature_4269,0.0
feature_4268,0.0
feature_4267,0.0
feature_4266,0.0
feature_4205,0.0
feature_4265,0.0
feature_4264,0.0
feature_4206,0.0
feature_4204,0.0
feature_4239,0.0
feature_4222,0.0
feature_4223,0.0
feature_4238,0.0
feature_4237,0.0
feature_4224,0.0
feature_4225,0.0
feature_4236,0.0
feature_4215,0.0
feature_4234,0.0
feature_4233,0.0
feature_4232,0.0
feature_4226,0.0
feature_4231,0.0
feature_4230,0.0
feature_4229,0.0
feature_4228,0.0
feature_4227,0.0
feature_4235,0.0
feature_122,0.0
feature_4252,0.0
feature_4251,0.0
feature_120,0.0
feature_4217,0.0
feature_4249,0.0
feature_4218,0.0
feature_4248,0.0
feature_4240,0.0
feature_4219,0.0
feature_4246,0.0
feature_4245,0.0
feature_121,0.0
feature_4244,0.0
feature_4243,0.0
feature_4242,0.0
feature_4241,0.0
feature_4221,0.0
feature_4247,0.0
feature_4342,0.0
feature_4341,0.0
feature_4340,0.0
feature_111,0.0
feature_4338,0.0
feature_112,0.0
feature_4336,0.0
feature_4335,0.0
feature_4334,0.0
feature_4333,0.0
feature_4201,0.0
feature_4331,0.0
feature_113,0.0
feature_4329,0.0
feature_4328,0.0
feature_4327,0.0
feature_114,0.0
feature_4325,0.0
feature_4324,0.0
feature_4323,0.0
feature_115,0.0
feature_4332,0.0
feature_4366,0.0
feature_4364,0.0
feature_4363,0.0
feature_4362,0.0
feature_4361,0.0
feature_4360,0.0
feature_4359,0.0
feature_4358,0.0
feature_4357,0.0
feature_4356,0.0
feature_4343,0.0
feature_4354,0.0
feature_4353,0.0
feature_4352,0.0
feature_4351,0.0
feature_4350,0.0
feature_110,0.0
feature_4348,0.0
feature_4347,0.0
feature_4346,0.0
feature_4345,0.0
feature_4344,0.0
feature_108,0.0
feature_4297,0.0
feature_4296,0.0
feature_4295,0.0
feature_4294,0.0
feature_4293,0.0
feature_4292,0.0
feature_4291,0.0
feature_4290,0.0
feature_4289,0.0
feature_4288,0.0
feature_4321,0.0
feature_4286,0.0
feature_4285,0.0
feature_4284,0.0
feature_4283,0.0
feature_4282,0.0
feature_4281,0.0
feature_119,0.0
feature_4279,0.0
feature_4278,0.0
feature_4277,0.0
feature_118,0.0
feature_4320,0.0
feature_4319,0.0
feature_4318,0.0
feature_4317,0.0
feature_4316,0.0
feature_4315,0.0
feature_4314,0.0
feature_116,0.0
feature_4312,0.0
feature_4311,0.0
feature_4298,0.0
feature_4309,0.0
feature_4308,0.0
feature_4307,0.0
feature_4306,0.0
feature_4305,0.0
feature_4304,0.0
feature_4303,0.0
feature_117,0.0
feature_4301,0.0
feature_4300,0.0
feature_4299,0.0
feature_4310,0.0
feature_4084,0.0
feature_4083,0.0
feature_4082,0.0
feature_4081,0.0
feature_4080,0.0
feature_4079,0.0
feature_4078,0.0
feature_4077,0.0
feature_4076,0.0
feature_4075,0.0
feature_4365,0.0
feature_4073,0.0
feature_4072,0.0
feature_4071,0.0
feature_4070,0.0
feature_4069,0.0
feature_4068,0.0
feature_4067,0.0
feature_4066,0.0
feature_4065,0.0
feature_4064,0.0
feature_4063,0.0
feature_4074,0.0
feature_128,0.0
feature_4106,0.0
feature_4105,0.0
feature_4104,0.0
feature_4103,0.0
feature_4102,0.0
feature_4101,0.0
feature_4100,0.0
feature_4099,0.0
feature_4098,0.0
feature_4085,0.0
feature_4096,0.0
feature_4095,0.0
feature_4094,0.0
feature_4093,0.0
feature_4092,0.0
feature_4091,0.0
feature_4090,0.0
feature_4089,0.0
feature_4088,0.0
feature_4087,0.0
feature_4086,0.0
feature_4097,0.0
feature_4038,0.0
feature_4037,0.0
feature_4036,0.0
feature_4035,0.0
feature_4034,0.0
feature_4033,0.0
feature_4032,0.0
feature_4031,0.0
feature_4030,0.0
feature_4029,0.0
feature_4062,0.0
feature_4027,0.0
feature_4026,0.0
feature_4025,0.0
feature_4024,0.0
feature_4023,0.0
feature_4022,0.0
feature_4021,0.0
feature_4020,0.0
feature_4019,0.0
feature_4018,0.0
feature_4016,0.0
feature_4028,0.0
feature_4061,0.0
feature_4060,0.0
feature_4059,0.0
feature_4058,0.0
feature_4057,0.0
feature_4056,0.0
feature_4055,0.0
feature_4054,0.0
feature_4053,0.0
feature_4052,0.0
feature_4039,0.0
feature_4050,0.0
feature_4049,0.0
feature_4048,0.0
feature_4047,0.0
feature_4046,0.0
feature_4045,0.0
feature_4044,0.0
feature_4043,0.0
feature_4042,0.0
feature_4041,0.0
feature_4040,0.0
feature_4051,0.0
feature_4176,0.0
feature_4175,0.0
feature_4174,0.0
feature_4173,0.0
feature_4172,0.0
feature_4171,0.0
feature_4170,0.0
feature_4169,0.0
feature_4168,0.0
feature_4167,0.0
feature_4108,0.0
feature_4165,0.0
feature_4164,0.0
feature_4163,0.0
feature_4162,0.0
feature_4161,0.0
feature_4160,0.0
feature_4159,0.0
feature_4158,0.0
feature_4157,0.0
feature_4156,0.0
feature_4155,0.0
feature_4166,0.0
feature_4199,0.0
feature_4198,0.0
feature_123,0.0
feature_4196,0.0
feature_4195,0.0
feature_4194,0.0
feature_4193,0.0
feature_4192,0.0
feature_4191,0.0
feature_4190,0.0
feature_4177,0.0
feature_4188,0.0
feature_4187,0.0
feature_4186,0.0
feature_4185,0.0
feature_4184,0.0
feature_124,0.0
feature_4182,0.0
feature_125,0.0
feature_4180,0.0
feature_4179,0.0
feature_4178,0.0
feature_4189,0.0
feature_4130,0.0
feature_4129,0.0
feature_4128,0.0
feature_4127,0.0
feature_4126,0.0
feature_4125,0.0
feature_4124,0.0
feature_4123,0.0
feature_4122,0.0
feature_4121,0.0
feature_4154,0.0
feature_4119,0.0
feature_4118,0.0
feature_4117,0.0
feature_4116,0.0
feature_4115,0.0
feature_4114,0.0
feature_4113,0.0
feature_4112,0.0
feature_4111,0.0
feature_4110,0.0
feature_4109,0.0
feature_4120,0.0
feature_4153,0.0
feature_4152,0.0
feature_4151,0.0
feature_4150,0.0
feature_4149,0.0
feature_4148,0.0
feature_4147,0.0
feature_4146,0.0
feature_4145,0.0
feature_4144,0.0
feature_127,0.0
feature_4142,0.0
feature_4141,0.0
feature_4140,0.0
feature_4139,0.0
feature_4138,0.0
feature_4137,0.0
feature_4136,0.0
feature_4135,0.0
feature_4134,0.0
feature_4133,0.0
feature_126,0.0
feature_4143,0.0
feature_4615,0.0
feature_4614,0.0
feature_4613,0.0
feature_4612,0.0
feature_4611,0.0
feature_4610,0.0
feature_4609,0.0
feature_4608,0.0
feature_4607,0.0
feature_4606,0.0
feature_4017,0.0
feature_4604,0.0
feature_4603,0.0
feature_4602,0.0
feature_4601,0.0
feature_4600,0.0
feature_4599,0.0
feature_4598,0.0
feature_4597,0.0
feature_4596,0.0
feature_100,0.0
feature_4605,0.0
feature_4639,0.0
feature_4638,0.0
feature_4637,0.0
feature_4636,0.0
feature_4635,0.0
feature_4634,0.0
feature_4633,0.0
feature_4632,0.0
feature_99,0.0
feature_4630,0.0
feature_4616,0.0
feature_4628,0.0
feature_4627,0.0
feature_4626,0.0
feature_4625,0.0
feature_4624,0.0
feature_4622,0.0
feature_4621,0.0
feature_4620,0.0
feature_4619,0.0
feature_4618,0.0
feature_4617,0.0
feature_4629,0.0
feature_4570,0.0
feature_4569,0.0
feature_4568,0.0
feature_4567,0.0
feature_4566,0.0
feature_4565,0.0
feature_4564,0.0
feature_4563,0.0
feature_4562,0.0
feature_4561,0.0
feature_4594,0.0
feature_4559,0.0
feature_4558,0.0
feature_4557,0.0
feature_4556,0.0
feature_4555,0.0
feature_4554,0.0
feature_4553,0.0
feature_4552,0.0
feature_4551,0.0
feature_4550,0.0
feature_4549,0.0
feature_4560,0.0
feature_4593,0.0
feature_4592,0.0
feature_4591,0.0
feature_4590,0.0
feature_101,0.0
feature_4588,0.0
feature_4587,0.0
feature_4586,0.0
feature_4585,0.0
feature_4584,0.0
feature_4571,0.0
feature_102,0.0
feature_103,0.0
feature_4580,0.0
feature_4579,0.0
feature_4578,0.0
feature_4577,0.0
feature_4576,0.0
feature_4575,0.0
feature_4574,0.0
feature_4573,0.0
feature_4572,0.0
feature_4583,0.0
feature_4707,0.0
feature_4706,0.0
feature_4705,0.0
feature_4704,0.0
feature_4703,0.0
feature_4702,0.0
feature_4701,0.0
feature_4700,0.0
feature_4699,0.0
feature_4698,0.0
feature_4640,0.0
feature_4696,0.0
feature_4695,0.0
feature_4694,0.0
feature_4693,0.0
feature_93,0.0
feature_4691,0.0
feature_4690,0.0
feature_4689,0.0
feature_4688,0.0
feature_4687,0.0
feature_4697,0.0
feature_4731,0.0
feature_4729,0.0
feature_4728,0.0
feature_4727,0.0
feature_4726,0.0
feature_4725,0.0
feature_4724,0.0
feature_4723,0.0
feature_4722,0.0
feature_4721,0.0
feature_4708,0.0
feature_4719,0.0
feature_4718,0.0
feature_4717,0.0
feature_4716,0.0
feature_4715,0.0
feature_4714,0.0
feature_4713,0.0
feature_4712,0.0
feature_4711,0.0
feature_4710,0.0
feature_4709,0.0
feature_4720,0.0
feature_4662,0.0
feature_4661,0.0
feature_4660,0.0
feature_4659,0.0
feature_4658,0.0
feature_4657,0.0
feature_4656,0.0
feature_4655,0.0
feature_4654,0.0
feature_4653,0.0
feature_4686,0.0
feature_98,0.0
feature_4650,0.0
feature_4649,0.0
feature_4648,0.0
feature_4647,0.0
feature_4646,0.0
feature_4645,0.0
feature_4644,0.0
feature_4643,0.0
feature_4642,0.0
feature_4641,0.0
feature_4652,0.0
feature_4685,0.0
feature_4684,0.0
feature_4683,0.0
feature_4682,0.0
feature_4681,0.0
feature_4680,0.0
feature_4679,0.0
feature_4678,0.0
feature_4677,0.0
feature_94,0.0
feature_4663,0.0
feature_4674,0.0
feature_95,0.0
feature_4672,0.0
feature_4671,0.0
feature_4670,0.0
feature_4669,0.0
feature_4668,0.0
feature_97,0.0
feature_4666,0.0
feature_4665,0.0
feature_4664,0.0
feature_4675,0.0
feature_4433,0.0
feature_4432,0.0
feature_4431,0.0
feature_4430,0.0
feature_4429,0.0
feature_4428,0.0
feature_4427,0.0
feature_4426,0.0
feature_4425,0.0
feature_4424,0.0
feature_4548,0.0
feature_4422,0.0
feature_4421,0.0
feature_4420,0.0
feature_4419,0.0
feature_4418,0.0
feature_4417,0.0
feature_4416,0.0
feature_4415,0.0
feature_4414,0.0
feature_4413,0.0
feature_4423,0.0
feature_4456,0.0
feature_4455,0.0
feature_4454,0.0
feature_4453,0.0
feature_4452,0.0
feature_4451,0.0
feature_4450,0.0
feature_4449,0.0
feature_4448,0.0
feature_4447,0.0
feature_4434,0.0
feature_4445,0.0
feature_4444,0.0
feature_4443,0.0
feature_4442,0.0
feature_4441,0.0
feature_4440,0.0
feature_4439,0.0
feature_4438,0.0
feature_4437,0.0
feature_4436,0.0
feature_4435,0.0
feature_4446,0.0
feature_4388,0.0
feature_4387,0.0
feature_4386,0.0
feature_4385,0.0
feature_4384,0.0
feature_4383,0.0
feature_4382,0.0
feature_4381,0.0
feature_4380,0.0
feature_4379,0.0
feature_4412,0.0
feature_4377,0.0
feature_4376,0.0
feature_4375,0.0
feature_4374,0.0
feature_4373,0.0
feature_4372,0.0
feature_4371,0.0
feature_4370,0.0
feature_4369,0.0
feature_4368,0.0
feature_4367,0.0
feature_4378,0.0
feature_4411,0.0
feature_4410,0.0
feature_4409,0.0
feature_4408,0.0
feature_4407,0.0
feature_4406,0.0
feature_4405,0.0
feature_4404,0.0
feature_4403,0.0
feature_4402,0.0
feature_4389,0.0
feature_4400,0.0
feature_4399,0.0
feature_4398,0.0
feature_4397,0.0
feature_4396,0.0
feature_4395,0.0
feature_4394,0.0
feature_4393,0.0
feature_4392,0.0
feature_4391,0.0
feature_4390,0.0
feature_4401,0.0
feature_4524,0.0
feature_4523,0.0
feature_4522,0.0
feature_4521,0.0
feature_4520,0.0
feature_4519,0.0
feature_4518,0.0
feature_4517,0.0
feature_4516,0.0
feature_4515,0.0
feature_4457,0.0
feature_4513,0.0
feature_4512,0.0
feature_4511,0.0
feature_4510,0.0
feature_4509,0.0
feature_4508,0.0
feature_4507,0.0
feature_4506,0.0
feature_4505,0.0
feature_4504,0.0
feature_4514,0.0
feature_4547,0.0
feature_4546,0.0
feature_4545,0.0
feature_4544,0.0
feature_4543,0.0
feature_104,0.0
feature_4541,0.0
feature_4540,0.0
feature_4539,0.0
feature_4538,0.0
feature_4525,0.0
feature_4536,0.0
feature_4535,0.0
feature_4534,0.0
feature_4533,0.0
feature_4532,0.0
feature_4531,0.0
feature_4530,0.0
feature_4529,0.0
feature_107,0.0
feature_4527,0.0
feature_4526,0.0
feature_106,0.0
feature_4479,0.0
feature_4478,0.0
feature_4477,0.0
feature_4476,0.0
feature_4475,0.0
feature_4474,0.0
feature_4473,0.0
feature_4472,0.0
feature_4471,0.0
feature_4470,0.0
feature_4503,0.0
feature_4468,0.0
feature_4467,0.0
feature_4466,0.0
feature_4465,0.0
feature_4464,0.0
feature_4463,0.0
feature_4462,0.0
feature_4461,0.0
feature_4460,0.0
feature_4459,0.0
feature_4458,0.0
feature_4469,0.0
feature_4502,0.0
feature_4501,0.0
feature_4500,0.0
feature_4499,0.0
feature_4498,0.0
feature_4497,0.0
feature_4496,0.0
feature_4495,0.0
feature_4494,0.0
feature_4493,0.0
feature_4480,0.0
feature_4491,0.0
feature_4490,0.0
feature_4489,0.0
feature_4488,0.0
feature_4487,0.0
feature_4486,0.0
feature_4485,0.0
feature_4484,0.0
feature_4483,0.0
feature_4482,0.0
feature_4481,0.0
feature_4492,0.0
feature_3531,0.0
feature_3530,0.0
feature_3529,0.0
feature_3528,0.0
feature_3527,0.0
feature_3526,0.0
feature_3525,0.0
feature_3524,0.0
feature_3523,0.0
feature_3522,0.0
feature_4730,0.0
feature_3519,0.0
feature_3518,0.0
feature_3517,0.0
feature_3516,0.0
feature_3515,0.0
feature_3514,0.0
feature_3513,0.0
feature_3512,0.0
feature_3511,0.0
feature_3510,0.0
feature_3520,0.0
feature_3554,0.0
feature_3553,0.0
feature_3552,0.0
feature_3551,0.0
feature_3550,0.0
feature_3549,0.0
feature_3548,0.0
feature_3547,0.0
feature_3546,0.0
feature_3545,0.0
feature_3532,0.0
feature_3543,0.0
feature_3542,0.0
feature_3541,0.0
feature_3540,0.0
feature_3539,0.0
feature_3538,0.0
feature_3537,0.0
feature_3536,0.0
feature_3535,0.0
feature_3534,0.0
feature_3533,0.0
feature_3544,0.0
feature_144,0.0
feature_3484,0.0
feature_3483,0.0
feature_3482,0.0
feature_3481,0.0
feature_3480,0.0
feature_3479,0.0
feature_3478,0.0
feature_3477,0.0
feature_3476,0.0
feature_3509,0.0
feature_3474,0.0
feature_3473,0.0
feature_3472,0.0
feature_3471,0.0
feature_145,0.0
feature_3469,0.0
feature_146,0.0
feature_3467,0.0
feature_3466,0.0
feature_3464,0.0
feature_3463,0.0
feature_3475,0.0
feature_3508,0.0
feature_3507,0.0
feature_3506,0.0
feature_3505,0.0
feature_3504,0.0
feature_3503,0.0
feature_3502,0.0
feature_3501,0.0
feature_3500,0.0
feature_3499,0.0
feature_3486,0.0
feature_3497,0.0
feature_3496,0.0
feature_3495,0.0
feature_3494,0.0
feature_3493,0.0
feature_3492,0.0
feature_3491,0.0
feature_3490,0.0
feature_3489,0.0
feature_3488,0.0
feature_3487,0.0
feature_3498,0.0
feature_3624,0.0
feature_3623,0.0
feature_3622,0.0
feature_3621,0.0
feature_3620,0.0
feature_3619,0.0
feature_3618,0.0
feature_3617,0.0
feature_3616,0.0
feature_3615,0.0
feature_3555,0.0
feature_3613,0.0
feature_3612,0.0
feature_3611,0.0
feature_3610,0.0
feature_3609,0.0
feature_3608,0.0
feature_3607,0.0
feature_3606,0.0
feature_3605,0.0
feature_3604,0.0
feature_3603,0.0
feature_3614,0.0
feature_3647,0.0
feature_3646,0.0
feature_3645,0.0
feature_3644,0.0
feature_3643,0.0
feature_3642,0.0
feature_3641,0.0
feature_3640,0.0
feature_3639,0.0
feature_3638,0.0
feature_3625,0.0
feature_3636,0.0
feature_3635,0.0
feature_3634,0.0
feature_3633,0.0
feature_3632,0.0
feature_3631,0.0
feature_3630,0.0
feature_3629,0.0
feature_3628,0.0
feature_3627,0.0
feature_3626,0.0
feature_3637,0.0
feature_3577,0.0
feature_3576,0.0
feature_3575,0.0
feature_3574,0.0
feature_3573,0.0
feature_3572,0.0
feature_3571,0.0
feature_3570,0.0
feature_3569,0.0
feature_3568,0.0
feature_3602,0.0
feature_3566,0.0
feature_3565,0.0
feature_3564,0.0
feature_3563,0.0
feature_3562,0.0
feature_3561,0.0
feature_3560,0.0
feature_3559,0.0
feature_3558,0.0
feature_3557,0.0
feature_3556,0.0
feature_3567,0.0
feature_3601,0.0
feature_3600,0.0
feature_3599,0.0
feature_3598,0.0
feature_3597,0.0
feature_3596,0.0
feature_3595,0.0
feature_3594,0.0
feature_3593,0.0
feature_3592,0.0
feature_3578,0.0
feature_3590,0.0
feature_3589,0.0
feature_3588,0.0
feature_3587,0.0
feature_3586,0.0
feature_3585,0.0
feature_3584,0.0
feature_3583,0.0
feature_3582,0.0
feature_143,0.0
feature_3580,0.0
feature_3591,0.0
feature_3344,0.0
feature_3343,0.0
feature_3342,0.0
feature_3341,0.0
feature_3340,0.0
feature_3339,0.0
feature_3338,0.0
feature_3337,0.0
feature_3336,0.0
feature_3335,0.0
feature_3462,0.0
feature_3333,0.0
feature_3332,0.0
feature_3331,0.0
feature_3330,0.0
feature_3329,0.0
feature_3328,0.0
feature_3327,0.0
feature_3326,0.0
feature_3325,0.0
feature_3324,0.0
feature_3323,0.0
feature_3334,0.0
feature_3368,0.0
feature_3367,0.0
feature_3366,0.0
feature_3365,0.0
feature_3364,0.0
feature_3363,0.0
feature_3362,0.0
feature_3361,0.0
feature_3360,0.0
feature_3359,0.0
feature_3345,0.0
feature_3357,0.0
feature_3356,0.0
feature_3355,0.0
feature_3354,0.0
feature_3353,0.0
feature_3352,0.0
feature_3351,0.0
feature_3350,0.0
feature_3349,0.0
feature_3347,0.0
feature_3346,0.0
feature_3358,0.0
feature_3298,0.0
feature_3297,0.0
feature_3296,0.0
feature_3295,0.0
feature_3294,0.0
feature_3292,0.0
feature_3291,0.0
feature_3290,0.0
feature_3289,0.0
feature_3288,0.0
feature_3322,0.0
feature_157,0.0
feature_3285,0.0
feature_158,0.0
feature_159,0.0
feature_3282,0.0
feature_3281,0.0
feature_160,0.0
feature_3279,0.0
feature_3278,0.0
feature_3277,0.0
feature_3275,0.0
feature_156,0.0
feature_3321,0.0
feature_3320,0.0
feature_150,0.0
feature_3318,0.0
feature_3317,0.0
feature_3316,0.0
feature_151,0.0
feature_3314,0.0
feature_3313,0.0
feature_3312,0.0
feature_155,0.0
feature_3310,0.0
feature_3309,0.0
feature_3308,0.0
feature_3307,0.0
feature_152,0.0
feature_3305,0.0
feature_3304,0.0
feature_153,0.0
feature_3302,0.0
feature_3301,0.0
feature_3300,0.0
feature_3311,0.0
feature_3438,0.0
feature_3437,0.0
feature_3436,0.0
feature_3435,0.0
feature_3434,0.0
feature_3433,0.0
feature_3432,0.0
feature_3431,0.0
feature_3430,0.0
feature_3429,0.0
feature_3369,0.0
feature_3427,0.0
feature_3426,0.0
feature_3425,0.0
feature_3424,0.0
feature_3423,0.0
feature_3422,0.0
feature_3421,0.0
feature_3420,0.0
feature_3419,0.0
feature_3418,0.0
feature_3417,0.0
feature_3428,0.0
feature_3461,0.0
feature_147,0.0
feature_3459,0.0
feature_3458,0.0
feature_3457,0.0
feature_3456,0.0
feature_3455,0.0
feature_3454,0.0
feature_3453,0.0
feature_3452,0.0
feature_3439,0.0
feature_3450,0.0
feature_148,0.0
feature_3448,0.0
feature_3447,0.0
feature_3446,0.0
feature_3445,0.0
feature_3444,0.0
feature_3443,0.0
feature_3442,0.0
feature_3441,0.0
feature_3440,0.0
feature_3451,0.0
feature_3391,0.0
feature_3390,0.0
feature_3389,0.0
feature_3388,0.0
feature_3387,0.0
feature_3386,0.0
feature_3385,0.0
feature_3384,0.0
feature_3383,0.0
feature_3382,0.0
feature_3416,0.0
feature_3380,0.0
feature_3379,0.0
feature_3378,0.0
feature_3377,0.0
feature_3376,0.0
feature_3375,0.0
feature_3374,0.0
feature_3373,0.0
feature_3372,0.0
feature_3371,0.0
feature_3370,0.0
feature_3381,0.0
feature_3415,0.0
feature_3414,0.0
feature_3413,0.0
feature_3412,0.0
feature_3411,0.0
feature_3410,0.0
feature_3409,0.0
feature_3408,0.0
feature_3407,0.0
feature_3406,0.0
feature_3392,0.0
feature_3403,0.0
feature_3402,0.0
feature_3401,0.0
feature_3400,0.0
feature_3399,0.0
feature_3398,0.0
feature_3397,0.0
feature_3396,0.0
feature_3395,0.0
feature_3394,0.0
feature_3393,0.0
feature_3404,0.0
feature_3900,0.0
feature_3899,0.0
feature_3898,0.0
feature_3897,0.0
feature_3896,0.0
feature_3895,0.0
feature_3894,0.0
feature_3893,0.0
feature_3892,0.0
feature_3891,0.0
feature_3648,0.0
feature_3889,0.0
feature_3888,0.0
feature_3887,0.0
feature_3886,0.0
feature_3885,0.0
feature_3884,0.0
feature_3883,0.0
feature_3882,0.0
feature_3881,0.0
feature_134,0.0
feature_3890,0.0
feature_132,0.0
feature_3922,0.0
feature_133,0.0
feature_3920,0.0
feature_3919,0.0
feature_3918,0.0
feature_3917,0.0
feature_3916,0.0
feature_3915,0.0
feature_3914,0.0
feature_3901,0.0
feature_3912,0.0
feature_3911,0.0
feature_3910,0.0
feature_3909,0.0
feature_3908,0.0
feature_3907,0.0
feature_3906,0.0
feature_3905,0.0
feature_3904,0.0
feature_3903,0.0
feature_3902,0.0
feature_3913,0.0
feature_3855,0.0
feature_3854,0.0
feature_3853,0.0
feature_3852,0.0
feature_3851,0.0
feature_3850,0.0
feature_3849,0.0
feature_137,0.0
feature_3847,0.0
feature_3846,0.0
feature_135,0.0
feature_3844,0.0
feature_3843,0.0
feature_3842,0.0
feature_3841,0.0
feature_3840,0.0
feature_3839,0.0
feature_3838,0.0
feature_3837,0.0
feature_3836,0.0
feature_3835,0.0
feature_3834,0.0
feature_3845,0.0
feature_3878,0.0
feature_3877,0.0
feature_3876,0.0
feature_3875,0.0
feature_3874,0.0
feature_3873,0.0
feature_3872,0.0
feature_3871,0.0
feature_3870,0.0
feature_3869,0.0
feature_3856,0.0
feature_3867,0.0
feature_3866,0.0
feature_3865,0.0
feature_3864,0.0
feature_3863,0.0
feature_3862,0.0
feature_3861,0.0
feature_3860,0.0
feature_3859,0.0
feature_3858,0.0
feature_136,0.0
feature_3868,0.0
feature_3992,0.0
feature_3991,0.0
feature_3990,0.0
feature_3989,0.0
feature_3988,0.0
feature_3987,0.0
feature_3986,0.0
feature_3985,0.0
feature_3984,0.0
feature_3983,0.0
feature_3924,0.0
feature_3981,0.0
feature_3980,0.0
feature_3979,0.0
feature_3978,0.0
feature_3977,0.0
feature_3976,0.0
feature_3975,0.0
feature_3974,0.0
feature_3973,0.0
feature_3972,0.0
feature_3971,0.0
feature_3982,0.0
feature_4015,0.0
feature_4014,0.0
feature_4013,0.0
feature_4012,0.0
feature_4011,0.0
feature_4010,0.0
feature_4009,0.0
feature_4008,0.0
feature_4007,0.0
feature_4006,0.0
feature_3993,0.0
feature_4004,0.0
feature_4003,0.0
feature_4002,0.0
feature_4001,0.0
feature_4000,0.0
feature_3999,0.0
feature_3998,0.0
feature_3997,0.0
feature_3996,0.0
feature_129,0.0
feature_3994,0.0
feature_4005,0.0
feature_3946,0.0
feature_3945,0.0
feature_3944,0.0
feature_3943,0.0
feature_3942,0.0
feature_3941,0.0
feature_3940,0.0
feature_3939,0.0
feature_3938,0.0
feature_3937,0.0
feature_3970,0.0
feature_3935,0.0
feature_3934,0.0
feature_3933,0.0
feature_3932,0.0
feature_3931,0.0
feature_3930,0.0
feature_3929,0.0
feature_3928,0.0
feature_3927,0.0
feature_3926,0.0
feature_3925,0.0
feature_3936,0.0
feature_3969,0.0
feature_3968,0.0
feature_3967,0.0
feature_3966,0.0
feature_3965,0.0
feature_3964,0.0
feature_3963,0.0
feature_3962,0.0
feature_3961,0.0
feature_3960,0.0
feature_3947,0.0
feature_3958,0.0
feature_3957,0.0
feature_3956,0.0
feature_3955,0.0
feature_3954,0.0
feature_130,0.0
feature_3952,0.0
feature_3951,0.0
feature_3950,0.0
feature_3949,0.0
feature_131,0.0
feature_3959,0.0
feature_140,0.0
feature_3715,0.0
feature_3714,0.0
feature_3713,0.0
feature_3712,0.0
feature_3711,0.0
feature_3710,0.0
feature_3709,0.0
feature_3708,0.0
feature_3707,0.0
feature_3833,0.0
feature_141,0.0
feature_3704,0.0
feature_3703,0.0
feature_3702,0.0
feature_3701,0.0
feature_3700,0.0
feature_3699,0.0
feature_3698,0.0
feature_3697,0.0
feature_3696,0.0
feature_3695,0.0
feature_3706,0.0
feature_3740,0.0
feature_3739,0.0
feature_3738,0.0
feature_3737,0.0
feature_3736,0.0
feature_3735,0.0
feature_3734,0.0
feature_3733,0.0
feature_3732,0.0
feature_3731,0.0
feature_3717,0.0
feature_3729,0.0
feature_3728,0.0
feature_3727,0.0
feature_3726,0.0
feature_3725,0.0
feature_3724,0.0
feature_3722,0.0
feature_3721,0.0
feature_3720,0.0
feature_139,0.0
feature_3718,0.0
feature_3730,0.0
feature_3670,0.0
feature_3669,0.0
feature_3668,0.0
feature_3667,0.0
feature_3666,0.0
feature_3665,0.0
feature_3664,0.0
feature_3663,0.0
feature_3662,0.0
feature_3661,0.0
feature_3694,0.0
feature_3659,0.0
feature_3658,0.0
feature_3657,0.0
feature_3656,0.0
feature_3655,0.0
feature_3654,0.0
feature_3653,0.0
feature_3652,0.0
feature_3651,0.0
feature_3650,0.0
feature_3649,0.0
feature_3660,0.0
feature_3693,0.0
feature_3692,0.0
feature_3691,0.0
feature_3690,0.0
feature_142,0.0
feature_3688,0.0
feature_3687,0.0
feature_3686,0.0
feature_3685,0.0
feature_3684,0.0
feature_3671,0.0
feature_3682,0.0
feature_3681,0.0
feature_3680,0.0
feature_3679,0.0
feature_3678,0.0
feature_3677,0.0
feature_3676,0.0
feature_3675,0.0
feature_3674,0.0
feature_3673,0.0
feature_3672,0.0
feature_3683,0.0
feature_3809,0.0
feature_3808,0.0
feature_3807,0.0
feature_3806,0.0
feature_3805,0.0
feature_3804,0.0
feature_3803,0.0
feature_3802,0.0
feature_3801,0.0
feature_3800,0.0
feature_3741,0.0
feature_3798,0.0
feature_3797,0.0
feature_3796,0.0
feature_3795,0.0
feature_3794,0.0
feature_3793,0.0
feature_3792,0.0
feature_3791,0.0
feature_3790,0.0
feature_3789,0.0
feature_3788,0.0
feature_3799,0.0
feature_3832,0.0
feature_3831,0.0
feature_3830,0.0
feature_3829,0.0
feature_3828,0.0
feature_3827,0.0
feature_3826,0.0
feature_3825,0.0
feature_3824,0.0
feature_3823,0.0
feature_3810,0.0
feature_3821,0.0
feature_3820,0.0
feature_3819,0.0
feature_3818,0.0
feature_3817,0.0
feature_3816,0.0
feature_3815,0.0
feature_3814,0.0
feature_3813,0.0
feature_3812,0.0
feature_3811,0.0
feature_3822,0.0
feature_3763,0.0
feature_3762,0.0
feature_3761,0.0
feature_3760,0.0
feature_3759,0.0
feature_3758,0.0
feature_3757,0.0
feature_3756,0.0
feature_3755,0.0
feature_3754,0.0
feature_3787,0.0
feature_3752,0.0
feature_3751,0.0
feature_3750,0.0
feature_3749,0.0
feature_3748,0.0
feature_3747,0.0
feature_3746,0.0
feature_3745,0.0
feature_3744,0.0
feature_3743,0.0
feature_138,0.0
feature_3753,0.0
feature_3786,0.0
feature_3785,0.0
feature_3784,0.0
feature_3783,0.0
feature_3782,0.0
feature_3781,0.0
feature_3780,0.0
feature_3779,0.0
feature_3778,0.0
feature_3777,0.0
feature_3764,0.0
feature_3775,0.0
feature_3774,0.0
feature_3773,0.0
feature_3772,0.0
feature_3771,0.0
feature_3770,0.0
feature_3769,0.0
feature_3768,0.0
feature_3767,0.0
feature_3766,0.0
feature_3765,0.0
feature_3776,0.0
feature_5724,0.0
feature_42,0.0
feature_5722,0.0
feature_5721,0.0
feature_5720,0.0
feature_5719,0.0
feature_5718,0.0
feature_5717,0.0
feature_5716,0.0
feature_5715,0.0
feature_161,0.0
feature_5713,0.0
feature_5712,0.0
feature_5711,0.0
feature_5710,0.0
feature_5709,0.0
feature_5708,0.0
feature_5707,0.0
feature_5706,0.0
feature_5705,0.0
feature_5704,0.0
feature_5714,0.0
feature_5747,0.0
feature_5746,0.0
feature_5745,0.0
feature_5744,0.0
feature_5743,0.0
feature_5742,0.0
feature_5741,0.0
feature_5740,0.0
feature_5739,0.0
feature_5738,0.0
feature_5725,0.0
feature_5736,0.0
feature_5735,0.0
feature_5734,0.0
feature_5733,0.0
feature_5732,0.0
feature_5731,0.0
feature_5730,0.0
feature_5729,0.0
feature_5728,0.0
feature_5727,0.0
feature_5726,0.0
feature_5737,0.0
feature_5679,0.0
feature_5678,0.0
feature_5677,0.0
feature_5676,0.0
feature_5675,0.0
feature_5674,0.0
feature_45,0.0
feature_5672,0.0
feature_5671,0.0
feature_5670,0.0
feature_5703,0.0
feature_47,0.0
feature_5667,0.0
feature_5666,0.0
feature_5665,0.0
feature_5664,0.0
feature_5663,0.0
feature_5662,0.0
feature_5661,0.0
feature_5660,0.0
feature_5659,0.0
feature_5658,0.0
feature_46,0.0
feature_5702,0.0
feature_5701,0.0
feature_5700,0.0
feature_5699,0.0
feature_5698,0.0
feature_5697,0.0
feature_5696,0.0
feature_5695,0.0
feature_5694,0.0
feature_5693,0.0
feature_5680,0.0
feature_5691,0.0
feature_43,0.0
feature_44,0.0
feature_5688,0.0
feature_5687,0.0
feature_5686,0.0
feature_5685,0.0
feature_5684,0.0
feature_5683,0.0
feature_5682,0.0
feature_5681,0.0
feature_5692,0.0
feature_5816,0.0
feature_5815,0.0
feature_5814,0.0
feature_5813,0.0
feature_5812,0.0
feature_5811,0.0
feature_5810,0.0
feature_5809,0.0
feature_5808,0.0
feature_5807,0.0
feature_5748,0.0
feature_5805,0.0
feature_5804,0.0
feature_5803,0.0
feature_5802,0.0
feature_5801,0.0
feature_5800,0.0
feature_5799,0.0
feature_5798,0.0
feature_5797,0.0
feature_5796,0.0
feature_5795,0.0
feature_5806,0.0
feature_5839,0.0
feature_5838,0.0
feature_5837,0.0
feature_5836,0.0
feature_5835,0.0
feature_5834,0.0
feature_5833,0.0
feature_5832,0.0
feature_5831,0.0
feature_5830,0.0
feature_5817,0.0
feature_5828,0.0
feature_5827,0.0
feature_5826,0.0
feature_5825,0.0
feature_5824,0.0
feature_5823,0.0
feature_5822,0.0
feature_5821,0.0
feature_5820,0.0
feature_5819,0.0
feature_5818,0.0
feature_5829,0.0
feature_5770,0.0
feature_5769,0.0
feature_40,0.0
feature_5767,0.0
feature_5766,0.0
feature_5765,0.0
feature_5764,0.0
feature_5763,0.0
feature_5762,0.0
feature_5761,0.0
feature_5794,0.0
feature_5759,0.0
feature_5758,0.0
feature_41,0.0
feature_5756,0.0
feature_5755,0.0
feature_5754,0.0
feature_5753,0.0
feature_5752,0.0
feature_5751,0.0
feature_5750,0.0
feature_5749,0.0
feature_5760,0.0
feature_5793,0.0
feature_5792,0.0
feature_5791,0.0
feature_5790,0.0
feature_5789,0.0
feature_5788,0.0
feature_5787,0.0
feature_5786,0.0
feature_5785,0.0
feature_5784,0.0
feature_39,0.0
feature_5782,0.0
feature_5781,0.0
feature_5780,0.0
feature_5779,0.0
feature_5778,0.0
feature_5777,0.0
feature_5776,0.0
feature_5775,0.0
feature_5774,0.0
feature_5773,0.0
feature_5772,0.0
feature_5783,0.0
feature_5541,0.0
feature_5540,0.0
feature_5539,0.0
feature_5538,0.0
feature_5537,0.0
feature_5536,0.0
feature_5535,0.0
feature_5534,0.0
feature_5533,0.0
feature_5532,0.0
feature_5657,0.0
feature_5530,0.0
feature_5529,0.0
feature_5528,0.0
feature_5527,0.0
feature_5526,0.0
feature_5525,0.0
feature_5524,0.0
feature_55,0.0
feature_5522,0.0
feature_5521,0.0
feature_5531,0.0
feature_5564,0.0
feature_5563,0.0
feature_5562,0.0
feature_5561,0.0
feature_5560,0.0
feature_5559,0.0
feature_5558,0.0
feature_5557,0.0
feature_5556,0.0
feature_5555,0.0
feature_5542,0.0
feature_5553,0.0
feature_5552,0.0
feature_5551,0.0
feature_5550,0.0
feature_5549,0.0
feature_54,0.0
feature_5547,0.0
feature_5546,0.0
feature_5545,0.0
feature_5544,0.0
feature_5543,0.0
feature_5554,0.0
feature_5495,0.0
feature_5494,0.0
feature_5493,0.0
feature_5492,0.0
feature_5491,0.0
feature_5490,0.0
feature_5489,0.0
feature_5488,0.0
feature_5487,0.0
feature_5486,0.0
feature_5520,0.0
feature_5484,0.0
feature_5483,0.0
feature_5482,0.0
feature_5481,0.0
feature_5480,0.0
feature_5479,0.0
feature_5478,0.0
feature_5477,0.0
feature_5476,0.0
feature_5475,0.0
feature_5474,0.0
feature_5485,0.0
feature_5519,0.0
feature_5518,0.0
feature_5517,0.0
feature_5516,0.0
feature_56,0.0
feature_5514,0.0
feature_5513,0.0
feature_5512,0.0
feature_5511,0.0
feature_5510,0.0
feature_5496,0.0
feature_58,0.0
feature_5506,0.0
feature_5505,0.0
feature_5504,0.0
feature_5503,0.0
feature_5502,0.0
feature_5501,0.0
feature_5500,0.0
feature_5499,0.0
feature_5498,0.0
feature_5497,0.0
feature_57,0.0
feature_5633,0.0
feature_5632,0.0
feature_5631,0.0
feature_5630,0.0
feature_5629,0.0
feature_5628,0.0
feature_51,0.0
feature_5626,0.0
feature_5625,0.0
feature_5624,0.0
feature_5565,0.0
feature_5622,0.0
feature_5621,0.0
feature_5620,0.0
feature_5619,0.0
feature_5618,0.0
feature_5617,0.0
feature_5616,0.0
feature_5615,0.0
feature_5614,0.0
feature_5613,0.0
feature_5612,0.0
feature_5623,0.0
feature_5656,0.0
feature_5655,0.0
feature_5654,0.0
feature_5653,0.0
feature_5652,0.0
feature_5651,0.0
feature_48,0.0
feature_5649,0.0
feature_5648,0.0
feature_5647,0.0
feature_5634,0.0
feature_5645,0.0
feature_5644,0.0
feature_5643,0.0
feature_5642,0.0
feature_49,0.0
feature_5640,0.0
feature_5639,0.0
feature_5638,0.0
feature_5637,0.0
feature_5636,0.0
feature_50,0.0
feature_5646,0.0
feature_5587,0.0
feature_5586,0.0
feature_5585,0.0
feature_5584,0.0
feature_5583,0.0
feature_5582,0.0
feature_5581,0.0
feature_5580,0.0
feature_5579,0.0
feature_5578,0.0
feature_5611,0.0
feature_5576,0.0
feature_5575,0.0
feature_5574,0.0
feature_5573,0.0
feature_5572,0.0
feature_5571,0.0
feature_5570,0.0
feature_5569,0.0
feature_5568,0.0
feature_5567,0.0
feature_5566,0.0
feature_5577,0.0
feature_52,0.0
feature_53,0.0
feature_5608,0.0
feature_5607,0.0
feature_5606,0.0
feature_5605,0.0
feature_5604,0.0
feature_5603,0.0
feature_5602,0.0
feature_5601,0.0
feature_5588,0.0
feature_5599,0.0
feature_5598,0.0
feature_5597,0.0
feature_5596,0.0
feature_5595,0.0
feature_5594,0.0
feature_5593,0.0
feature_5592,0.0
feature_5591,0.0
feature_5590,0.0
feature_5589,0.0
feature_5600,0.0
feature_6092,0.0
feature_6091,0.0
feature_6090,0.0
feature_6089,0.0
feature_6088,0.0
feature_6087,0.0
feature_6086,0.0
feature_6085,0.0
feature_6084,0.0
feature_6083,0.0
feature_5840,0.0
feature_6081,0.0
feature_6080,0.0
feature_6079,0.0
feature_6078,0.0
feature_6077,0.0
feature_6076,0.0
feature_6075,0.0
feature_6074,0.0
feature_6073,0.0
feature_6072,0.0
feature_6082,0.0
feature_6117,0.0
feature_6116,0.0
feature_6114,0.0
feature_6113,0.0
feature_6112,0.0
feature_6111,0.0
feature_6110,0.0
feature_6109,0.0
feature_6108,0.0
feature_6107,0.0
feature_6093,0.0
feature_6105,0.0
feature_6104,0.0
feature_6103,0.0
feature_6102,0.0
feature_6100,0.0
feature_6099,0.0
feature_6098,0.0
feature_6097,0.0
feature_6096,0.0
feature_6095,0.0
feature_6094,0.0
feature_6106,0.0
feature_6047,0.0
feature_6046,0.0
feature_6045,0.0
feature_6044,0.0
feature_6043,0.0
feature_6042,0.0
feature_6041,0.0
feature_6040,0.0
feature_6039,0.0
feature_6038,0.0
feature_6071,0.0
feature_6036,0.0
feature_6035,0.0
feature_6034,0.0
feature_6033,0.0
feature_6032,0.0
feature_6031,0.0
feature_6030,0.0
feature_6029,0.0
feature_6028,0.0
feature_6027,0.0
feature_6026,0.0
feature_6037,0.0
feature_6070,0.0
feature_6069,0.0
feature_6068,0.0
feature_6067,0.0
feature_6066,0.0
feature_6065,0.0
feature_6064,0.0
feature_6063,0.0
feature_6062,0.0
feature_6061,0.0
feature_6048,0.0
feature_6059,0.0
feature_6058,0.0
feature_6057,0.0
feature_6056,0.0
feature_6055,0.0
feature_6054,0.0
feature_6053,0.0
feature_6052,0.0
feature_6051,0.0
feature_6050,0.0
feature_6049,0.0
feature_6060,0.0
feature_6186,0.0
feature_6185,0.0
feature_6184,0.0
feature_6183,0.0
feature_6182,0.0
feature_6181,0.0
feature_6180,0.0
feature_6179,0.0
feature_6178,0.0
feature_6177,0.0
feature_6118,0.0
feature_6175,0.0
feature_6174,0.0
feature_6173,0.0
feature_6172,0.0
feature_6171,0.0
feature_6170,0.0
feature_6169,0.0
feature_6168,0.0
feature_6167,0.0
feature_6166,0.0
feature_6165,0.0
feature_6176,0.0
feature_6209,0.0
feature_6208,0.0
feature_6207,0.0
feature_6206,0.0
feature_6205,0.0
feature_6204,0.0
feature_6203,0.0
feature_6202,0.0
feature_6201,0.0
feature_6200,0.0
feature_6187,0.0
feature_6198,0.0
feature_6197,0.0
feature_6196,0.0
feature_6195,0.0
feature_6194,0.0
feature_6193,0.0
feature_6192,0.0
feature_6191,0.0
feature_6190,0.0
feature_6189,0.0
feature_6188,0.0
feature_6199,0.0
feature_6140,0.0
feature_6139,0.0
feature_6138,0.0
feature_6137,0.0
feature_6136,0.0
feature_6135,0.0
feature_6134,0.0
feature_6133,0.0
feature_6132,0.0
feature_6131,0.0
feature_6164,0.0
feature_6129,0.0
feature_6128,0.0
feature_6127,0.0
feature_6126,0.0
feature_6125,0.0
feature_6124,0.0
feature_6123,0.0
feature_6122,0.0
feature_6121,0.0
feature_6120,0.0
feature_6119,0.0
feature_6130,0.0
feature_6163,0.0
feature_6162,0.0
feature_6161,0.0
feature_6160,0.0
feature_6159,0.0
feature_6158,0.0
feature_6157,0.0
feature_6156,0.0
feature_6155,0.0
feature_6154,0.0
feature_6141,0.0
feature_6152,0.0
feature_6151,0.0
feature_6150,0.0
feature_6149,0.0
feature_6148,0.0
feature_6147,0.0
feature_6146,0.0
feature_6145,0.0
feature_6144,0.0
feature_6143,0.0
feature_6142,0.0
feature_6153,0.0
feature_5908,0.0
feature_5907,0.0
feature_5906,0.0
feature_5905,0.0
feature_5904,0.0
feature_5903,0.0
feature_5902,0.0
feature_5901,0.0
feature_5900,0.0
feature_5899,0.0
feature_6025,0.0
feature_5897,0.0
feature_5896,0.0
feature_5895,0.0
feature_5894,0.0
feature_36,0.0
feature_5892,0.0
feature_5891,0.0
feature_5890,0.0
feature_5889,0.0
feature_5888,0.0
feature_5887,0.0
feature_5898,0.0
feature_5931,0.0
feature_5930,0.0
feature_5929,0.0
feature_5928,0.0
feature_5927,0.0
feature_5926,0.0
feature_5925,0.0
feature_5924,0.0
feature_5923,0.0
feature_5922,0.0
feature_5909,0.0
feature_5920,0.0
feature_5919,0.0
feature_5918,0.0
feature_5917,0.0
feature_5916,0.0
feature_5915,0.0
feature_5914,0.0
feature_5913,0.0
feature_35,0.0
feature_5911,0.0
feature_5910,0.0
feature_5921,0.0
feature_5862,0.0
feature_5861,0.0
feature_5860,0.0
feature_5859,0.0
feature_5858,0.0
feature_38,0.0
feature_5856,0.0
feature_5855,0.0
feature_5854,0.0
feature_5853,0.0
feature_5886,0.0
feature_5851,0.0
feature_5850,0.0
feature_5849,0.0
feature_5848,0.0
feature_5847,0.0
feature_5846,0.0
feature_5845,0.0
feature_5844,0.0
feature_5843,0.0
feature_5842,0.0
feature_5841,0.0
feature_5852,0.0
feature_5885,0.0
feature_5884,0.0
feature_5883,0.0
feature_37,0.0
feature_5881,0.0
feature_5880,0.0
feature_5879,0.0
feature_5878,0.0
feature_5877,0.0
feature_5876,0.0
feature_5863,0.0
feature_5874,0.0
feature_5873,0.0
feature_5872,0.0
feature_5871,0.0
feature_5870,0.0
feature_5869,0.0
feature_5868,0.0
feature_5867,0.0
feature_5866,0.0
feature_5865,0.0
feature_5864,0.0
feature_5875,0.0
feature_6001,0.0
feature_6000,0.0
feature_5999,0.0
feature_5998,0.0
feature_5997,0.0
feature_5996,0.0
feature_5995,0.0
feature_5994,0.0
feature_5993,0.0
feature_5992,0.0
feature_5932,0.0
feature_5989,0.0
feature_5988,0.0
feature_5987,0.0
feature_34,0.0
feature_5985,0.0
feature_5984,0.0
feature_5983,0.0
feature_5982,0.0
feature_5981,0.0
feature_5980,0.0
feature_5979,0.0
feature_5991,0.0
feature_6024,0.0
feature_6023,0.0
feature_6022,0.0
feature_6021,0.0
feature_6020,0.0
feature_6019,0.0
feature_6018,0.0
feature_6017,0.0
feature_6016,0.0
feature_6015,0.0
feature_6002,0.0
feature_6013,0.0
feature_6012,0.0
feature_6011,0.0
feature_6010,0.0
feature_6009,0.0
feature_6008,0.0
feature_6007,0.0
feature_6006,0.0
feature_6005,0.0
feature_6004,0.0
feature_6003,0.0
feature_6014,0.0
feature_5954,0.0
feature_5953,0.0
feature_5952,0.0
feature_5951,0.0
feature_5950,0.0
feature_5949,0.0
feature_5948,0.0
feature_5947,0.0
feature_5946,0.0
feature_5945,0.0
feature_5978,0.0
feature_5943,0.0
feature_5942,0.0
feature_5941,0.0
feature_5940,0.0
feature_5939,0.0
feature_5938,0.0
feature_5937,0.0
feature_5936,0.0
feature_5935,0.0
feature_5934,0.0
feature_5933,0.0
feature_5944,0.0
feature_5977,0.0
feature_5976,0.0
feature_5975,0.0
feature_5974,0.0
feature_5973,0.0
feature_5972,0.0
feature_5971,0.0
feature_5970,0.0
feature_5969,0.0
feature_5968,0.0
feature_5955,0.0
feature_5966,0.0
feature_5965,0.0
feature_5964,0.0
feature_5963,0.0
feature_5962,0.0
feature_5961,0.0
feature_5960,0.0
feature_5959,0.0
feature_5958,0.0
feature_5957,0.0
feature_5956,0.0
feature_5967,0.0
feature_4984,0.0
feature_4983,0.0
feature_4982,0.0
feature_4981,0.0
feature_4980,0.0
feature_4979,0.0
feature_4978,0.0
feature_4977,0.0
feature_4976,0.0
feature_4975,0.0
feature_5473,0.0
feature_4973,0.0
feature_4972,0.0
feature_4971,0.0
feature_4970,0.0
feature_4969,0.0
feature_4968,0.0
feature_4967,0.0
feature_4965,0.0
feature_4964,0.0
feature_4963,0.0
feature_4974,0.0
feature_5007,0.0
feature_82,0.0
feature_5005,0.0
feature_5004,0.0
feature_5003,0.0
feature_5002,0.0
feature_5001,0.0
feature_5000,0.0
feature_4999,0.0
feature_4998,0.0
feature_4985,0.0
feature_4996,0.0
feature_4995,0.0
feature_4994,0.0
feature_4993,0.0
feature_4992,0.0
feature_4991,0.0
feature_4990,0.0
feature_4989,0.0
feature_4988,0.0
feature_4987,0.0
feature_4986,0.0
feature_4997,0.0
feature_4938,0.0
feature_4937,0.0
feature_4936,0.0
feature_4935,0.0
feature_4934,0.0
feature_4933,0.0
feature_4932,0.0
feature_4931,0.0
feature_4930,0.0
feature_4929,0.0
feature_4962,0.0
feature_4927,0.0
feature_4926,0.0
feature_4925,0.0
feature_4924,0.0
feature_4923,0.0
feature_4922,0.0
feature_4921,0.0
feature_4920,0.0
feature_4919,0.0
feature_4918,0.0
feature_4917,0.0
feature_4928,0.0
feature_4961,0.0
feature_83,0.0
feature_4959,0.0
feature_4958,0.0
feature_4957,0.0
feature_84,0.0
feature_4955,0.0
feature_4954,0.0
feature_4953,0.0
feature_4952,0.0
feature_4939,0.0
feature_4950,0.0
feature_4949,0.0
feature_4948,0.0
feature_4947,0.0
feature_4946,0.0
feature_4945,0.0
feature_4944,0.0
feature_4943,0.0
feature_4942,0.0
feature_4941,0.0
feature_4940,0.0
feature_4951,0.0
feature_5077,0.0
feature_5076,0.0
feature_5075,0.0
feature_5074,0.0
feature_5073,0.0
feature_5072,0.0
feature_5071,0.0
feature_5070,0.0
feature_5069,0.0
feature_5068,0.0
feature_5008,0.0
feature_5066,0.0
feature_5065,0.0
feature_5064,0.0
feature_5063,0.0
feature_5062,0.0
feature_79,0.0
feature_5060,0.0
feature_5059,0.0
feature_5058,0.0
feature_5057,0.0
feature_5056,0.0
feature_5067,0.0
feature_5100,0.0
feature_5099,0.0
feature_5098,0.0
feature_5097,0.0
feature_5096,0.0
feature_5095,0.0
feature_5094,0.0
feature_5093,0.0
feature_5092,0.0
feature_5091,0.0
feature_5078,0.0
feature_5089,0.0
feature_5088,0.0
feature_5087,0.0
feature_5086,0.0
feature_5085,0.0
feature_5084,0.0
feature_5083,0.0
feature_5082,0.0
feature_5081,0.0
feature_5080,0.0
feature_5079,0.0
feature_5090,0.0
feature_5030,0.0
feature_5029,0.0
feature_5028,0.0
feature_81,0.0
feature_5026,0.0
feature_5025,0.0
feature_5024,0.0
feature_5023,0.0
feature_5022,0.0
feature_5021,0.0
feature_5055,0.0
feature_5019,0.0
feature_5018,0.0
feature_5017,0.0
feature_5016,0.0
feature_5015,0.0
feature_5014,0.0
feature_5013,0.0
feature_5012,0.0
feature_5011,0.0
feature_5010,0.0
feature_5009,0.0
feature_5020,0.0
feature_5054,0.0
feature_5053,0.0
feature_5052,0.0
feature_5051,0.0
feature_5050,0.0
feature_5049,0.0
feature_5048,0.0
feature_5047,0.0
feature_5046,0.0
feature_5045,0.0
feature_5031,0.0
feature_5043,0.0
feature_5042,0.0
feature_5041,0.0
feature_5040,0.0
feature_5038,0.0
feature_5037,0.0
feature_5036,0.0
feature_80,0.0
feature_5034,0.0
feature_5033,0.0
feature_5032,0.0
feature_5044,0.0
feature_4798,0.0
feature_4797,0.0
feature_4796,0.0
feature_4795,0.0
feature_4794,0.0
feature_4793,0.0
feature_4792,0.0
feature_4791,0.0
feature_4790,0.0
feature_4789,0.0
feature_4916,0.0
feature_90,0.0
feature_4786,0.0
feature_91,0.0
feature_4784,0.0
feature_92,0.0
feature_4782,0.0
feature_4781,0.0
feature_4780,0.0
feature_4779,0.0
feature_4778,0.0
feature_4788,0.0
feature_4822,0.0
feature_4821,0.0
feature_4820,0.0
feature_4819,0.0
feature_4818,0.0
feature_4817,0.0
feature_4816,0.0
feature_4815,0.0
feature_4814,0.0
feature_4813,0.0
feature_89,0.0
feature_4811,0.0
feature_4810,0.0
feature_4809,0.0
feature_4808,0.0
feature_4807,0.0
feature_4806,0.0
feature_4805,0.0
feature_4804,0.0
feature_4803,0.0
feature_4802,0.0
feature_4801,0.0
feature_4812,0.0
feature_4753,0.0
feature_4752,0.0
feature_4751,0.0
feature_4750,0.0
feature_4749,0.0
feature_4748,0.0
feature_4747,0.0
feature_4746,0.0
feature_4745,0.0
feature_4744,0.0
feature_4777,0.0
feature_4742,0.0
feature_4741,0.0
feature_4740,0.0
feature_4739,0.0
feature_4738,0.0
feature_4737,0.0
feature_4736,0.0
feature_4735,0.0
feature_4734,0.0
feature_4733,0.0
feature_4732,0.0
feature_4743,0.0
feature_4776,0.0
feature_4775,0.0
feature_4774,0.0
feature_4773,0.0
feature_4772,0.0
feature_4771,0.0
feature_4770,0.0
feature_4769,0.0
feature_4768,0.0
feature_4767,0.0
feature_4754,0.0
feature_4765,0.0
feature_4764,0.0
feature_4763,0.0
feature_4762,0.0
feature_4761,0.0
feature_4760,0.0
feature_4759,0.0
feature_4758,0.0
feature_4757,0.0
feature_4756,0.0
feature_4755,0.0
feature_4766,0.0
feature_4891,0.0
feature_4890,0.0
feature_4889,0.0
feature_4888,0.0
feature_4887,0.0
feature_4886,0.0
feature_4885,0.0
feature_4884,0.0
feature_86,0.0
feature_4882,0.0
feature_88,0.0
feature_4880,0.0
feature_4879,0.0
feature_4878,0.0
feature_4877,0.0
feature_4876,0.0
feature_4875,0.0
feature_4874,0.0
feature_4873,0.0
feature_4872,0.0
feature_4871,0.0
feature_4870,0.0
feature_4881,0.0
feature_4914,0.0
feature_4913,0.0
feature_4912,0.0
feature_4911,0.0
feature_4910,0.0
feature_4909,0.0
feature_4908,0.0
feature_4907,0.0
feature_4906,0.0
feature_4905,0.0
feature_4892,0.0
feature_4903,0.0
feature_4902,0.0
feature_4901,0.0
feature_4900,0.0
feature_4899,0.0
feature_4898,0.0
feature_4897,0.0
feature_4896,0.0
feature_4895,0.0
feature_4894,0.0
feature_85,0.0
feature_4904,0.0
feature_4845,0.0
feature_4844,0.0
feature_4843,0.0
feature_4842,0.0
feature_4841,0.0
feature_4840,0.0
feature_4839,0.0
feature_4838,0.0
feature_4837,0.0
feature_4836,0.0
feature_4869,0.0
feature_4834,0.0
feature_4833,0.0
feature_4832,0.0
feature_4831,0.0
feature_4830,0.0
feature_4829,0.0
feature_4828,0.0
feature_4827,0.0
feature_4826,0.0
feature_4825,0.0
feature_4824,0.0
feature_4835,0.0
feature_4868,0.0
feature_4867,0.0
feature_4866,0.0
feature_4865,0.0
feature_4864,0.0
feature_4863,0.0
feature_4862,0.0
feature_4861,0.0
feature_4860,0.0
feature_4859,0.0
feature_4846,0.0
feature_4857,0.0
feature_4856,0.0
feature_4855,0.0
feature_4854,0.0
feature_4853,0.0
feature_4852,0.0
feature_4851,0.0
feature_4850,0.0
feature_4849,0.0
feature_4848,0.0
feature_4847,0.0
feature_4858,0.0
feature_5356,0.0
feature_5355,0.0
feature_5354,0.0
feature_5353,0.0
feature_5352,0.0
feature_5351,0.0
feature_5350,0.0
feature_5349,0.0
feature_5348,0.0
feature_5347,0.0
feature_5101,0.0
feature_5345,0.0
feature_5344,0.0
feature_5343,0.0
feature_5342,0.0
feature_5341,0.0
feature_5340,0.0
feature_5339,0.0
feature_5338,0.0
feature_5337,0.0
feature_5336,0.0
feature_5346,0.0
feature_5380,0.0
feature_5379,0.0
feature_5378,0.0
feature_5377,0.0
feature_5376,0.0
feature_5375,0.0
feature_5374,0.0
feature_5373,0.0
feature_5372,0.0
feature_65,0.0
feature_5357,0.0
feature_5368,0.0
feature_5367,0.0
feature_5366,0.0
feature_5365,0.0
feature_5364,0.0
feature_5363,0.0
feature_5362,0.0
feature_5361,0.0
feature_5360,0.0
feature_67,0.0
feature_5358,0.0
feature_5369,0.0
feature_5311,0.0
feature_5310,0.0
feature_5309,0.0
feature_5308,0.0
feature_69,0.0
feature_5306,0.0
feature_5305,0.0
feature_5304,0.0
feature_5303,0.0
feature_5302,0.0
feature_5335,0.0
feature_5300,0.0
feature_5299,0.0
feature_5298,0.0
feature_5297,0.0
feature_5296,0.0
feature_70,0.0
feature_5294,0.0
feature_5293,0.0
feature_5292,0.0
feature_5291,0.0
feature_5290,0.0
feature_5301,0.0
feature_5334,0.0
feature_5333,0.0
feature_5332,0.0
feature_5331,0.0
feature_5330,0.0
feature_5329,0.0
feature_5328,0.0
feature_5327,0.0
feature_5326,0.0
feature_68,0.0
feature_5312,0.0
feature_5323,0.0
feature_5322,0.0
feature_5321,0.0
feature_5320,0.0
feature_5319,0.0
feature_5318,0.0
feature_5317,0.0
feature_5316,0.0
feature_5315,0.0
feature_5314,0.0
feature_5313,0.0
feature_5324,0.0
feature_5449,0.0
feature_5448,0.0
feature_5447,0.0
feature_5446,0.0
feature_5445,0.0
feature_5444,0.0
feature_5443,0.0
feature_5442,0.0
feature_5441,0.0
feature_5440,0.0
feature_64,0.0
feature_5438,0.0
feature_5437,0.0
feature_5436,0.0
feature_5435,0.0
feature_5434,0.0
feature_5433,0.0
feature_5432,0.0
feature_5431,0.0
feature_5430,0.0
feature_5429,0.0
feature_5428,0.0
feature_5439,0.0
feature_5472,0.0
feature_5471,0.0
feature_5470,0.0
feature_5469,0.0
feature_5468,0.0
feature_5467,0.0
feature_5466,0.0
feature_5465,0.0
feature_5464,0.0
feature_5463,0.0
feature_5450,0.0
feature_5461,0.0
feature_5460,0.0
feature_5459,0.0
feature_5458,0.0
feature_5457,0.0
feature_5456,0.0
feature_5455,0.0
feature_5454,0.0
feature_5453,0.0
feature_5452,0.0
feature_5451,0.0
feature_5462,0.0
feature_5403,0.0
feature_60,0.0
feature_5401,0.0
feature_5400,0.0
feature_5399,0.0
feature_5398,0.0
feature_5397,0.0
feature_5396,0.0
feature_5395,0.0
feature_5394,0.0
feature_5427,0.0
feature_5392,0.0
feature_5391,0.0
feature_61,0.0
feature_5389,0.0
feature_5388,0.0
feature_5387,0.0
feature_5386,0.0
feature_62,0.0
feature_5384,0.0
feature_5383,0.0
feature_63,0.0
feature_5393,0.0
feature_5426,0.0
feature_5425,0.0
feature_5424,0.0
feature_5423,0.0
feature_5422,0.0
feature_5421,0.0
feature_5420,0.0
feature_5419,0.0
feature_5418,0.0
feature_5417,0.0
feature_5404,0.0
feature_5415,0.0
feature_5414,0.0
feature_5413,0.0
feature_5412,0.0
feature_5411,0.0
feature_5410,0.0
feature_5409,0.0
feature_5408,0.0
feature_5407,0.0
feature_59,0.0
feature_5405,0.0
feature_5416,0.0
feature_5170,0.0
feature_5169,0.0
feature_5168,0.0
feature_5167,0.0
feature_5166,0.0
feature_5165,0.0
feature_73,0.0
feature_5163,0.0
feature_5162,0.0
feature_5161,0.0
feature_5289,0.0
feature_5159,0.0
feature_5158,0.0
feature_5157,0.0
feature_5156,0.0
feature_5155,0.0
feature_5154,0.0
feature_5153,0.0
feature_5152,0.0
feature_5151,0.0
feature_5150,0.0
feature_5149,0.0
feature_5160,0.0
feature_5196,0.0
feature_5195,0.0
feature_5193,0.0
feature_5192,0.0
feature_5191,0.0
feature_5190,0.0
feature_5188,0.0
feature_5187,0.0
feature_5186,0.0
feature_5185,0.0
feature_5171,0.0
feature_5183,0.0
feature_5182,0.0
feature_5181,0.0
feature_5180,0.0
feature_5179,0.0
feature_5178,0.0
feature_5177,0.0
feature_5176,0.0
feature_5175,0.0
feature_5173,0.0
feature_5172,0.0
feature_5184,0.0
feature_5123,0.0
feature_76,0.0
feature_5121,0.0
feature_5120,0.0
feature_77,0.0
feature_78,0.0
feature_5117,0.0
feature_5116,0.0
feature_5115,0.0
feature_5114,0.0
feature_74,0.0
feature_5112,0.0
feature_5111,0.0
feature_5110,0.0
feature_5109,0.0
feature_5108,0.0
feature_5107,0.0
feature_5106,0.0
feature_5105,0.0
feature_5104,0.0
feature_5103,0.0
feature_5102,0.0
feature_5113,0.0
feature_5147,0.0
feature_75,0.0
feature_5145,0.0
feature_5144,0.0
feature_5143,0.0
feature_5142,0.0
feature_5141,0.0
feature_5140,0.0
feature_5139,0.0
feature_5138,0.0
feature_5124,0.0
feature_5136,0.0
feature_5134,0.0
feature_5133,0.0
feature_5132,0.0
feature_5131,0.0
feature_5130,0.0
feature_5129,0.0
feature_5128,0.0
feature_5127,0.0
feature_5126,0.0
feature_5125,0.0
feature_5137,0.0
feature_5265,0.0
feature_5264,0.0
feature_5263,0.0
feature_5262,0.0
feature_5261,0.0
feature_5260,0.0
feature_5259,0.0
feature_5258,0.0
feature_5257,0.0
feature_5256,0.0
feature_5197,0.0
feature_5254,0.0
feature_5253,0.0
feature_5252,0.0
feature_5251,0.0
feature_5250,0.0
feature_5249,0.0
feature_5248,0.0
feature_5247,0.0
feature_5246,0.0
feature_5245,0.0
feature_5244,0.0
feature_5255,0.0
feature_5288,0.0
feature_5287,0.0
feature_5286,0.0
feature_5285,0.0
feature_5284,0.0
feature_5283,0.0
feature_5282,0.0
feature_5281,0.0
feature_5280,0.0
feature_5279,0.0
feature_5266,0.0
feature_5277,0.0
feature_5276,0.0
feature_5275,0.0
feature_5274,0.0
feature_5273,0.0
feature_5272,0.0
feature_5271,0.0
feature_5270,0.0
feature_5269,0.0
feature_5268,0.0
feature_5267,0.0
feature_5278,0.0
feature_5219,0.0
feature_5218,0.0
feature_5217,0.0
feature_5216,0.0
feature_5215,0.0
feature_5214,0.0
feature_5213,0.0
feature_5212,0.0
feature_5211,0.0
feature_5210,0.0
feature_5243,0.0
feature_5208,0.0
feature_5207,0.0
feature_5206,0.0
feature_5205,0.0
feature_5204,0.0
feature_5203,0.0
feature_5202,0.0
feature_5201,0.0
feature_5200,0.0
feature_5199,0.0
feature_5198,0.0
feature_5209,0.0
feature_5242,0.0
feature_5241,0.0
feature_5240,0.0
feature_5239,0.0
feature_5238,0.0
feature_71,0.0
feature_5236,0.0
feature_5235,0.0
feature_5234,0.0
feature_5233,0.0
feature_5220,0.0
feature_5231,0.0
feature_5230,0.0
feature_5229,0.0
feature_5228,0.0
feature_5227,0.0
feature_5226,0.0
feature_5225,0.0
feature_5224,0.0
feature_72,0.0
feature_5222,0.0
feature_5221,0.0
feature_5232,0.0
feature_1310,0.0
feature_1309,0.0
feature_1308,0.0
feature_1307,0.0
feature_1306,0.0
feature_1305,0.0
feature_1304,0.0
feature_1303,0.0
feature_279,0.0
feature_1301,0.0
feature_3267,0.0
feature_1299,0.0
feature_1298,0.0
feature_1297,0.0
feature_1296,0.0
feature_1295,0.0
feature_1294,0.0
feature_1293,0.0
feature_1292,0.0
feature_1291,0.0
feature_1290,0.0
feature_1300,0.0
feature_1334,0.0
feature_1333,0.0
feature_1332,0.0
feature_1331,0.0
feature_1330,0.0
feature_1329,0.0
feature_1328,0.0
feature_1327,0.0
feature_1326,0.0
feature_1325,0.0
feature_1311,0.0
feature_1323,0.0
feature_1322,0.0
feature_1321,0.0
feature_1319,0.0
feature_1318,0.0
feature_1317,0.0
feature_1316,0.0
feature_1315,0.0
feature_1314,0.0
feature_1313,0.0
feature_1312,0.0
feature_1324,0.0
feature_1265,0.0
feature_1264,0.0
feature_1263,0.0
feature_1262,0.0
feature_1261,0.0
feature_281,0.0
feature_1259,0.0
feature_1258,0.0
feature_1257,0.0
feature_1256,0.0
feature_1289,0.0
feature_1254,0.0
feature_1253,0.0
feature_1252,0.0
feature_1251,0.0
feature_1250,0.0
feature_1249,0.0
feature_1248,0.0
feature_1247,0.0
feature_282,0.0
feature_1245,0.0
feature_1244,0.0
feature_1255,0.0
feature_1288,0.0
feature_1287,0.0
feature_1286,0.0
feature_1285,0.0
feature_1284,0.0
feature_1283,0.0
feature_1282,0.0
feature_1281,0.0
feature_1280,0.0
feature_1279,0.0
feature_1266,0.0
feature_1277,0.0
feature_1276,0.0
feature_1275,0.0
feature_1274,0.0
feature_280,0.0
feature_1272,0.0
feature_1271,0.0
feature_1270,0.0
feature_1269,0.0
feature_1268,0.0
feature_1267,0.0
feature_1278,0.0
feature_1403,0.0
feature_1402,0.0
feature_1401,0.0
feature_1400,0.0
feature_1399,0.0
feature_1398,0.0
feature_1397,0.0
feature_1396,0.0
feature_1395,0.0
feature_1394,0.0
feature_1335,0.0
feature_1392,0.0
feature_1391,0.0
feature_1390,0.0
feature_1389,0.0
feature_1388,0.0
feature_1387,0.0
feature_1386,0.0
feature_1385,0.0
feature_1384,0.0
feature_1383,0.0
feature_1382,0.0
feature_1393,0.0
feature_1426,0.0
feature_274,0.0
feature_1424,0.0
feature_275,0.0
feature_1422,0.0
feature_1421,0.0
feature_1420,0.0
feature_1419,0.0
feature_1418,0.0
feature_1417,0.0
feature_1404,0.0
feature_1415,0.0
feature_1414,0.0
feature_1413,0.0
feature_1412,0.0
feature_1411,0.0
feature_1410,0.0
feature_1409,0.0
feature_1408,0.0
feature_1407,0.0
feature_1406,0.0
feature_1405,0.0
feature_276,0.0
feature_1357,0.0
feature_1356,0.0
feature_1355,0.0
feature_1354,0.0
feature_1353,0.0
feature_1352,0.0
feature_1351,0.0
feature_1350,0.0
feature_1349,0.0
feature_1348,0.0
feature_1381,0.0
feature_1346,0.0
feature_1345,0.0
feature_1344,0.0
feature_1343,0.0
feature_1342,0.0
feature_1341,0.0
feature_1340,0.0
feature_1339,0.0
feature_1338,0.0
feature_1337,0.0
feature_1336,0.0
feature_1347,0.0
feature_1380,0.0
feature_1379,0.0
feature_1378,0.0
feature_1377,0.0
feature_1376,0.0
feature_1375,0.0
feature_1374,0.0
feature_1373,0.0
feature_1372,0.0
feature_277,0.0
feature_1358,0.0
feature_1369,0.0
feature_1368,0.0
feature_1367,0.0
feature_1366,0.0
feature_1365,0.0
feature_1364,0.0
feature_1363,0.0
feature_1362,0.0
feature_1361,0.0
feature_1360,0.0
feature_1359,0.0
feature_278,0.0
feature_1127,0.0
feature_1126,0.0
feature_1125,0.0
feature_1124,0.0
feature_1123,0.0
feature_1122,0.0
feature_1121,0.0
feature_1120,0.0
feature_1119,0.0
feature_1118,0.0
feature_1243,0.0
feature_1116,0.0
feature_1115,0.0
feature_1114,0.0
feature_286,0.0
feature_1112,0.0
feature_1111,0.0
feature_1110,0.0
feature_1109,0.0
feature_1108,0.0
feature_1107,0.0
feature_1106,0.0
feature_1117,0.0
feature_1150,0.0
feature_1149,0.0
feature_1148,0.0
feature_1147,0.0
feature_1146,0.0
feature_1145,0.0
feature_1144,0.0
feature_1143,0.0
feature_1142,0.0
feature_1141,0.0
feature_1128,0.0
feature_1139,0.0
feature_1138,0.0
feature_1137,0.0
feature_1136,0.0
feature_1135,0.0
feature_1134,0.0
feature_1133,0.0
feature_1132,0.0
feature_1131,0.0
feature_1130,0.0
feature_1129,0.0
feature_1140,0.0
feature_1081,0.0
feature_1079,0.0
feature_1078,0.0
feature_1077,0.0
feature_1076,0.0
feature_1075,0.0
feature_1074,0.0
feature_1073,0.0
feature_1072,0.0
feature_1071,0.0
feature_1105,0.0
feature_1069,0.0
feature_1068,0.0
feature_1067,0.0
feature_1066,0.0
feature_1065,0.0
feature_1064,0.0
feature_291,0.0
feature_1062,0.0
feature_292,0.0
feature_1060,0.0
feature_1059,0.0
feature_290,0.0
feature_1104,0.0
feature_1103,0.0
feature_1102,0.0
feature_1101,0.0
feature_1100,0.0
feature_1099,0.0
feature_1098,0.0
feature_287,0.0
feature_1096,0.0
feature_1095,0.0
feature_1082,0.0
feature_1093,0.0
feature_1092,0.0
feature_288,0.0
feature_1090,0.0
feature_1089,0.0
feature_1088,0.0
feature_289,0.0
feature_1086,0.0
feature_1085,0.0
feature_1084,0.0
feature_1083,0.0
feature_1094,0.0
feature_1219,0.0
feature_1218,0.0
feature_1217,0.0
feature_1216,0.0
feature_1215,0.0
feature_1214,0.0
feature_1213,0.0
feature_1212,0.0
feature_1211,0.0
feature_1210,0.0
feature_1151,0.0
feature_1208,0.0
feature_1207,0.0
feature_1206,0.0
feature_1205,0.0
feature_1204,0.0
feature_1203,0.0
feature_1202,0.0
feature_1201,0.0
feature_1200,0.0
feature_1199,0.0
feature_1198,0.0
feature_1209,0.0
feature_1242,0.0
feature_1241,0.0
feature_1240,0.0
feature_1239,0.0
feature_1238,0.0
feature_1237,0.0
feature_1236,0.0
feature_1235,0.0
feature_1234,0.0
feature_1233,0.0
feature_1220,0.0
feature_1231,0.0
feature_1230,0.0
feature_1229,0.0
feature_1228,0.0
feature_1227,0.0
feature_1226,0.0
feature_1225,0.0
feature_283,0.0
feature_1223,0.0
feature_1222,0.0
feature_1221,0.0
feature_1232,0.0
feature_1173,0.0
feature_1172,0.0
feature_1171,0.0
feature_1170,0.0
feature_1169,0.0
feature_1168,0.0
feature_1167,0.0
feature_1166,0.0
feature_1165,0.0
feature_1164,0.0
feature_1197,0.0
feature_1162,0.0
feature_1161,0.0
feature_1160,0.0
feature_1159,0.0
feature_1158,0.0
feature_1157,0.0
feature_1156,0.0
feature_1155,0.0
feature_1154,0.0
feature_1153,0.0
feature_1152,0.0
feature_1163,0.0
feature_1196,0.0
feature_1195,0.0
feature_1194,0.0
feature_1193,0.0
feature_1192,0.0
feature_284,0.0
feature_285,0.0
feature_1189,0.0
feature_1188,0.0
feature_1187,0.0
feature_1174,0.0
feature_1185,0.0
feature_1184,0.0
feature_1183,0.0
feature_1182,0.0
feature_1181,0.0
feature_1180,0.0
feature_1179,0.0
feature_1178,0.0
feature_1177,0.0
feature_1176,0.0
feature_1175,0.0
feature_1186,0.0
feature_258,0.0
feature_259,0.0
feature_1679,0.0
feature_1678,0.0
feature_1677,0.0
feature_1676,0.0
feature_1675,0.0
feature_260,0.0
feature_1673,0.0
feature_1672,0.0
feature_1427,0.0
feature_1670,0.0
feature_1669,0.0
feature_1668,0.0
feature_1667,0.0
feature_1666,0.0
feature_1665,0.0
feature_1664,0.0
feature_1663,0.0
feature_1662,0.0
feature_1661,0.0
feature_1671,0.0
feature_1704,0.0
feature_1703,0.0
feature_1702,0.0
feature_1701,0.0
feature_1700,0.0
feature_1699,0.0
feature_1698,0.0
feature_1697,0.0
feature_1696,0.0
feature_1695,0.0
feature_1682,0.0
feature_1693,0.0
feature_1692,0.0
feature_1691,0.0
feature_1690,0.0
feature_1689,0.0
feature_1688,0.0
feature_1687,0.0
feature_1686,0.0
feature_1685,0.0
feature_1684,0.0
feature_1683,0.0
feature_1694,0.0
feature_1636,0.0
feature_1635,0.0
feature_1634,0.0
feature_1633,0.0
feature_1632,0.0
feature_1631,0.0
feature_1630,0.0
feature_1629,0.0
feature_1628,0.0
feature_1627,0.0
feature_1660,0.0
feature_263,0.0
feature_1624,0.0
feature_1623,0.0
feature_1622,0.0
feature_1621,0.0
feature_1620,0.0
feature_1619,0.0
feature_1618,0.0
feature_1617,0.0
feature_1616,0.0
feature_1615,0.0
feature_1626,0.0
feature_1659,0.0
feature_1658,0.0
feature_1657,0.0
feature_1656,0.0
feature_1655,0.0
feature_1654,0.0
feature_1653,0.0
feature_1652,0.0
feature_1651,0.0
feature_1650,0.0
feature_1637,0.0
feature_1648,0.0
feature_1647,0.0
feature_1646,0.0
feature_1645,0.0
feature_1644,0.0
feature_1643,0.0
feature_1642,0.0
feature_1641,0.0
feature_1640,0.0
feature_261,0.0
feature_262,0.0
feature_1649,0.0
feature_1773,0.0
feature_1772,0.0
feature_1771,0.0
feature_1770,0.0
feature_1769,0.0
feature_1768,0.0
feature_253,0.0
feature_1766,0.0
feature_254,0.0
feature_1764,0.0
feature_1705,0.0
feature_1762,0.0
feature_1761,0.0
feature_1760,0.0
feature_255,0.0
feature_1758,0.0
feature_1757,0.0
feature_1756,0.0
feature_256,0.0
feature_1754,0.0
feature_1753,0.0
feature_1752,0.0
feature_1763,0.0
feature_1796,0.0
feature_1795,0.0
feature_1794,0.0
feature_1793,0.0
feature_1792,0.0
feature_1791,0.0
feature_1790,0.0
feature_1789,0.0
feature_1788,0.0
feature_1787,0.0
feature_1774,0.0
feature_1785,0.0
feature_1784,0.0
feature_1783,0.0
feature_1782,0.0
feature_1781,0.0
feature_1780,0.0
feature_1779,0.0
feature_1778,0.0
feature_1777,0.0
feature_1776,0.0
feature_1775,0.0
feature_1786,0.0
feature_1727,0.0
feature_1726,0.0
feature_1725,0.0
feature_1724,0.0
feature_1723,0.0
feature_1722,0.0
feature_1721,0.0
feature_1720,0.0
feature_1719,0.0
feature_1718,0.0
feature_1751,0.0
feature_1716,0.0
feature_1715,0.0
feature_1714,0.0
feature_1713,0.0
feature_1712,0.0
feature_1711,0.0
feature_1710,0.0
feature_1709,0.0
feature_1708,0.0
feature_1707,0.0
feature_1706,0.0
feature_1717,0.0
feature_1750,0.0
feature_1749,0.0
feature_1748,0.0
feature_1747,0.0
feature_1746,0.0
feature_1745,0.0
feature_1744,0.0
feature_1743,0.0
feature_1742,0.0
feature_1741,0.0
feature_1728,0.0
feature_1739,0.0
feature_1738,0.0
feature_1737,0.0
feature_1736,0.0
feature_1735,0.0
feature_1734,0.0
feature_1733,0.0
feature_1732,0.0
feature_257,0.0
feature_1730,0.0
feature_1729,0.0
feature_1740,0.0
feature_1498,0.0
feature_1497,0.0
feature_1496,0.0
feature_1495,0.0
feature_1493,0.0
feature_1492,0.0
feature_1491,0.0
feature_1490,0.0
feature_1489,0.0
feature_1488,0.0
feature_1614,0.0
feature_268,0.0
feature_1485,0.0
feature_1484,0.0
feature_1483,0.0
feature_1482,0.0
feature_1481,0.0
feature_271,0.0
feature_1479,0.0
feature_1478,0.0
feature_1477,0.0
feature_1476,0.0
feature_1487,0.0
feature_1521,0.0
feature_1520,0.0
feature_1519,0.0
feature_1518,0.0
feature_1517,0.0
feature_1516,0.0
feature_1515,0.0
feature_1514,0.0
feature_1513,0.0
feature_1512,0.0
feature_1499,0.0
feature_1510,0.0
feature_1509,0.0
feature_1508,0.0
feature_1507,0.0
feature_1506,0.0
feature_1505,0.0
feature_1504,0.0
feature_1503,0.0
feature_1502,0.0
feature_1501,0.0
feature_1500,0.0
feature_1511,0.0
feature_1449,0.0
feature_1448,0.0
feature_1447,0.0
feature_1446,0.0
feature_1445,0.0
feature_1444,0.0
feature_1443,0.0
feature_1442,0.0
feature_1441,0.0
feature_1440,0.0
feature_1475,0.0
feature_1438,0.0
feature_1437,0.0
feature_1436,0.0
feature_1435,0.0
feature_1434,0.0
feature_1433,0.0
feature_1432,0.0
feature_1431,0.0
feature_1430,0.0
feature_1429,0.0
feature_1428,0.0
feature_273,0.0
feature_1474,0.0
feature_1473,0.0
feature_1472,0.0
feature_1471,0.0
feature_1470,0.0
feature_1469,0.0
feature_1467,0.0
feature_1466,0.0
feature_1465,0.0
feature_1464,0.0
feature_1450,0.0
feature_1461,0.0
feature_1460,0.0
feature_1459,0.0
feature_1458,0.0
feature_1457,0.0
feature_1456,0.0
feature_272,0.0
feature_1454,0.0
feature_1453,0.0
feature_1452,0.0
feature_1451,0.0
feature_1463,0.0
feature_1590,0.0
feature_1589,0.0
feature_1588,0.0
feature_1587,0.0
feature_1586,0.0
feature_1585,0.0
feature_265,0.0
feature_1583,0.0
feature_266,0.0
feature_1581,0.0
feature_1522,0.0
feature_267,0.0
feature_1578,0.0
feature_1577,0.0
feature_1576,0.0
feature_1575,0.0
feature_1574,0.0
feature_1573,0.0
feature_1572,0.0
feature_1571,0.0
feature_1570,0.0
feature_1569,0.0
feature_1580,0.0
feature_1613,0.0
feature_1612,0.0
feature_1611,0.0
feature_1610,0.0
feature_1609,0.0
feature_1608,0.0
feature_1607,0.0
feature_1606,0.0
feature_1605,0.0
feature_1604,0.0
feature_1591,0.0
feature_1602,0.0
feature_1601,0.0
feature_1600,0.0
feature_1599,0.0
feature_1598,0.0
feature_1597,0.0
feature_1596,0.0
feature_1595,0.0
feature_1594,0.0
feature_1593,0.0
feature_264,0.0
feature_1603,0.0
feature_1544,0.0
feature_1543,0.0
feature_1542,0.0
feature_1541,0.0
feature_1540,0.0
feature_1539,0.0
feature_1538,0.0
feature_1537,0.0
feature_1536,0.0
feature_1535,0.0
feature_1568,0.0
feature_1533,0.0
feature_1532,0.0
feature_1531,0.0
feature_1530,0.0
feature_1529,0.0
feature_1528,0.0
feature_1527,0.0
feature_1526,0.0
feature_1525,0.0
feature_1524,0.0
feature_1523,0.0
feature_1534,0.0
feature_1567,0.0
feature_1566,0.0
feature_1565,0.0
feature_1564,0.0
feature_1563,0.0
feature_1562,0.0
feature_1561,0.0
feature_1560,0.0
feature_1559,0.0
feature_1558,0.0
feature_1545,0.0
feature_1556,0.0
feature_1555,0.0
feature_1554,0.0
feature_1553,0.0
feature_1552,0.0
feature_1551,0.0
feature_1550,0.0
feature_1549,0.0
feature_1548,0.0
feature_1547,0.0
feature_1546,0.0
feature_1557,0.0
feature_572,0.0
feature_571,0.0
feature_570,0.0
feature_569,0.0
feature_568,0.0
feature_567,0.0
feature_566,0.0
feature_565,0.0
feature_564,0.0
feature_563,0.0
feature_293,0.0
feature_561,0.0
feature_560,0.0
feature_559,0.0
feature_558,0.0
feature_557,0.0
feature_556,0.0
feature_555,0.0
feature_554,0.0
feature_553,0.0
feature_552,0.0
feature_562,0.0
feature_595,0.0
feature_594,0.0
feature_593,0.0
feature_592,0.0
feature_591,0.0
feature_590,0.0
feature_589,0.0
feature_588,0.0
feature_587,0.0
feature_586,0.0
feature_573,0.0
feature_584,0.0
feature_583,0.0
feature_582,0.0
feature_315,0.0
feature_580,0.0
feature_579,0.0
feature_578,0.0
feature_577,0.0
feature_576,0.0
feature_575,0.0
feature_574,0.0
feature_314,0.0
feature_527,0.0
feature_526,0.0
feature_525,0.0
feature_524,0.0
feature_523,0.0
feature_522,0.0
feature_521,0.0
feature_520,0.0
feature_519,0.0
feature_518,0.0
feature_551,0.0
feature_516,0.0
feature_515,0.0
feature_514,0.0
feature_513,0.0
feature_512,0.0
feature_511,0.0
feature_510,0.0
feature_317,0.0
feature_508,0.0
feature_507,0.0
feature_506,0.0
feature_517,0.0
feature_550,0.0
feature_549,0.0
feature_548,0.0
feature_547,0.0
feature_546,0.0
feature_545,0.0
feature_544,0.0
feature_543,0.0
feature_542,0.0
feature_541,0.0
feature_528,0.0
feature_539,0.0
feature_538,0.0
feature_537,0.0
feature_536,0.0
feature_535,0.0
feature_534,0.0
feature_533,0.0
feature_532,0.0
feature_531,0.0
feature_316,0.0
feature_529,0.0
feature_540,0.0
feature_664,0.0
feature_663,0.0
feature_662,0.0
feature_661,0.0
feature_660,0.0
feature_659,0.0
feature_658,0.0
feature_657,0.0
feature_656,0.0
feature_655,0.0
feature_596,0.0
feature_653,0.0
feature_652,0.0
feature_651,0.0
feature_650,0.0
feature_649,0.0
feature_648,0.0
feature_647,0.0
feature_646,0.0
feature_645,0.0
feature_644,0.0
feature_643,0.0
feature_654,0.0
feature_687,0.0
feature_686,0.0
feature_685,0.0
feature_684,0.0
feature_683,0.0
feature_682,0.0
feature_681,0.0
feature_680,0.0
feature_679,0.0
feature_678,0.0
feature_665,0.0
feature_676,0.0
feature_675,0.0
feature_674,0.0
feature_673,0.0
feature_672,0.0
feature_312,0.0
feature_670,0.0
feature_669,0.0
feature_668,0.0
feature_667,0.0
feature_666,0.0
feature_677,0.0
feature_618,0.0
feature_617,0.0
feature_616,0.0
feature_615,0.0
feature_614,0.0
feature_613,0.0
feature_612,0.0
feature_611,0.0
feature_610,0.0
feature_609,0.0
feature_642,0.0
feature_607,0.0
feature_606,0.0
feature_605,0.0
feature_604,0.0
feature_603,0.0
feature_602,0.0
feature_313,0.0
feature_600,0.0
feature_599,0.0
feature_598,0.0
feature_597,0.0
feature_608,0.0
feature_641,0.0
feature_640,0.0
feature_639,0.0
feature_638,0.0
feature_637,0.0
feature_636,0.0
feature_635,0.0
feature_634,0.0
feature_633,0.0
feature_632,0.0
feature_619,0.0
feature_630,0.0
feature_629,0.0
feature_628,0.0
feature_627,0.0
feature_626,0.0
feature_625,0.0
feature_624,0.0
feature_623,0.0
feature_622,0.0
feature_621,0.0
feature_620,0.0
feature_631,0.0
feature_320,0.0
feature_388,0.0
feature_387,0.0
feature_386,0.0
feature_385,0.0
feature_384,0.0
feature_383,0.0
feature_382,0.0
feature_381,0.0
feature_380,0.0
feature_505,0.0
feature_378,0.0
feature_377,0.0
feature_376,0.0
feature_375,0.0
feature_374,0.0
feature_373,0.0
feature_372,0.0
feature_371,0.0
feature_370,0.0
feature_369,0.0
feature_368,0.0
feature_379,0.0
feature_412,0.0
feature_411,0.0
feature_410,0.0
feature_409,0.0
feature_408,0.0
feature_407,0.0
feature_406,0.0
feature_405,0.0
feature_404,0.0
feature_403,0.0
feature_390,0.0
feature_401,0.0
feature_400,0.0
feature_399,0.0
feature_398,0.0
feature_397,0.0
feature_396,0.0
feature_395,0.0
feature_394,0.0
feature_393,0.0
feature_392,0.0
feature_391,0.0
feature_402,0.0
feature_343,0.0
feature_342,0.0
feature_341,0.0
feature_340,0.0
feature_339,0.0
feature_338,0.0
feature_337,0.0
feature_336,0.0
feature_335,0.0
feature_334,0.0
feature_367,0.0
feature_332,0.0
feature_331,0.0
feature_330,0.0
feature_329,0.0
feature_328,0.0
feature_327,0.0
feature_326,0.0
feature_325,0.0
feature_321,0.0
feature_323,0.0
feature_322,0.0
feature_333,0.0
feature_366,0.0
feature_365,0.0
feature_364,0.0
feature_363,0.0
feature_362,0.0
feature_361,0.0
feature_360,0.0
feature_359,0.0
feature_358,0.0
feature_357,0.0
feature_344,0.0
feature_355,0.0
feature_354,0.0
feature_353,0.0
feature_352,0.0
feature_351,0.0
feature_350,0.0
feature_349,0.0
feature_348,0.0
feature_347,0.0
feature_346,0.0
feature_345,0.0
feature_356,0.0
feature_481,0.0
feature_480,0.0
feature_318,0.0
feature_478,0.0
feature_477,0.0
feature_476,0.0
feature_475,0.0
feature_474,0.0
feature_319,0.0
feature_472,0.0
feature_413,0.0
feature_470,0.0
feature_469,0.0
feature_468,0.0
feature_467,0.0
feature_466,0.0
feature_465,0.0
feature_464,0.0
feature_463,0.0
feature_462,0.0
feature_461,0.0
feature_460,0.0
feature_471,0.0
feature_504,0.0
feature_503,0.0
feature_502,0.0
feature_501,0.0
feature_500,0.0
feature_499,0.0
feature_498,0.0
feature_497,0.0
feature_496,0.0
feature_495,0.0
feature_482,0.0
feature_493,0.0
feature_492,0.0
feature_491,0.0
feature_490,0.0
feature_489,0.0
feature_488,0.0
feature_487,0.0
feature_486,0.0
feature_485,0.0
feature_484,0.0
feature_483,0.0
feature_494,0.0
feature_435,0.0
feature_434,0.0
feature_433,0.0
feature_432,0.0
feature_431,0.0
feature_430,0.0
feature_429,0.0
feature_428,0.0
feature_427,0.0
feature_426,0.0
feature_459,0.0
feature_424,0.0
feature_423,0.0
feature_422,0.0
feature_421,0.0
feature_420,0.0
feature_419,0.0
feature_418,0.0
feature_417,0.0
feature_416,0.0
feature_415,0.0
feature_414,0.0
feature_425,0.0
feature_458,0.0
feature_457,0.0
feature_456,0.0
feature_455,0.0
feature_454,0.0
feature_453,0.0
feature_452,0.0
feature_451,0.0
feature_450,0.0
feature_449,0.0
feature_436,0.0
feature_447,0.0
feature_446,0.0
feature_445,0.0
feature_444,0.0
feature_443,0.0
feature_442,0.0
feature_441,0.0
feature_440,0.0
feature_439,0.0
feature_438,0.0
feature_437,0.0
feature_448,0.0
feature_942,0.0
feature_941,0.0
feature_940,0.0
feature_939,0.0
feature_300,0.0
feature_937,0.0
feature_936,0.0
feature_935,0.0
feature_934,0.0
feature_933,0.0
feature_688,0.0
feature_931,0.0
feature_930,0.0
feature_929,0.0
feature_928,0.0
feature_927,0.0
feature_926,0.0
feature_925,0.0
feature_924,0.0
feature_923,0.0
feature_922,0.0
feature_921,0.0
feature_932,0.0
feature_965,0.0
feature_299,0.0
feature_963,0.0
feature_962,0.0
feature_961,0.0
feature_960,0.0
feature_959,0.0
feature_958,0.0
feature_957,0.0
feature_956,0.0
feature_943,0.0
feature_954,0.0
feature_953,0.0
feature_952,0.0
feature_951,0.0
feature_950,0.0
feature_949,0.0
feature_948,0.0
feature_947,0.0
feature_946,0.0
feature_945,0.0
feature_944,0.0
feature_955,0.0
feature_896,0.0
feature_301,0.0
feature_894,0.0
feature_893,0.0
feature_892,0.0
feature_891,0.0
feature_890,0.0
feature_889,0.0
feature_888,0.0
feature_887,0.0
feature_920,0.0
feature_885,0.0
feature_884,0.0
feature_883,0.0
feature_882,0.0
feature_881,0.0
feature_880,0.0
feature_879,0.0
feature_878,0.0
feature_877,0.0
feature_876,0.0
feature_875,0.0
feature_886,0.0
feature_919,0.0
feature_918,0.0
feature_917,0.0
feature_916,0.0
feature_915,0.0
feature_914,0.0
feature_913,0.0
feature_912,0.0
feature_911,0.0
feature_910,0.0
feature_897,0.0
feature_908,0.0
feature_907,0.0
feature_906,0.0
feature_905,0.0
feature_904,0.0
feature_903,0.0
feature_902,0.0
feature_901,0.0
feature_900,0.0
feature_899,0.0
feature_898,0.0
feature_909,0.0
feature_1034,0.0
feature_1033,0.0
feature_1032,0.0
feature_1031,0.0
feature_295,0.0
feature_1029,0.0
feature_1028,0.0
feature_1027,0.0
feature_1026,0.0
feature_1025,0.0
feature_966,0.0
feature_1023,0.0
feature_1022,0.0
feature_1021,0.0
feature_1020,0.0
feature_297,0.0
feature_1018,0.0
feature_1017,0.0
feature_1016,0.0
feature_1015,0.0
feature_1014,0.0
feature_1013,0.0
feature_1024,0.0
feature_1057,0.0
feature_1056,0.0
feature_1055,0.0
feature_1054,0.0
feature_1053,0.0
feature_1052,0.0
feature_1051,0.0
feature_1050,0.0
feature_1049,0.0
feature_1048,0.0
feature_1035,0.0
feature_1046,0.0
feature_1045,0.0
feature_1044,0.0
feature_1043,0.0
feature_294,0.0
feature_1041,0.0
feature_1040,0.0
feature_1039,0.0
feature_1038,0.0
feature_1037,0.0
feature_1036,0.0
feature_1047,0.0
feature_988,0.0
feature_987,0.0
feature_986,0.0
feature_985,0.0
feature_984,0.0
feature_983,0.0
feature_982,0.0
feature_981,0.0
feature_980,0.0
feature_979,0.0
feature_1012,0.0
feature_977,0.0
feature_976,0.0
feature_975,0.0
feature_974,0.0
feature_973,0.0
feature_972,0.0
feature_971,0.0
feature_970,0.0
feature_969,0.0
feature_968,0.0
feature_967,0.0
feature_978,0.0
feature_1011,0.0
feature_1010,0.0
feature_1009,0.0
feature_1008,0.0
feature_1007,0.0
feature_298,0.0
feature_1005,0.0
feature_1004,0.0
feature_1003,0.0
feature_1002,0.0
feature_989,0.0
feature_1000,0.0
feature_999,0.0
feature_998,0.0
feature_997,0.0
feature_996,0.0
feature_995,0.0
feature_994,0.0
feature_993,0.0
feature_992,0.0
feature_991,0.0
feature_990,0.0
feature_1001,0.0
feature_757,0.0
feature_756,0.0
feature_755,0.0
feature_754,0.0
feature_753,0.0
feature_752,0.0
feature_751,0.0
feature_750,0.0
feature_749,0.0
feature_748,0.0
feature_874,0.0
feature_746,0.0
feature_745,0.0
feature_744,0.0
feature_743,0.0
feature_742,0.0
feature_741,0.0
feature_302,0.0
feature_739,0.0
feature_738,0.0
feature_737,0.0
feature_736,0.0
feature_747,0.0
feature_780,0.0
feature_779,0.0
feature_778,0.0
feature_777,0.0
feature_776,0.0
feature_775,0.0
feature_774,0.0
feature_773,0.0
feature_772,0.0
feature_771,0.0
feature_758,0.0
feature_769,0.0
feature_768,0.0
feature_767,0.0
feature_766,0.0
feature_765,0.0
feature_764,0.0
feature_763,0.0
feature_762,0.0
feature_761,0.0
feature_760,0.0
feature_759,0.0
feature_770,0.0
feature_710,0.0
feature_709,0.0
feature_307,0.0
feature_707,0.0
feature_706,0.0
feature_705,0.0
feature_308,0.0
feature_703,0.0
feature_702,0.0
feature_701,0.0
feature_735,0.0
feature_699,0.0
feature_698,0.0
feature_697,0.0
feature_696,0.0
feature_310,0.0
feature_694,0.0
feature_693,0.0
feature_692,0.0
feature_691,0.0
feature_690,0.0
feature_311,0.0
feature_309,0.0
feature_303,0.0
feature_733,0.0
feature_732,0.0
feature_731,0.0
feature_730,0.0
feature_729,0.0
feature_728,0.0
feature_727,0.0
feature_726,0.0
feature_725,0.0
feature_711,0.0
feature_723,0.0
feature_722,0.0
feature_721,0.0
feature_720,0.0
feature_719,0.0
feature_304,0.0
feature_716,0.0
feature_715,0.0
feature_714,0.0
feature_713,0.0
feature_306,0.0
feature_724,0.0
feature_850,0.0
feature_849,0.0
feature_848,0.0
feature_847,0.0
feature_846,0.0
feature_844,0.0
feature_843,0.0
feature_842,0.0
feature_841,0.0
feature_840,0.0
feature_781,0.0
feature_838,0.0
feature_837,0.0
feature_836,0.0
feature_835,0.0
feature_834,0.0
feature_833,0.0
feature_832,0.0
feature_831,0.0
feature_830,0.0
feature_829,0.0
feature_828,0.0
feature_839,0.0
feature_873,0.0
feature_872,0.0
feature_871,0.0
feature_870,0.0
feature_869,0.0
feature_868,0.0
feature_867,0.0
feature_866,0.0
feature_865,0.0
feature_864,0.0
feature_851,0.0
feature_862,0.0
feature_861,0.0
feature_860,0.0
feature_859,0.0
feature_858,0.0
feature_857,0.0
feature_856,0.0
feature_855,0.0
feature_854,0.0
feature_853,0.0
feature_852,0.0
feature_863,0.0
feature_803,0.0
feature_802,0.0
feature_801,0.0
feature_800,0.0
feature_799,0.0
feature_798,0.0
feature_797,0.0
feature_796,0.0
feature_795,0.0
feature_794,0.0
feature_827,0.0
feature_792,0.0
feature_791,0.0
feature_790,0.0
feature_789,0.0
feature_788,0.0
feature_787,0.0
feature_786,0.0
feature_785,0.0
feature_784,0.0
feature_783,0.0
feature_782,0.0
feature_793,0.0
feature_826,0.0
feature_825,0.0
feature_824,0.0
feature_823,0.0
feature_822,0.0
feature_821,0.0
feature_820,0.0
feature_819,0.0
feature_818,0.0
feature_817,0.0
feature_804,0.0
feature_815,0.0
feature_814,0.0
feature_813,0.0
feature_812,0.0
feature_811,0.0
feature_810,0.0
feature_809,0.0
feature_808,0.0
feature_807,0.0
feature_806,0.0
feature_805,0.0
feature_816,0.0
feature_2788,0.0
feature_2787,0.0
feature_2786,0.0
feature_2785,0.0
feature_2784,0.0
feature_2783,0.0
feature_2782,0.0
feature_2781,0.0
feature_2780,0.0
feature_2779,0.0
feature_1797,0.0
feature_2777,0.0
feature_2776,0.0
feature_2775,0.0
feature_2774,0.0
feature_2773,0.0
feature_2772,0.0
feature_2771,0.0
feature_2770,0.0
feature_2769,0.0
feature_2768,0.0
feature_2778,0.0
feature_2811,0.0
feature_2810,0.0
feature_2809,0.0
feature_2808,0.0
feature_2807,0.0
feature_192,0.0
feature_2805,0.0
feature_2804,0.0
feature_2803,0.0
feature_2802,0.0
feature_194,0.0
feature_2800,0.0
feature_2799,0.0
feature_193,0.0
feature_2797,0.0
feature_2796,0.0
feature_2795,0.0
feature_2794,0.0
feature_2793,0.0
feature_2792,0.0
feature_2791,0.0
feature_2790,0.0
feature_2801,0.0
feature_2743,0.0
feature_2742,0.0
feature_2741,0.0
feature_2740,0.0
feature_2739,0.0
feature_2738,0.0
feature_2737,0.0
feature_2736,0.0
feature_2735,0.0
feature_2734,0.0
feature_2767,0.0
feature_2732,0.0
feature_2731,0.0
feature_2730,0.0
feature_2729,0.0
feature_2728,0.0
feature_2727,0.0
feature_2726,0.0
feature_2725,0.0
feature_2724,0.0
feature_2723,0.0
feature_2722,0.0
feature_2733,0.0
feature_2766,0.0
feature_2765,0.0
feature_2764,0.0
feature_2763,0.0
feature_2762,0.0
feature_2761,0.0
feature_2760,0.0
feature_2759,0.0
feature_195,0.0
feature_2757,0.0
feature_2744,0.0
feature_2755,0.0
feature_2754,0.0
feature_2753,0.0
feature_196,0.0
feature_2751,0.0
feature_197,0.0
feature_2749,0.0
feature_2748,0.0
feature_2747,0.0
feature_2746,0.0
feature_2745,0.0
feature_2756,0.0
feature_2881,0.0
feature_2880,0.0
feature_2879,0.0
feature_2878,0.0
feature_2877,0.0
feature_2876,0.0
feature_2875,0.0
feature_2874,0.0
feature_2873,0.0
feature_2872,0.0
feature_2812,0.0
feature_2870,0.0
feature_2869,0.0
feature_2868,0.0
feature_2867,0.0
feature_2866,0.0
feature_2865,0.0
feature_2864,0.0
feature_2863,0.0
feature_2862,0.0
feature_2861,0.0
feature_2860,0.0
feature_2871,0.0
feature_2904,0.0
feature_2903,0.0
feature_2902,0.0
feature_190,0.0
feature_2900,0.0
feature_2899,0.0
feature_2898,0.0
feature_2897,0.0
feature_2896,0.0
feature_2895,0.0
feature_2882,0.0
feature_2893,0.0
feature_2892,0.0
feature_2891,0.0
feature_2890,0.0
feature_2889,0.0
feature_2888,0.0
feature_2887,0.0
feature_2886,0.0
feature_2885,0.0
feature_2884,0.0
feature_2883,0.0
feature_2894,0.0
feature_2834,0.0
feature_2833,0.0
feature_2832,0.0
feature_2831,0.0
feature_2830,0.0
feature_2829,0.0
feature_2828,0.0
feature_2827,0.0
feature_2826,0.0
feature_2825,0.0
feature_2859,0.0
feature_2823,0.0
feature_2822,0.0
feature_2821,0.0
feature_2820,0.0
feature_2819,0.0
feature_2818,0.0
feature_2817,0.0
feature_2816,0.0
feature_2815,0.0
feature_191,0.0
feature_2813,0.0
feature_2824,0.0
feature_2858,0.0
feature_2857,0.0
feature_2856,0.0
feature_2855,0.0
feature_2854,0.0
feature_2853,0.0
feature_2852,0.0
feature_2851,0.0
feature_2850,0.0
feature_2849,0.0
feature_2835,0.0
feature_2847,0.0
feature_2846,0.0
feature_2844,0.0
feature_2843,0.0
feature_2842,0.0
feature_2841,0.0
feature_2840,0.0
feature_2839,0.0
feature_2838,0.0
feature_2837,0.0
feature_2836,0.0
feature_2848,0.0
feature_2605,0.0
feature_203,0.0
feature_2603,0.0
feature_2602,0.0
feature_2601,0.0
feature_2600,0.0
feature_2599,0.0
feature_2598,0.0
feature_2597,0.0
feature_2596,0.0
feature_2721,0.0
feature_2594,0.0
feature_2593,0.0
feature_2592,0.0
feature_2591,0.0
feature_2590,0.0
feature_2589,0.0
feature_2588,0.0
feature_2587,0.0
feature_205,0.0
feature_2585,0.0
feature_2584,0.0
feature_2595,0.0
feature_2628,0.0
feature_2627,0.0
feature_2626,0.0
feature_2625,0.0
feature_2624,0.0
feature_2623,0.0
feature_2622,0.0
feature_2621,0.0
feature_2620,0.0
feature_2619,0.0
feature_2606,0.0
feature_2617,0.0
feature_2616,0.0
feature_2615,0.0
feature_2614,0.0
feature_2613,0.0
feature_2612,0.0
feature_2611,0.0
feature_2610,0.0
feature_2609,0.0
feature_2608,0.0
feature_2607,0.0
feature_2618,0.0
feature_2559,0.0
feature_207,0.0
feature_2557,0.0
feature_2556,0.0
feature_2555,0.0
feature_2554,0.0
feature_2553,0.0
feature_2552,0.0
feature_2551,0.0
feature_2550,0.0
feature_2583,0.0
feature_2548,0.0
feature_2547,0.0
feature_2546,0.0
feature_2545,0.0
feature_2544,0.0
feature_2543,0.0
feature_2542,0.0
feature_2541,0.0
feature_2540,0.0
feature_2539,0.0
feature_2538,0.0
feature_2549,0.0
feature_2582,0.0
feature_2581,0.0
feature_2580,0.0
feature_2579,0.0
feature_2578,0.0
feature_2577,0.0
feature_2576,0.0
feature_2575,0.0
feature_2574,0.0
feature_2573,0.0
feature_206,0.0
feature_2571,0.0
feature_2570,0.0
feature_2569,0.0
feature_2568,0.0
feature_2567,0.0
feature_2566,0.0
feature_2565,0.0
feature_2564,0.0
feature_2563,0.0
feature_2562,0.0
feature_2561,0.0
feature_2572,0.0
feature_2697,0.0
feature_2696,0.0
feature_200,0.0
feature_2694,0.0
feature_2693,0.0
feature_2692,0.0
feature_2691,0.0
feature_2690,0.0
feature_2689,0.0
feature_2688,0.0
feature_2629,0.0
feature_2686,0.0
feature_2685,0.0
feature_2684,0.0
feature_2683,0.0
feature_2682,0.0
feature_2681,0.0
feature_2680,0.0
feature_2679,0.0
feature_2678,0.0
feature_2677,0.0
feature_2676,0.0
feature_2687,0.0
feature_2720,0.0
feature_2719,0.0
feature_2718,0.0
feature_2717,0.0
feature_2716,0.0
feature_2715,0.0
feature_2714,0.0
feature_2713,0.0
feature_2712,0.0
feature_2711,0.0
feature_2698,0.0
feature_2709,0.0
feature_2708,0.0
feature_2707,0.0
feature_2706,0.0
feature_2705,0.0
feature_198,0.0
feature_2703,0.0
feature_2702,0.0
feature_2701,0.0
feature_2700,0.0
feature_2699,0.0
feature_2710,0.0
feature_2651,0.0
feature_202,0.0
feature_2649,0.0
feature_2648,0.0
feature_2647,0.0
feature_2646,0.0
feature_2645,0.0
feature_2644,0.0
feature_2643,0.0
feature_2642,0.0
feature_2675,0.0
feature_2640,0.0
feature_2639,0.0
feature_2638,0.0
feature_2637,0.0
feature_2636,0.0
feature_2635,0.0
feature_2634,0.0
feature_2633,0.0
feature_2632,0.0
feature_2631,0.0
feature_2630,0.0
feature_2641,0.0
feature_2674,0.0
feature_2673,0.0
feature_2672,0.0
feature_2671,0.0
feature_2670,0.0
feature_2669,0.0
feature_2668,0.0
feature_2667,0.0
feature_2666,0.0
feature_2665,0.0
feature_2652,0.0
feature_2663,0.0
feature_2662,0.0
feature_2661,0.0
feature_2660,0.0
feature_2659,0.0
feature_2658,0.0
feature_2657,0.0
feature_2656,0.0
feature_2655,0.0
feature_2654,0.0
feature_2653,0.0
feature_2664,0.0
feature_3158,0.0
feature_3157,0.0
feature_180,0.0
feature_3155,0.0
feature_3154,0.0
feature_3153,0.0
feature_3152,0.0
feature_3151,0.0
feature_3150,0.0
feature_3149,0.0
feature_2905,0.0
feature_3147,0.0
feature_181,0.0
feature_3145,0.0
feature_3144,0.0
feature_3143,0.0
feature_3142,0.0
feature_3141,0.0
feature_3140,0.0
feature_3139,0.0
feature_3138,0.0
feature_3148,0.0
feature_3181,0.0
feature_171,0.0
feature_172,0.0
feature_3178,0.0
feature_3177,0.0
feature_3176,0.0
feature_3175,0.0
feature_173,0.0
feature_3173,0.0
feature_3172,0.0
feature_179,0.0
feature_3170,0.0
feature_3169,0.0
feature_3168,0.0
feature_174,0.0
feature_175,0.0
feature_177,0.0
feature_178,0.0
feature_3163,0.0
feature_3162,0.0
feature_3161,0.0
feature_3160,0.0
feature_3171,0.0
feature_3112,0.0
feature_3111,0.0
feature_3110,0.0
feature_3109,0.0
feature_3108,0.0
feature_3107,0.0
feature_3106,0.0
feature_3105,0.0
feature_3104,0.0
feature_3103,0.0
feature_3137,0.0
feature_3101,0.0
feature_3100,0.0
feature_3099,0.0
feature_3098,0.0
feature_3097,0.0
feature_3096,0.0
feature_3095,0.0
feature_3094,0.0
feature_3093,0.0
feature_3092,0.0
feature_3091,0.0
feature_183,0.0
feature_3136,0.0
feature_3135,0.0
feature_3134,0.0
feature_3133,0.0
feature_3132,0.0
feature_182,0.0
feature_3129,0.0
feature_3128,0.0
feature_3127,0.0
feature_3126,0.0
feature_3113,0.0
feature_3124,0.0
feature_3123,0.0
feature_3122,0.0
feature_3121,0.0
feature_3120,0.0
feature_3119,0.0
feature_3118,0.0
feature_3117,0.0
feature_3116,0.0
feature_3115,0.0
feature_3114,0.0
feature_3125,0.0
feature_3250,0.0
feature_3249,0.0
feature_3248,0.0
feature_3247,0.0
feature_3246,0.0
feature_3245,0.0
feature_3244,0.0
feature_3243,0.0
feature_3242,0.0
feature_3241,0.0
feature_3182,0.0
feature_3239,0.0
feature_3238,0.0
feature_3237,0.0
feature_3236,0.0
feature_3235,0.0
feature_3234,0.0
feature_3233,0.0
feature_3232,0.0
feature_3231,0.0
feature_3230,0.0
feature_3229,0.0
feature_3240,0.0
feature_3274,0.0
feature_3273,0.0
feature_3272,0.0
feature_3271,0.0
feature_3270,0.0
feature_3269,0.0
feature_3268,0.0
feature_3266,0.0
feature_3265,0.0
feature_3264,0.0
feature_3251,0.0
feature_3262,0.0
feature_3261,0.0
feature_162,0.0
feature_163,0.0
feature_3258,0.0
feature_3257,0.0
feature_3256,0.0
feature_164,0.0
feature_3254,0.0
feature_3253,0.0
feature_3252,0.0
feature_3263,0.0
feature_3204,0.0
feature_168,0.0
feature_3202,0.0
feature_3201,0.0
feature_3200,0.0
feature_3199,0.0
feature_3198,0.0
feature_3197,0.0
feature_169,0.0
feature_3195,0.0
feature_3228,0.0
feature_3193,0.0
feature_3192,0.0
feature_3191,0.0
feature_3190,0.0
feature_3189,0.0
feature_3188,0.0
feature_3187,0.0
feature_170,0.0
feature_3185,0.0
feature_3184,0.0
feature_3183,0.0
feature_3194,0.0
feature_3227,0.0
feature_3226,0.0
feature_3225,0.0
feature_3224,0.0
feature_3223,0.0
feature_3222,0.0
feature_3221,0.0
feature_3220,0.0
feature_3219,0.0
feature_3218,0.0
feature_3205,0.0
feature_3216,0.0
feature_3215,0.0
feature_3214,0.0
feature_3213,0.0
feature_3212,0.0
feature_3211,0.0
feature_3210,0.0
feature_3209,0.0
feature_165,0.0
feature_166,0.0
feature_167,0.0
feature_3217,0.0
feature_2973,0.0
feature_2972,0.0
feature_2971,0.0
feature_2970,0.0
feature_2969,0.0
feature_2968,0.0
feature_2967,0.0
feature_2966,0.0
feature_2965,0.0
feature_2964,0.0
feature_3090,0.0
feature_2962,0.0
feature_2961,0.0
feature_2960,0.0
feature_2959,0.0
feature_2958,0.0
feature_2957,0.0
feature_2956,0.0
feature_2955,0.0
feature_185,0.0
feature_186,0.0
feature_2952,0.0
feature_2963,0.0
feature_2996,0.0
feature_2995,0.0
feature_2994,0.0
feature_2993,0.0
feature_2992,0.0
feature_2991,0.0
feature_2990,0.0
feature_2989,0.0
feature_2988,0.0
feature_2987,0.0
feature_2974,0.0
feature_2985,0.0
feature_2984,0.0
feature_2983,0.0
feature_2982,0.0
feature_2981,0.0
feature_2980,0.0
feature_2979,0.0
feature_2978,0.0
feature_2977,0.0
feature_2976,0.0
feature_2975,0.0
feature_2986,0.0
feature_188,0.0
feature_2926,0.0
feature_2925,0.0
feature_2924,0.0
feature_2923,0.0
feature_2922,0.0
feature_2921,0.0
feature_189,0.0
feature_2919,0.0
feature_2918,0.0
feature_2951,0.0
feature_2916,0.0
feature_2915,0.0
feature_2914,0.0
feature_2913,0.0
feature_2912,0.0
feature_2911,0.0
feature_2910,0.0
feature_2909,0.0
feature_2908,0.0
feature_2907,0.0
feature_2906,0.0
feature_2917,0.0
feature_2950,0.0
feature_2949,0.0
feature_2948,0.0
feature_2947,0.0
feature_2946,0.0
feature_2945,0.0
feature_2944,0.0
feature_2943,0.0
feature_2942,0.0
feature_2941,0.0
feature_2928,0.0
feature_2939,0.0
feature_2938,0.0
feature_2937,0.0
feature_2936,0.0
feature_2935,0.0
feature_2934,0.0
feature_2933,0.0
feature_187,0.0
feature_2931,0.0
feature_2930,0.0
feature_2929,0.0
feature_2940,0.0
feature_3065,0.0
feature_3064,0.0
feature_3063,0.0
feature_3062,0.0
feature_3061,0.0
feature_3060,0.0
feature_3059,0.0
feature_3058,0.0
feature_3057,0.0
feature_3056,0.0
feature_2997,0.0
feature_3054,0.0
feature_3053,0.0
feature_3052,0.0
feature_3051,0.0
feature_3050,0.0
feature_3049,0.0
feature_3048,0.0
feature_3047,0.0
feature_3046,0.0
feature_3045,0.0
feature_3044,0.0
feature_3055,0.0
feature_3089,0.0
feature_3088,0.0
feature_3087,0.0
feature_3086,0.0
feature_3085,0.0
feature_3084,0.0
feature_3083,0.0
feature_3081,0.0
feature_3080,0.0
feature_3079,0.0
feature_3066,0.0
feature_3077,0.0
feature_3076,0.0
feature_3075,0.0
feature_3074,0.0
feature_3073,0.0
feature_3072,0.0
feature_3071,0.0
feature_3070,0.0
feature_3069,0.0
feature_3068,0.0
feature_3067,0.0
feature_3078,0.0
feature_3019,0.0
feature_3018,0.0
feature_3017,0.0
feature_3016,0.0
feature_3015,0.0
feature_3014,0.0
feature_3013,0.0
feature_3012,0.0
feature_3011,0.0
feature_3010,0.0
feature_3043,0.0
feature_3008,0.0
feature_3007,0.0
feature_3006,0.0
feature_3005,0.0
feature_3004,0.0
feature_3003,0.0
feature_3002,0.0
feature_3001,0.0
feature_3000,0.0
feature_2999,0.0
feature_2998,0.0
feature_3009,0.0
feature_3042,0.0
feature_3041,0.0
feature_3040,0.0
feature_184,0.0
feature_3038,0.0
feature_3037,0.0
feature_3036,0.0
feature_3035,0.0
feature_3034,0.0
feature_3033,0.0
feature_3020,0.0
feature_3031,0.0
feature_3030,0.0
feature_3029,0.0
feature_3028,0.0
feature_3027,0.0
feature_3026,0.0
feature_3025,0.0
feature_3024,0.0
feature_3023,0.0
feature_3022,0.0
feature_3021,0.0
feature_3032,0.0
feature_2051,0.0
feature_2050,0.0
feature_2049,0.0
feature_230,0.0
feature_2047,0.0
feature_2046,0.0
feature_2045,0.0
feature_2044,0.0
feature_2043,0.0
feature_2042,0.0
feature_2537,0.0
feature_2040,0.0
feature_2039,0.0
feature_2038,0.0
feature_2037,0.0
feature_2036,0.0
feature_2035,0.0
feature_2033,0.0
feature_2032,0.0
feature_232,0.0
feature_2030,0.0
feature_2041,0.0
feature_2074,0.0
feature_2073,0.0
feature_2072,0.0
feature_2071,0.0
feature_2070,0.0
feature_2069,0.0
feature_2068,0.0
feature_2067,0.0
feature_228,0.0
feature_2065,0.0
feature_2052,0.0
feature_2063,0.0
feature_2062,0.0
feature_2061,0.0
feature_2060,0.0
feature_229,0.0
feature_2058,0.0
feature_2057,0.0
feature_2056,0.0
feature_2055,0.0
feature_2054,0.0
feature_2053,0.0
feature_2064,0.0
feature_2005,0.0
feature_2004,0.0
feature_2003,0.0
feature_2002,0.0
feature_2001,0.0
feature_2000,0.0
feature_1999,0.0
feature_1998,0.0
feature_1997,0.0
feature_1996,0.0
feature_2029,0.0
feature_1994,0.0
feature_1993,0.0
feature_1992,0.0
feature_1991,0.0
feature_1990,0.0
feature_1989,0.0
feature_1988,0.0
feature_1987,0.0
feature_1986,0.0
feature_1985,0.0
feature_1984,0.0
feature_1995,0.0
feature_2028,0.0
feature_2027,0.0
feature_2026,0.0
feature_2025,0.0
feature_2024,0.0
feature_2023,0.0
feature_2022,0.0
feature_2021,0.0
feature_233,0.0
feature_234,0.0
feature_2006,0.0
feature_2017,0.0
feature_2016,0.0
feature_2015,0.0
feature_2014,0.0
feature_2013,0.0
feature_2012,0.0
feature_2011,0.0
feature_2010,0.0
feature_2009,0.0
feature_2008,0.0
feature_2007,0.0
feature_2018,0.0
feature_2143,0.0
feature_2142,0.0
feature_2141,0.0
feature_224,0.0
feature_2139,0.0
feature_2138,0.0
feature_2137,0.0
feature_2136,0.0
feature_225,0.0
feature_2134,0.0
feature_2075,0.0
feature_2132,0.0
feature_2131,0.0
feature_2130,0.0
feature_2129,0.0
feature_2128,0.0
feature_2127,0.0
feature_2126,0.0
feature_2125,0.0
feature_2124,0.0
feature_2123,0.0
feature_2122,0.0
feature_2133,0.0
feature_2166,0.0
feature_2165,0.0
feature_2164,0.0
feature_2163,0.0
feature_2162,0.0
feature_2161,0.0
feature_2160,0.0
feature_2159,0.0
feature_2158,0.0
feature_2157,0.0
feature_2144,0.0
feature_2155,0.0
feature_2154,0.0
feature_2153,0.0
feature_2152,0.0
feature_2151,0.0
feature_2150,0.0
feature_2149,0.0
feature_2148,0.0
feature_2147,0.0
feature_2146,0.0
feature_2145,0.0
feature_2156,0.0
feature_2097,0.0
feature_2096,0.0
feature_226,0.0
feature_2094,0.0
feature_2093,0.0
feature_2092,0.0
feature_2091,0.0
feature_2090,0.0
feature_2089,0.0
feature_2088,0.0
feature_2121,0.0
feature_2086,0.0
feature_2085,0.0
feature_227,0.0
feature_2083,0.0
feature_2082,0.0
feature_2081,0.0
feature_2080,0.0
feature_2079,0.0
feature_2078,0.0
feature_2077,0.0
feature_2076,0.0
feature_2087,0.0
feature_2120,0.0
feature_2119,0.0
feature_2118,0.0
feature_2117,0.0
feature_2116,0.0
feature_2115,0.0
feature_2114,0.0
feature_2113,0.0
feature_2112,0.0
feature_2111,0.0
feature_2098,0.0
feature_2109,0.0
feature_2108,0.0
feature_2107,0.0
feature_2106,0.0
feature_2105,0.0
feature_2104,0.0
feature_2103,0.0
feature_2102,0.0
feature_2101,0.0
feature_2100,0.0
feature_2099,0.0
feature_2110,0.0
feature_1866,0.0
feature_244,0.0
feature_245,0.0
feature_1863,0.0
feature_1862,0.0
feature_247,0.0
feature_1860,0.0
feature_1859,0.0
feature_1857,0.0
feature_1856,0.0
feature_1983,0.0
feature_249,0.0
feature_250,0.0
feature_1852,0.0
feature_1851,0.0
feature_1850,0.0
feature_1849,0.0
feature_1848,0.0
feature_1847,0.0
feature_1846,0.0
feature_1845,0.0
feature_1844,0.0
feature_1855,0.0
feature_1889,0.0
feature_1888,0.0
feature_1887,0.0
feature_1886,0.0
feature_1885,0.0
feature_1884,0.0
feature_1883,0.0
feature_1882,0.0
feature_1881,0.0
feature_242,0.0
feature_1867,0.0
feature_1878,0.0
feature_1877,0.0
feature_1876,0.0
feature_1875,0.0
feature_1874,0.0
feature_1873,0.0
feature_1872,0.0
feature_1871,0.0
feature_1870,0.0
feature_1869,0.0
feature_1868,0.0
feature_243,0.0
feature_1819,0.0
feature_1818,0.0
feature_1817,0.0
feature_1816,0.0
feature_1815,0.0
feature_1814,0.0
feature_1813,0.0
feature_1812,0.0
feature_1811,0.0
feature_1810,0.0
feature_252,0.0
feature_1808,0.0
feature_1807,0.0
feature_1806,0.0
feature_1805,0.0
feature_1804,0.0
feature_1803,0.0
feature_1802,0.0
feature_1801,0.0
feature_1800,0.0
feature_1799,0.0
feature_1798,0.0
feature_1809,0.0
feature_1842,0.0
feature_1841,0.0
feature_1840,0.0
feature_1839,0.0
feature_1838,0.0
feature_1837,0.0
feature_1836,0.0
feature_1835,0.0
feature_1834,0.0
feature_1833,0.0
feature_1820,0.0
feature_1831,0.0
feature_1830,0.0
feature_1829,0.0
feature_1828,0.0
feature_1827,0.0
feature_1826,0.0
feature_1825,0.0
feature_1824,0.0
feature_1823,0.0
feature_1822,0.0
feature_1821,0.0
feature_1832,0.0
feature_235,0.0
feature_1958,0.0
feature_1957,0.0
feature_1956,0.0
feature_1955,0.0
feature_1954,0.0
feature_1953,0.0
feature_1952,0.0
feature_1951,0.0
feature_1950,0.0
feature_1890,0.0
feature_1948,0.0
feature_1947,0.0
feature_1946,0.0
feature_1945,0.0
feature_1944,0.0
feature_1943,0.0
feature_1942,0.0
feature_1941,0.0
feature_1940,0.0
feature_1939,0.0
feature_1938,0.0
feature_1949,0.0
feature_1982,0.0
feature_1981,0.0
feature_1980,0.0
feature_1979,0.0
feature_1978,0.0
feature_1977,0.0
feature_1976,0.0
feature_1975,0.0
feature_1974,0.0
feature_1973,0.0
feature_1960,0.0
feature_1971,0.0
feature_1970,0.0
feature_1969,0.0
feature_1968,0.0
feature_1967,0.0
feature_1966,0.0
feature_1965,0.0
feature_1964,0.0
feature_1963,0.0
feature_1962,0.0
feature_1961,0.0
feature_1972,0.0
feature_1912,0.0
feature_1911,0.0
feature_1910,0.0
feature_1909,0.0
feature_1908,0.0
feature_1907,0.0
feature_1906,0.0
feature_1905,0.0
feature_239,0.0
feature_1903,0.0
feature_1937,0.0
feature_1901,0.0
feature_1900,0.0
feature_1899,0.0
feature_1898,0.0
feature_1897,0.0
feature_240,0.0
feature_1895,0.0
feature_241,0.0
feature_1893,0.0
feature_1892,0.0
feature_1891,0.0
feature_1902,0.0
feature_1936,0.0
feature_1935,0.0
feature_1934,0.0
feature_1933,0.0
feature_1931,0.0
feature_1930,0.0
feature_1929,0.0
feature_1928,0.0
feature_1927,0.0
feature_1926,0.0
feature_1913,0.0
feature_237,0.0
feature_1923,0.0
feature_1922,0.0
feature_1921,0.0
feature_1920,0.0
feature_1919,0.0
feature_1918,0.0
feature_238,0.0
feature_1916,0.0
feature_1915,0.0
feature_1914,0.0
feature_236,0.0
feature_2419,0.0
feature_2418,0.0
feature_2417,0.0
feature_2416,0.0
feature_2415,0.0
feature_2414,0.0
feature_213,0.0
feature_2412,0.0
feature_2411,0.0
feature_2410,0.0
feature_2167,0.0
feature_2408,0.0
feature_2407,0.0
feature_2406,0.0
feature_2405,0.0
feature_2404,0.0
feature_2403,0.0
feature_2402,0.0
feature_2401,0.0
feature_2400,0.0
feature_2399,0.0
feature_2398,0.0
feature_2409,0.0
feature_2442,0.0
feature_2441,0.0
feature_2440,0.0
feature_2439,0.0
feature_2438,0.0
feature_2437,0.0
feature_2436,0.0
feature_2435,0.0
feature_2434,0.0
feature_2433,0.0
feature_2420,0.0
feature_2431,0.0
feature_2430,0.0
feature_2429,0.0
feature_2428,0.0
feature_2427,0.0
feature_2426,0.0
feature_2425,0.0
feature_2424,0.0
feature_2423,0.0
feature_2422,0.0
feature_2421,0.0
feature_2432,0.0
feature_2373,0.0
feature_2372,0.0
feature_2371,0.0
feature_2370,0.0
feature_2369,0.0
feature_2368,0.0
feature_2367,0.0
feature_2366,0.0
feature_2365,0.0
feature_2364,0.0
feature_2397,0.0
feature_2362,0.0
feature_2361,0.0
feature_2360,0.0
feature_2359,0.0
feature_2358,0.0
feature_2357,0.0
feature_2356,0.0
feature_2355,0.0
feature_2354,0.0
feature_2353,0.0
feature_2352,0.0
feature_2363,0.0
feature_2396,0.0
feature_2395,0.0
feature_2394,0.0
feature_2393,0.0
feature_2392,0.0
feature_2391,0.0
feature_2390,0.0
feature_2389,0.0
feature_2388,0.0
feature_2387,0.0
feature_2374,0.0
feature_2385,0.0
feature_2384,0.0
feature_2383,0.0
feature_2382,0.0
feature_2381,0.0
feature_2380,0.0
feature_2379,0.0
feature_2378,0.0
feature_2377,0.0
feature_2376,0.0
feature_2375,0.0
feature_2386,0.0
feature_2513,0.0
feature_2512,0.0
feature_2511,0.0
feature_2510,0.0
feature_2509,0.0
feature_2508,0.0
feature_2507,0.0
feature_2506,0.0
feature_2505,0.0
feature_2504,0.0
feature_2443,0.0
feature_2502,0.0
feature_2501,0.0
feature_2500,0.0
feature_2499,0.0
feature_2498,0.0
feature_2497,0.0
feature_2496,0.0
feature_2495,0.0
feature_2494,0.0
feature_2493,0.0
feature_2492,0.0
feature_2503,0.0
feature_2536,0.0
feature_2535,0.0
feature_2534,0.0
feature_2533,0.0
feature_2532,0.0
feature_2531,0.0
feature_2530,0.0
feature_2529,0.0
feature_2528,0.0
feature_2527,0.0
feature_2514,0.0
feature_2525,0.0
feature_2524,0.0
feature_2523,0.0
feature_2522,0.0
feature_2521,0.0
feature_2520,0.0
feature_2519,0.0
feature_2518,0.0
feature_2517,0.0
feature_2516,0.0
feature_2515,0.0
feature_2526,0.0
feature_2467,0.0
feature_2466,0.0
feature_2465,0.0
feature_2464,0.0
feature_2463,0.0
feature_208,0.0
feature_210,0.0
feature_2460,0.0
feature_2459,0.0
feature_2458,0.0
feature_2491,0.0
feature_2456,0.0
feature_2455,0.0
feature_2453,0.0
feature_2452,0.0
feature_2451,0.0
feature_2450,0.0
feature_2448,0.0
feature_211,0.0
feature_2446,0.0
feature_212,0.0
feature_2444,0.0
feature_2457,0.0
feature_2490,0.0
feature_2489,0.0
feature_2488,0.0
feature_2487,0.0
feature_2486,0.0
feature_2485,0.0
feature_2484,0.0
feature_2483,0.0
feature_2482,0.0
feature_2481,0.0
feature_2468,0.0
feature_2479,0.0
feature_2478,0.0
feature_2477,0.0
feature_2476,0.0
feature_2475,0.0
feature_2474,0.0
feature_2473,0.0
feature_2472,0.0
feature_2471,0.0
feature_2470,0.0
feature_2469,0.0
feature_2480,0.0
feature_2235,0.0
feature_2234,0.0
feature_2233,0.0
feature_220,0.0
feature_2231,0.0
feature_2230,0.0
feature_2229,0.0
feature_2228,0.0
feature_2227,0.0
feature_2226,0.0
feature_2351,0.0
feature_2224,0.0
feature_2223,0.0
feature_2222,0.0
feature_2221,0.0
feature_2220,0.0
feature_2219,0.0
feature_2218,0.0
feature_2217,0.0
feature_2216,0.0
feature_2215,0.0
feature_2214,0.0
feature_2225,0.0
feature_2258,0.0
feature_2257,0.0
feature_2256,0.0
feature_2255,0.0
feature_2254,0.0
feature_2253,0.0
feature_2252,0.0
feature_2251,0.0
feature_2250,0.0
feature_2249,0.0
feature_2236,0.0
feature_2247,0.0
feature_2246,0.0
feature_2245,0.0
feature_2244,0.0
feature_2243,0.0
feature_2242,0.0
feature_2241,0.0
feature_2240,0.0
feature_2239,0.0
feature_2238,0.0
feature_2237,0.0
feature_2248,0.0
feature_2189,0.0
feature_2188,0.0
feature_2187,0.0
feature_2186,0.0
feature_2185,0.0
feature_2184,0.0
feature_223,0.0
feature_2182,0.0
feature_2181,0.0
feature_2180,0.0
feature_2213,0.0
feature_2178,0.0
feature_2177,0.0
feature_2176,0.0
feature_2175,0.0
feature_2174,0.0
feature_2173,0.0
feature_2172,0.0
feature_2171,0.0
feature_2170,0.0
feature_2169,0.0
feature_2168,0.0
feature_2179,0.0
feature_2212,0.0
feature_2211,0.0
feature_2210,0.0
feature_2209,0.0
feature_2208,0.0
feature_2207,0.0
feature_2206,0.0
feature_2205,0.0
feature_2204,0.0
feature_2203,0.0
feature_2190,0.0
feature_2201,0.0
feature_2200,0.0
feature_2199,0.0
feature_2198,0.0
feature_2197,0.0
feature_222,0.0
feature_2195,0.0
feature_2194,0.0
feature_2193,0.0
feature_2192,0.0
feature_2191,0.0
feature_221,0.0
feature_2327,0.0
feature_2326,0.0
feature_216,0.0
feature_2324,0.0
feature_2323,0.0
feature_2322,0.0
feature_2321,0.0
feature_2320,0.0
feature_2319,0.0
feature_2318,0.0
feature_2259,0.0
feature_2316,0.0
feature_2315,0.0
feature_2314,0.0
feature_2313,0.0
feature_2312,0.0
feature_2311,0.0
feature_2310,0.0
feature_2309,0.0
feature_2308,0.0
feature_2307,0.0
feature_2306,0.0
feature_2317,0.0
feature_214,0.0
feature_2349,0.0
feature_2348,0.0
feature_2347,0.0
feature_2346,0.0
feature_2345,0.0
feature_2344,0.0
feature_2343,0.0
feature_2342,0.0
feature_2341,0.0
feature_2328,0.0
feature_215,0.0
feature_2338,0.0
feature_2337,0.0
feature_2336,0.0
feature_2335,0.0
feature_2334,0.0
feature_2333,0.0
feature_2332,0.0
feature_2331,0.0
feature_2330,0.0
feature_2329,0.0
feature_2340,0.0
feature_2281,0.0
feature_2280,0.0
feature_217,0.0
feature_2278,0.0
feature_2277,0.0
feature_2276,0.0
feature_218,0.0
feature_219,0.0
feature_2273,0.0
feature_2272,0.0
feature_2305,0.0
feature_2270,0.0
feature_2269,0.0
feature_2268,0.0
feature_2267,0.0
feature_2266,0.0
feature_2265,0.0
feature_2264,0.0
feature_2263,0.0
feature_2262,0.0
feature_2261,0.0
feature_2260,0.0
feature_2271,0.0
feature_2304,0.0
feature_2303,0.0
feature_2302,0.0
feature_2301,0.0
feature_2300,0.0
feature_2299,0.0
feature_2298,0.0
feature_2297,0.0
feature_2296,0.0
feature_2295,0.0
feature_2282,0.0
feature_2293,0.0
feature_2292,0.0
feature_2291,0.0
feature_2290,0.0
feature_2289,0.0
feature_2288,0.0
feature_2287,0.0
feature_2286,0.0
feature_2285,0.0
feature_2284,0.0
feature_2283,0.0
feature_2294,0.0
